"sample","contrs","spec_d","spec_u","spec_m","hetero","design","ft_pt_cf","numerator","denom1","denom2","denom3","denom4","mvpf_1","mvpf_2","mvpf_3","mvpf_4"
0,0,0,0,0,0,0,1,621.159325402022,760.587008713685,609.493060843702,734.824335912052,734.82442007877,0.816684111463506,1.01914093089455,0.845316758094367,0.845316661271867
0,0,0,0,0,0,0,2,620.927464801289,760.587008713685,776.012264867683,996.974858785336,996.974942952055,0.816379267181292,0.800151612174793,0.622811557713497,0.622811505134438
0,0,0,0,0,0,0,3,620.927464801289,760.587008713685,886.65112732009,1161.36317338456,1161.36325755128,0.816379267181292,0.70030640650968,0.534653998879368,0.534653960131739
0,0,0,0,0,1,0,1,621.152334962617,760.587008713685,631.449682540181,743.725330488334,743.725417851953,0.816674920615747,0.983692528696603,0.835190505821236,0.835190407713435
0,0,0,0,0,1,0,2,621.010942296923,760.587008713685,789.341729707159,992.494604999997,992.494692363616,0.816489021219525,0.786745358727347,0.625707121397325,0.625707066319913
0,0,0,0,0,1,0,3,621.010942296923,760.587008713685,893.117855826123,1146.67026563339,1146.67035299701,0.816489021219525,0.695329220265668,0.541577610328887,0.541577569066654
0,0,0,0,0,2,0,1,619.86319556929,760.587008713685,635.494675534315,745.681986540789,745.682035518036,0.814979993699354,0.975402657855657,0.831270175165191,0.831270120566418
0,0,0,0,0,2,0,2,619.648220045747,760.587008713685,797.830962440177,996.458165727429,996.458214704675,0.814697349477088,0.776666047342339,0.621850712210677,0.621850681645888
0,0,0,0,0,2,0,3,619.648220045747,760.587008713685,901.380910929,1149.75247623768,1149.75252521493,0.814697349477088,0.687443246836803,0.5389405396833,0.538940516725469
0,0,0,0,1,0,0,1,624.466039707783,760.587008713685,562.99359427249,712.753620108993,712.753702299692,0.8210316933547,1.10918853440016,0.876131698373263,0.876131597342742
0,0,0,0,1,0,0,2,624.206312683019,760.587008713685,749.526093931572,1006.41099497518,1006.41107716588,0.820690211023569,0.83280130970331,0.620230021134074,0.620229970481671
0,0,0,0,1,0,0,3,624.206312683019,760.587008713685,873.46221105181,1190.55650189534,1190.55658408604,0.820690211023569,0.714634594130133,0.524297932680472,0.524297896485289
0,0,0,0,1,1,0,1,627.802652821273,760.587008713685,584.002958526783,720.738895258851,720.738979552051,0.825418585419992,1.07499909658845,0.87105421526585,0.871054113392703
0,0,0,0,1,1,0,2,627.591195626732,760.587008713685,758.984180415691,996.29788682968,996.297971122881,0.825140567005112,0.826883104840215,0.629923242760045,0.629923189464497
0,0,0,0,1,1,0,3,627.591195626732,760.587008713685,874.762726417212,1168.31621071829,1168.31629501149,0.825140567005112,0.71744162922576,0.537175800411848,0.537175761654991
0,0,0,0,1,2,0,1,633.284243758042,760.587008713685,618.477310450959,741.832962854008,741.832976266969,0.832625638490803,1.02394094828845,0.853674985432902,0.853674969997743
0,0,0,0,1,2,0,2,633.06879793247,760.587008713685,787.083765266227,1003.4323270654,1003.43234047836,0.832342375927673,0.804322012306197,0.630903331352616,0.63090332291928
0,0,0,0,1,2,0,3,633.06879793247,760.587008713685,895.325312468841,1163.91173048711,1163.91174390008,0.832342375927673,0.707082430392587,0.543914784386202,0.543914778118108
0,0,0,1,0,0,0,1,625.537138865951,760.587008713685,595.413565611757,727.108337110251,727.108418641822,0.822439946645772,1.05059268883678,0.860308026933132,0.860307930465723
0,0,0,1,0,0,0,2,625.300017999449,760.587008713685,765.710622647189,995.206319005425,995.206400536997,0.822128186303057,0.816627064461615,0.628311945028999,0.628311893554993
0,0,0,1,0,0,0,3,625.300017999449,760.587008713685,878.859570120416,1163.32414272041,1163.32422425198,0.822128186303057,0.711490253117201,0.537511425265531,0.537511387594046
0,0,0,1,0,1,0,1,626.372279602449,760.587008713685,626.390277642743,739.674393724931,739.674478328095,0.823537967946334,0.999971267050374,0.846821635190177,0.846821538331639
0,0,0,1,0,1,0,2,626.228007606696,760.587008713685,783.172673518138,986.713903318571,986.713987921734,0.823348282881904,0.799604006602502,0.634660163904179,0.634660109486933
0,0,0,1,0,1,0,3,626.228007606696,760.587008713685,886.156708371406,1139.71326867432,1139.71335327748,0.823348282881904,0.706678628837092,0.549461013413582,0.54946097262601
0,0,0,1,0,2,0,1,629.542494578129,760.587008713685,624.712228281458,751.691799163777,751.691834331623,0.827706084071591,1.00773198614978,0.837500815199084,0.837500776016671
0,0,0,1,0,2,0,2,629.326774537134,760.587008713685,797.625309294667,1019.89539788525,1019.8954330531,0.82742246097716,0.789000508388634,0.617050313043906,0.617050291766891
0,0,0,1,0,2,0,3,629.326774537134,760.587008713685,908.401834828684,1184.17291489158,1184.17295005943,0.82742246097716,0.692784570008953,0.531448377701453,0.531448361918375
0,0,0,1,1,0,0,1,627.523412012864,760.587008713685,567.43168075829,713.827991520291,713.82807186493,0.825051446874093,1.10590126228812,0.879096112042878,0.879096013096559
0,0,0,1,1,0,0,2,627.269518638994,760.587008713685,749.774529824812,1000.88961606486,1000.8896964095,0.824717634475298,0.836610865916661,0.626711985588571,0.626711935280381
0,0,0,1,1,0,0,3,627.269518638994,760.587008713685,870.926954947777,1180.89908592127,1180.89916626591,0.824717634475298,0.720232064325769,0.53117961231178,0.531179576172002
0,0,0,1,1,1,0,1,631.499799194853,760.587008713685,584.309828217389,719.643975368488,719.64405763334,0.830279497230506,1.08076189839461,0.877516967847189,0.877516867535372
0,0,0,1,1,1,0,2,631.291023316525,760.587008713685,756.677480419041,991.100939824037,991.101022088889,0.830005004140385,0.83429339401897,0.636959363017662,0.636959310147807
0,0,0,1,1,1,0,3,631.291023316525,760.587008713685,870.671017551325,1160.46711850038,1160.46720076524,0.830005004140385,0.7250626362779,0.543997338013603,0.543997299449945
0,0,0,1,1,2,0,1,639.610904811783,760.587008713685,611.478148726647,746.843109501683,746.843115545441,0.840943767753148,1.04600778644947,0.856419369308436,0.856419362377942
0,0,0,1,1,2,0,2,639.394821241765,760.587008713685,787.841687784212,1021.18197842388,1021.18198446764,0.840659666700222,0.811577796854149,0.626132104513463,0.626132100807766
0,0,0,1,1,2,0,3,639.394821241765,760.587008713685,901.351538704468,1189.66265801751,1189.66266406127,0.840659666700222,0.709373417347,0.537458931683432,0.537458928953018
0,0,0,0,0,0,1,1,688.097450546226,760.587008713685,854.224678180192,825.265322052359,825.265369788874,0.904692615917731,0.805522795258179,0.83378936707893,0.833789318849355
0,0,0,0,0,0,1,2,688.091746890482,760.587008713685,858.344366606499,831.759416178248,831.759463914763,0.904685116899633,0.801649982990955,0.827272566449699,0.827272518970697
0,0,0,0,0,0,1,3,688.091746890482,760.587008713685,861.085261227352,835.832100426713,835.832148163228,0.904685116899633,0.799098275018327,0.823241589476157,0.823241542458722
0,0,0,0,0,1,1,1,687.997053005605,760.587008713685,752.834463666551,776.290585186352,776.290647730794,0.904560615844799,0.913875607732985,0.886262265876184,0.886262194471512
0,0,0,0,0,1,1,2,687.94642267633,760.587008713685,806.21589558505,860.753425567721,860.753488112163,0.904494048405841,0.853302975597008,0.799237507794507,0.799237449719965
0,0,0,0,0,1,1,3,687.94642267633,760.587008713685,840.389539245429,911.524875750835,911.524938295278,0.904494048405841,0.818604219293383,0.754720404212402,0.754720352427129
0,0,0,0,0,2,1,1,661.560719620589,760.587008713685,706.020610260734,752.758339953564,752.758481703458,0.869802812881894,0.93702748900811,0.878848741365521,0.878848575871915
0,0,0,0,0,2,1,2,661.435014598183,760.587008713685,780.223867983909,871.689364079325,871.689505829219,0.869637539190698,0.847750295447031,0.758796701961356,0.758796578569539
0,0,0,0,0,2,1,3,661.435014598183,760.587008713685,831.946074276743,948.599203827273,948.599345577166,0.869637539190698,0.795045538466187,0.697275532099879,0.697275427905487
0,0,1,0,0,0,0,1,624.348675633347,760.587008713685,573.423486980528,717.513062344721,717.51314460203,0.820877386124769,1.0888090387106,0.870156528709139,0.870156428952452
0,0,1,0,0,0,0,2,624.095786585585,760.587008713685,755.045042374868,1003.43915712012,1003.43923937743,0.820544894187798,0.826567623863334,0.621956779498961,0.621956728513821
0,0,1,0,0,0,0,3,624.095786585585,760.587008713685,875.718224807165,1182.7365634533,1182.73664571061,0.820544894187798,0.71266734996067,0.527671001193517,0.527670964494902
0,0,1,0,0,1,0,1,624.377753083626,760.587008713685,612.875847519219,733.372774854065,733.372861449363,0.820915616399473,1.01876710529704,0.851378418305577,0.851378317776403
0,0,1,0,0,1,0,2,624.227350164081,760.587008713685,777.957338198704,993.586383264084,993.586469859382,0.820717870556036,0.802392778515886,0.628256748158523,0.628256693403268
0,0,1,0,0,1,0,3,624.227350164081,760.587008713685,885.981426042209,1154.0722168385,1154.07230343379,0.820717870556036,0.704560312232034,0.540891064749926,0.540891024164408
0,0,1,0,0,2,0,1,625.05351556862,760.587008713685,610.428135212436,733.178558858008,733.178605684222,0.821804091323777,1.02395921733046,0.852525633785851,0.852525579337252
0,0,1,0,0,2,0,2,624.826431030248,760.587008713685,779.65485470096,996.105968527348,996.106015353562,0.821505526484029,0.801414147892279,0.627269036399809,0.627269006912351
0,0,1,0,0,2,0,3,624.826431030248,760.587008713685,888.940372260093,1158.07988389287,1158.07993071908,0.821505526484029,0.7028890244254,0.539536555051715,0.539536533235902
0,0,1,0,1,0,0,1,618.684710500445,760.587008713685,554.601407628293,710.722040634898,710.722126316401,0.813430552208317,1.11554839564183,0.870501652021042,0.870501547077229
0,0,1,0,1,0,0,2,618.413952350608,760.587008713685,749.056314806748,1016.85163025729,1016.85171593879,0.813074566441093,0.825590733468624,0.608165374327162,0.608165323082204
0,0,1,0,1,0,0,3,618.413952350608,760.587008713685,878.256246157697,1208.81816435153,1208.81825003303,0.813074566441093,0.704138404999818,0.511585588790649,0.511585552529266
0,0,1,0,1,1,0,1,622.524843401518,760.587008713685,559.000033878344,710.592236468127,710.592324003651,0.818479458983056,1.11364008170525,0.876064797014485,0.876064689094952
0,0,1,0,1,1,0,2,622.287708059718,760.587008713685,749.666833810685,1010.90040197944,1010.90048951496,0.818167679608594,0.830085686059396,0.615577664071772,0.615577610767896
0,0,1,0,1,1,0,3,622.287708059718,760.587008713685,875.650699807093,1198.08199021903,1198.08207775455,0.818167679608594,0.71065746672367,0.519403273849358,0.519403235900173
0,0,1,0,1,2,0,1,629.436769899925,760.587008713685,606.649777897982,745.151943680879,745.151958262897,0.827567080016837,1.03756202150259,0.844709290820141,0.844709274289867
0,0,1,0,1,2,0,2,629.208430765891,760.587008713685,790.112642112843,1030.38706557665,1030.38708015866,0.827266865667369,0.796352820128687,0.610652493404273,0.610652484762331
0,0,1,0,1,2,0,3,629.208430765891,760.587008713685,908.182853836105,1205.58111056597,1205.58112514799,0.827266865667369,0.692821305872661,0.52191298059614,0.52191297428338
0,0,1,1,0,0,0,1,626.536532440186,760.587008713685,565.999124805802,713.481198557747,713.48127949827,0.823753923301679,1.10695671597576,0.878140214075279,0.878140114455106
0,0,1,1,0,0,0,2,626.280756040525,760.587008713685,749.694337985646,1002.67184456564,1002.67192550617,0.823417635149593,0.83538146723007,0.624611890156176,0.624611839734486
0,0,1,1,0,0,0,3,626.280756040525,760.587008713685,871.74530227709,1184.01637279334,1184.01645373386,0.823417635149593,0.718421716073049,0.52894602678762,0.528945990628352
0,0,1,1,0,1,0,1,627.900543393446,760.587008713685,597.047023302587,725.018547554706,725.018632299185,0.825547289396067,1.05167686779542,0.866047559074436,0.866047457845659
0,0,1,1,0,1,0,2,627.732945229085,760.587008713685,767.191908809456,993.2087122078,993.208796952279,0.825326935692361,0.818221540166155,0.632025210324323,0.632025156397448
0,0,1,1,0,1,0,3,627.732945229085,760.587008713685,878.596454372633,1158.71899820317,1158.71908294765,0.825326935692361,0.714472431689155,0.541747348755404,0.541747309133982
0,0,1,1,0,2,0,1,631.169259009867,760.587008713685,592.061951048044,735.15343514335,735.153472760794,0.829844911599672,1.06605272960473,0.85855445793679,0.858554414004977
0,0,1,1,0,2,0,2,630.933345974538,760.587008713685,776.276848242626,1022.38663533915,1022.3866729566,0.82953473928194,0.812768469654706,0.617118147055239,0.617118124349145
0,0,1,1,0,2,0,3,630.933345974538,760.587008713685,895.726500816842,1199.68005105106,1199.68008866851,0.82953473928194,0.70438168949916,0.525918010741083,0.525917994250278
0,0,1,1,1,0,0,1,621.125704085217,760.587008713685,558.144757786367,711.579814389924,711.579898597539,0.816639907031377,1.11283980619765,0.872882692179432,0.872882588883414
0,0,1,1,1,0,0,2,620.859603498472,760.587008713685,749.254665011144,1012.4433838436,1012.44346805122,0.816290044906864,0.828636286821434,0.613228960163148,0.613228909159265
0,0,1,1,1,0,0,3,620.859603498472,760.587008713685,876.232108019396,1201.107722807,1201.10780701462,0.816290044906864,0.708556098111767,0.516905845919895,0.516905809680509
0,0,1,1,1,1,0,1,625.606168562271,760.587008713685,563.401879060482,711.580674687691,711.580760530384,0.822530705093563,1.11040838132368,0.879178132313453,0.879178026252382
0,0,1,1,1,1,0,2,625.375923169754,760.587008713685,749.928606677106,1005.38005014036,1005.38013598305,0.822227984445065,0.833913945409767,0.622029373949132,0.6220293208382
0,0,1,1,1,1,0,3,625.375923169754,760.587008713685,873.120361186675,1188.41280010602,1188.41288594871,0.822227984445065,0.716253967917772,0.526227858799537,0.526227820788492
0,0,1,1,1,2,0,1,634.014176869502,760.587008713685,593.231204698066,745.834779173719,745.834789643856,0.833585335544654,1.06874717959618,0.850073226099621,0.85007321416617
0,0,1,1,1,2,0,2,633.779629632008,760.587008713685,786.708545963274,1047.39745285475,1047.39746332489,0.833276958942363,0.805609183838197,0.605099456662416,0.605099450613638
0,0,1,1,1,2,0,3,633.779629632008,760.587008713685,911.652088392622,1232.95849574474,1232.95850621488,0.833276958942363,0.695199010347748,0.51403160107931,0.514031596714215
0,0,1,0,0,0,1,1,693.277476350888,760.587008713685,836.383563134607,815.505982332474,815.50602666258,0.911503179002976,0.828898972802162,0.850119424468238,0.850119378256582
0,0,1,0,0,0,1,2,693.264904431334,760.587008713685,845.464123710158,829.820175298354,829.820219628459,0.911486649770409,0.819981457508892,0.835439924296945,0.835439879666627
0,0,1,0,0,0,1,3,693.264904431334,760.587008713685,851.505565940819,838.797129911504,838.797174241609,0.911486649770409,0.814163679206669,0.826498899089552,0.826498855409406
0,0,1,0,0,1,1,1,693.135197557834,760.587008713685,742.016127584558,769.411397828094,769.41145804603,0.911316114549568,0.934124167643306,0.900864218432982,0.900864147926904
0,0,1,0,0,1,1,2,693.099990124845,760.587008713685,797.656621585639,857.513414062279,857.513474280215,0.911269824733169,0.868920248849751,0.808267227962579,0.808267171202906
0,0,1,0,0,1,1,3,693.099990124845,760.587008713685,832.969708565467,909.974761232247,909.974821450183,0.911269824733169,0.832083067364473,0.761669465630322,0.76166941522655
0,0,1,0,0,2,1,1,667.174568405159,760.587008713685,682.271661371765,737.676955085955,737.677099425266,0.877183755128152,0.977872314180173,0.904426475309126,0.90442629834241
0,0,1,0,0,2,1,2,667.038843227675,760.587008713685,761.33636966947,864.488796032831,864.488940372141,0.877005307197897,0.876142096715105,0.771599176633335,0.771599047803355
0,0,1,0,0,2,1,3,667.038843227675,760.587008713685,816.577596504813,946.626892935493,946.627037274803,0.877005307197897,0.81687134949917,0.704648101808291,0.70464799436532
0,1,0,0,0,0,0,1,628.918339884978,760.587008713685,594.691057385804,725.746466651167,725.746546143409,0.826885461728584,1.05755472875216,0.866581332165507,0.866581237247394
0,1,0,0,0,0,0,2,628.683919393152,760.587008713685,763.048741194266,990.791300962094,990.791380454335,0.826577251768197,0.823910564886305,0.634527088381455,0.634527037472675
0,1,0,0,0,0,0,3,628.683919393152,760.587008713685,874.90912829417,1156.99456894743,1156.99464843967,0.826577251768197,0.718570533855226,0.543376724719714,0.543376687386582
0,1,0,0,0,1,0,1,628.896540206431,760.587008713685,624.991645769219,738.185057319983,738.185140450715,0.826856800078704,1.00624791461397,0.851949702815267,0.851949606872938
0,1,0,0,0,1,0,2,628.767665502383,760.587008713685,781.049405972243,984.108437499017,984.108520629748,0.826687358972595,0.80502931145527,0.638921120420747,0.638921066449078
0,1,0,0,0,1,0,3,628.767665502383,760.587008713685,883.395034667869,1136.15645690832,1136.15654003905,0.826687358972595,0.711762734481275,0.553416443377322,0.553416402884739
0,1,0,0,0,2,0,1,627.983451980004,760.587008713685,628.556418865193,739.648589882271,739.648636396553,0.825656295447457,0.99908844000635,0.849029472333557,0.849029418940642
0,1,0,0,0,2,0,2,627.771460545888,760.587008713685,787.16002448844,985.253991488011,985.254038002293,0.825377574628291,0.79751440751055,0.637167132505371,0.637167102424427
0,1,0,0,0,2,0,3,627.771460545888,760.587008713685,888.883311421901,1135.91118094076,1135.91122745505,0.825377574628291,0.706247324569154,0.552658932387624,0.552658909756865
0,1,0,0,1,0,0,1,625.77690344178,760.587008713685,564.896446147254,713.21426224851,713.214343647702,0.822755182868692,1.10777277447884,0.87740379934205,0.877403699203906
0,1,0,0,1,0,0,2,625.519677624141,760.587008713685,749.632612068774,1004.04367603167,1004.04375743086,0.822416989059579,0.834434985289505,0.623000465573782,0.623000415066288
0,1,0,0,1,0,0,3,625.519677624141,760.587008713685,872.375207261775,1186.41583628406,1186.41591768325,0.822416989059579,0.71703055338715,0.527234767519047,0.527234731345827
0,1,0,0,1,1,0,1,625.825850665409,760.587008713685,580.386689336741,719.888720959299,719.888805603757,0.822819537404161,1.07829118441809,0.869336930062545,0.869336827845991
0,1,0,0,1,1,0,2,625.623653520506,760.587008713685,758.619065369626,1000.55667183586,1000.55675648032,0.822553693861493,0.82468749083663,0.62527558021535,0.625275527318689
0,1,0,0,1,1,0,3,625.623653520506,760.587008713685,876.54465744377,1175.76276264968,1175.76284729414,0.822553693861493,0.713738482355235,0.532100244534544,0.532100206228063
0,1,0,0,1,2,0,1,634.831623409436,760.587008713685,612.546908741656,740.541007075372,740.541021948312,0.834660092976176,1.0363804214008,0.857253841912934,0.857253824695948
0,1,0,0,1,2,0,2,634.61330779611,760.587008713685,784.073214561859,1007.0486144433,1007.04862931624,0.834373057290811,0.809380165027998,0.63017147205642,0.630171462749519
0,1,0,0,1,2,0,3,634.61330779611,760.587008713685,894.474465625741,1170.79224082425,1170.79225569719,0.834373057290811,0.70948174842773,0.542037507311574,0.542037500425902
0,1,0,1,0,0,0,1,626.701902834179,760.587008713685,598.554275505884,728.174291968872,728.174372796569,0.823971347990896,1.04702602333682,0.860648212586128,0.860648117053772
0,1,0,1,0,0,0,2,626.467970358515,760.587008713685,766.561472588189,992.667356416011,992.667437243708,0.823663779661456,0.817244269064726,0.63109556923515,0.631095517848352
0,1,0,1,0,0,0,3,626.467970358515,760.587008713685,878.188988933551,1158.52462273421,1158.52470356191,0.823663779661456,0.713363499489193,0.540746357966911,0.540746320240238
0,1,0,1,0,1,0,1,627.028819988401,760.587008713685,629.698115138944,740.90691037249,740.906994531912,0.824401170155194,0.995760992313032,0.846299057560636,0.846298961429758
0,1,0,1,0,1,0,2,626.905265203543,760.587008713685,784.829847549132,985.373552891526,985.373637050948,0.824238723540353,0.798778572401704,0.636210768356755,0.636210714018859
0,1,0,1,0,1,0,3,626.905265203543,760.587008713685,886.540424065201,1136.47728285619,1136.47736701561,0.824238723540353,0.707136694713694,0.551621466315638,0.55162142546648
0,1,0,1,0,2,0,1,631.604504394666,760.587008713685,623.230677688383,750.853278317099,750.853309044488,0.830417160901609,1.01343615936453,0.841182322344376,0.841182287920427
0,1,0,1,0,2,0,2,631.389623889313,760.587008713685,795.949339372483,1018.79565231783,1018.79568304522,0.830134641606786,0.793253530918303,0.619741184066559,0.619741165374855
0,1,0,1,0,2,0,3,631.389623889313,760.587008713685,906.615755035813,1182.92142502198,1182.92145574937,0.830134641606786,0.696424720596623,0.533754491662522,0.533754477797796
0,1,0,1,1,0,0,1,624.364482051625,760.587008713685,562.846173017782,712.717932390427,712.718014642448,0.82089816799206,1.10929861831343,0.876033075185203,0.876032974085624
0,1,0,1,1,0,0,2,624.104561248723,760.587008713685,749.517841561724,1006.59440028043,1006.59448253245,0.820556430886477,0.832674723190465,0.62001592803899,0.620015877375526
0,1,0,1,1,0,0,3,624.104561248723,760.587008713685,873.546425416955,1190.87729518873,1190.87737744075,0.820556430886477,0.714449218827528,0.524071257190118,0.524071220993343
0,1,0,1,1,1,0,1,624.513245601406,760.587008713685,587.995655117002,723.682137970518,723.682223342405,0.821093758434806,1.06210520463308,0.86296622900322,0.862966127200173
0,1,0,1,1,1,0,2,624.321370223593,760.587008713685,763.622282973951,1000.26097200398,1000.26105737587,0.82084148568282,0.817578774406837,0.624158482333657,0.624158429061977
0,1,0,1,1,1,0,3,624.321370223593,760.587008713685,879.736761009463,1172.77477408963,1172.77485946152,0.82084148568282,0.709668389334111,0.532345497206167,0.532345458454194
0,1,0,1,1,2,0,1,636.776811799317,760.587008713685,604.918508214879,745.886598463602,745.886604999486,0.837217576035439,1.05266544691855,0.853717995618861,0.853717988138098
0,1,0,1,1,2,0,2,636.553478897545,760.587008713685,787.46889692943,1029.93450853769,1029.93451507357,0.836923943749832,0.808353804676798,0.618052384516499,0.618052380594387
0,1,0,1,1,2,0,3,636.553478897545,760.587008713685,905.020651157653,1204.42977240223,1204.42977893812,0.836923943749832,0.70335795993528,0.528510248985244,0.528510246117263
0,1,0,0,0,0,1,1,685.990081257846,760.587008713685,846.474264872751,822.320180047015,822.320229175795,0.901921901634898,0.810408667723607,0.834212874623391,0.834212824784097
0,1,0,0,0,0,1,2,685.977377907762,760.587008713685,855.649756288487,836.784017779153,836.784066907933,0.901905199600892,0.80170346904941,0.819778298022904,0.819778249892557
0,1,0,0,0,0,1,3,685.977377907762,760.587008713685,861.75435752592,845.854820105409,845.854869234189,0.901905199600892,0.796024263662779,0.810987135856572,0.810987088752974
0,1,0,0,0,1,1,1,685.876449964006,760.587008713685,752.440936235207,776.554493820008,776.554559505512,0.901772502167726,0.911535267333735,0.883230288952497,0.883230214243739
0,1,0,0,0,1,1,2,685.832485249489,760.587008713685,807.69589778951,864.007719112928,864.007784798432,0.901714698505537,0.849122159870398,0.793780506907541,0.79378044656101
0,1,0,0,0,1,1,3,685.832485249489,760.587008713685,842.942506785132,916.37191530318,916.371980988684,0.901714698505537,0.813617156246113,0.748421545658765,0.748421492011941
0,1,0,0,0,2,1,1,660.285953431631,760.587008713685,713.310102129797,758.954233136514,758.954374827833,0.868126783480453,0.925664660377238,0.869994427335732,0.869994264914034
0,1,0,0,0,2,1,2,660.163631105609,760.587008713685,787.525892976547,877.742907371529,877.743049062848,0.867965957270407,0.838275461153972,0.752115027716398,0.752114906304818
0,1,0,0,0,2,1,3,660.163631105609,760.587008713685,839.014146965982,954.314357984926,954.314499676245,0.867965957270407,0.786832538513055,0.691767472198126,0.691767369488332
0,1,1,0,0,0,0,1,632.447942766667,760.587008713685,574.580137408803,715.558488995902,715.558566367078,0.831526091717332,1.10071320185002,0.883852197259432,0.883852101691176
0,1,1,0,0,0,0,2,632.203445694706,760.587008713685,750.174687239261,991.996292800948,991.996370172124,0.831204633331691,0.842741639312432,0.63730424224636,0.637304192539546
0,1,1,0,0,0,0,3,632.203445694706,760.587008713685,866.843400376316,1165.34381910357,1165.34389647475,0.831204633331691,0.729316789422695,0.542503796159508,0.542503760140821
0,1,1,0,0,1,0,1,632.470616924917,760.587008713685,610.3264672169,729.667887761167,729.66796990283,0.831555903110362,1.03628246667557,0.866792451104736,0.866792353526417
0,1,1,0,0,1,0,2,632.33440047614,760.587008713685,771.353871086591,983.516657756975,983.516739898638,0.831376809269398,0.819772122988613,0.642932069822033,0.642932016125428
0,1,1,0,0,1,0,3,632.33440047614,760.587008713685,876.579277715389,1139.84249367864,1139.8425758203,0.831376809269398,0.721365901010323,0.554755945652975,0.554755905675019
0,1,1,0,0,2,0,1,633.34479292453,760.587008713685,606.278517435669,727.995866075508,727.995910161694,0.832705246958729,1.04464330288881,0.869984051336412,0.869983998651667
0,1,1,0,0,2,0,2,633.122791968469,760.587008713685,770.151565918134,983.099209633086,983.099253719271,0.832413365880669,0.822075575752019,0.644007019601576,0.644006990721671
0,1,1,0,0,2,0,3,633.122791968469,760.587008713685,876.454583672136,1140.70292285958,1140.70296694576,0.832413365880669,0.722368053933651,0.555028640043562,0.555028618592671
0,1,1,0,1,0,0,1,620.379533000015,760.587008713685,557.061614655965,711.317607238853,711.317691897011,0.815658860712345,1.1136641202305,0.872155457262142,0.872155353461723
0,1,1,0,1,0,0,2,620.112008673802,760.587008713685,749.194032657095,1013.79091135488,1013.79099601304,0.815307126692242,0.827705483016876,0.611676433205593,0.611676382126622
0,1,1,0,1,0,0,3,620.112008673802,760.587008713685,876.850853337154,1203.46467637319,1203.46476103135,0.815307126692242,0.707203518493202,0.515272297432607,0.515272261185594
0,1,1,0,1,1,0,1,620.908640201628,760.587008713685,557.83010645948,711.703055846772,711.703143535328,0.816354517087686,1.1130783961133,0.872426547983389,0.87242644049219
0,1,1,0,1,1,0,2,620.665070105767,760.587008713685,749.500667573738,1013.43640870498,1013.43649639354,0.81603427746609,0.828104759552738,0.61243612798447,0.612436074992852
0,1,1,0,1,1,0,3,620.665070105767,760.587008713685,876.816380344311,1202.59937330241,1202.59946099096,0.81603427746609,0.70786208380601,0.516102938255643,0.516102900623561
0,1,1,0,1,2,0,1,631.249410046958,760.587008713685,605.524238567111,748.209449697737,748.20946668448,0.829950292096805,1.04248413166865,0.843680082230946,0.843680063076716
0,1,1,0,1,2,0,2,631.021277647662,760.587008713685,791.657908234523,1037.82852556898,1037.82854255573,0.82965034955679,0.797088327021078,0.608020749190439,0.608020739238611
0,1,1,0,1,2,0,3,631.021277647662,760.587008713685,911.52660304071,1215.75839922487,1215.75841621161,0.82965034955679,0.692268635432772,0.519035096158893,0.519035088906864
0,1,1,1,0,0,0,1,628.1894642617,760.587008713685,568.398523258786,714.062044629685,714.062124572158,0.825927155032667,1.10519193586239,0.879740729795379,0.87974063130444
0,1,1,1,0,0,0,2,627.936841755721,760.587008713685,749.828651884173,999.686777001472,999.686856943944,0.825595013537894,0.837440447464682,0.628133587641519,0.628133537411237
0,1,1,1,0,0,0,3,627.936841755721,760.587008713685,870.374646343863,1178.79520618873,1178.7952861312,0.825595013537894,0.721455805719368,0.532693752450826,0.532693716325083
0,1,1,1,0,1,0,1,629.131278148974,760.587008713685,604.770424538662,728.29164791321,728.291731870572,0.827165427415029,1.04028115896854,0.863845246545993,0.863845146962042
0,1,1,1,0,1,0,2,628.985805335334,760.587008713685,770.611105071663,989.700383817633,989.700467774996,0.8269741635465,0.816216897467163,0.635531536230296,0.635531482317468
0,1,1,1,0,1,0,3,628.985805335334,760.587008713685,879.117325574869,1150.90151914878,1150.90160310615,0.8269741635465,0.715474245629309,0.546515748628551,0.546515708760659
0,1,1,1,0,2,0,1,633.304428311157,760.587008713685,601.389610186724,739.12551438028,739.1255474417,0.832652176615808,1.05306845609541,0.856829342229041,0.856829303902677
0,1,1,1,0,2,0,2,633.07669680965,760.587008713685,780.666756254333,1018.28884876227,1018.28888182369,0.832352761165771,0.810943583465978,0.621706402440877,0.621706382255547
0,1,1,1,0,2,0,3,633.07669680965,760.587008713685,896.54926630579,1190.25354161053,1190.25357467195,0.832352761165771,0.706125943773539,0.531883900931761,0.531883886157735
0,1,1,1,1,0,0,1,618.666345006048,760.587008713685,554.574748247506,710.715586935392,710.715672627984,0.813406405734361,1.11556890565442,0.870483715819065,0.87048361086288
0,1,1,1,1,0,0,2,618.395551813739,760.587008713685,749.054822463798,1016.88479692569,1016.88488261829,0.813050373894208,0.825567813287292,0.60812744342654,0.608127392179818
0,1,1,1,1,0,0,3,618.395551813739,760.587008713685,878.271475324159,1208.87617600378,1208.87626169637,0.813050373894208,0.70410524443538,0.51154581758571,0.511545781324193
0,1,1,1,1,1,0,1,619.338269892962,760.587008713685,555.582731002432,711.19425590051,711.194344466029,0.814289835084608,1.11475435670129,0.870842621062454,0.870842512615827
0,1,1,1,1,1,0,2,619.091278026934,760.587008713685,749.368274711657,1016.25316233923,1016.25325090475,0.81396509660867,0.826150904593804,0.609190013836607,0.609189960746268
0,1,1,1,1,1,0,3,619.091278026934,760.587008713685,878.107918705093,1207.53194443401,1207.53203299952,0.81396509660867,0.705028692760088,0.512691428893928,0.512691391290965
0,1,1,1,1,2,0,1,631.57434579593,760.587008713685,596.372441137947,750.134704296201,750.134716048702,0.830377509161058,1.05902671255367,0.841947909060537,0.841947895869581
0,1,1,1,1,2,0,2,631.339257173522,760.587008713685,792.365592969924,1055.39249073698,1055.39250248948,0.830068420759975,0.796777728330117,0.598203287132221,0.598203280470828
0,1,1,1,1,2,0,3,631.339257173522,760.587008713685,918.667395642957,1242.96359414039,1242.96360589289,0.830068420759975,0.687233769444556,0.507930610477892,0.507930605675294
0,1,1,0,0,0,1,1,691.976401975709,760.587008713685,836.572339901063,815.979450346787,815.97949553433,0.909792560283128,0.827156683255324,0.848031652857952,0.848031605895416
0,1,1,0,0,0,1,2,691.962754163322,760.587008713685,846.430006152615,831.518638235458,831.518683423,0.909774616494671,0.817507353394273,0.832167461251039,0.83216741602824
0,1,1,0,0,0,1,3,691.962754163322,760.587008713685,852.98846922242,841.263832025587,841.26387721313,0.909774616494671,0.811221697749457,0.822527639750327,0.82252759556918
0,1,1,0,0,1,1,1,691.841193577154,760.587008713685,746.119780374703,771.721293301218,771.721355457583,0.909614791800355,0.927252180916192,0.896490999513104,0.89649092730748
0,1,1,0,0,1,1,2,691.810544865927,760.587008713685,800.729337615957,858.196964860814,858.197027017179,0.909574495672659,0.863975518776022,0.806120940987163,0.806120882602497
0,1,1,0,0,1,1,3,691.810544865927,760.587008713685,835.354020601439,909.63507613006,909.635138286425,0.909574495672659,0.828164500085648,0.760536354654613,0.760536302686331
0,1,1,0,0,2,1,1,666.111201607683,760.587008713685,691.35704467906,744.165309721507,744.165455337874,0.875785668143634,0.963483639509167,0.895111869507818,0.895111694354648
0,1,1,0,0,2,1,2,665.980260197404,760.587008713685,768.74960918304,868.297210583489,868.297356199856,0.875613509785973,0.866316226040297,0.766995738417576,0.766995609789828
0,1,1,0,0,2,1,3,665.980260197404,760.587008713685,822.763425242659,948.628296617061,948.628442233428,0.875613509785973,0.809443200517798,0.702045535192637,0.702045427427241
0,2,0,0,0,0,0,1,631.794164438335,760.587008713685,580.464758572518,718.423596279132,718.42367404232,0.83066652098993,1.08842811748304,0.879417334996416,0.879417239807047
0,2,0,0,0,0,0,2,631.552972507861,760.587008713685,753.685599683342,991.124479855377,991.124557618565,0.83034940811828,0.837952818487186,0.637208529649087,0.637208479653992
0,2,0,0,0,0,0,3,631.552972507861,760.587008713685,868.777170808021,1162.12867297876,1162.12875074195,0.83034940811828,0.726944714627428,0.543444961984347,0.543444925620034
0,2,0,0,0,1,0,1,632.287214693649,760.587008713685,595.830379371439,721.88495587629,721.885048593785,0.831314770630886,1.06118660038897,0.875883628750957,0.875883516254187
0,2,0,0,0,1,0,2,632.137671412085,760.587008713685,764.301603873594,987.596338728402,987.596431445897,0.831118155017089,0.827078823606175,0.640076969327372,0.640076909235688
0,2,0,0,0,1,0,3,632.137671412085,760.587008713685,873.884682873744,1150.39587011005,1150.39596282755,0.831118155017089,0.723365089010736,0.549495776051083,0.549495731763835
0,2,0,0,0,2,0,1,632.273453795919,760.587008713685,656.613970187205,751.08998528494,751.090023845574,0.831296678160765,0.962930248979707,0.841807860819839,0.84180781760179
0,2,0,0,0,2,0,2,632.084261106967,760.587008713685,800.136057915404,972.386586413014,972.386624973648,0.831047932538259,0.789970974128747,0.650033916488533,0.650033890711009
0,2,0,0,0,2,0,3,632.084261106967,760.587008713685,891.313930477462,1107.31379617411,1107.31383473475,0.831047932538259,0.709160083213745,0.570826682816457,0.570826662938227
0,2,0,0,1,0,0,1,598.617989540166,760.587008713685,544.44325498738,712.262059209072,712.262156999371,0.787047349852263,1.09950483187461,0.840446268056028,0.840446152666644
0,2,0,0,1,0,0,2,598.321581216983,760.587008713685,757.319775993654,1047.39272246401,1047.39282025431,0.786657639904832,0.790051442182327,0.571248556901773,0.571248503566896
0,2,0,0,1,0,0,3,598.321581216983,760.587008713685,898.759415133224,1257.54513528078,1257.54523307108,0.786657639904832,0.665719402926415,0.475785372970642,0.475785335972217
0,2,0,0,1,1,0,1,597.771314028225,760.587008713685,555.24840412157,716.324345290965,716.324456672268,0.785934162929214,1.07658357879286,0.834498112423382,0.834497982667255
0,2,0,0,1,1,0,2,597.545718527953,760.587008713685,765.044569585966,1046.78211822083,1046.78222960214,0.785637555837997,0.781060009159124,0.570840586715002,0.57084052597556
0,2,0,0,1,1,0,3,597.545718527953,760.587008713685,903.451607364024,1252.41508436404,1252.41519574534,0.785637555837997,0.661403127358858,0.477114756910947,0.4771147144796
0,2,0,0,1,2,0,1,602.288072532163,760.587008713685,643.326964750593,758.555578367722,758.555627570052,0.791872679433166,0.936208344330258,0.793993333788647,0.793993282287715
0,2,0,0,1,2,0,2,602.06112480361,760.587008713685,818.883763255033,1029.67539177104,1029.67544097337,0.791574294467406,0.735221714997058,0.58470963724603,0.584709609306084
0,2,0,0,1,2,0,3,602.06112480361,760.587008713685,930.625853360939,1195.13921535579,1195.13926455812,0.791574294467406,0.646942186947931,0.503758153918812,0.503758133179743
0,2,0,1,0,0,0,1,628.995751986558,760.587008713685,569.568931798633,714.345376979962,714.345456435592,0.826987241144605,1.1043364847873,0.880520504865257,0.880520406926211
0,2,0,1,0,0,0,2,628.744667926223,760.587008713685,749.894169194839,998.230683469037,998.230762924668,0.826657122358117,0.838444534915249,0.62985908802284,0.629859037888288
0,2,0,1,0,0,0,3,628.744667926223,760.587008713685,869.70605067671,1176.2483603431,1176.24843979873,0.826657122358117,0.722939282113771,0.534533937835053,0.534533901727263
0,2,0,1,0,1,0,1,639.491466260042,760.587008713685,579.799457272984,711.630783435052,711.630872537245,0.840786733054458,1.10295285419516,0.89862816666419,0.898628054148357
0,2,0,1,0,1,0,2,639.36016210955,760.587008713685,751.877618031202,983.144802976568,983.144892078761,0.840614097775407,0.850351369394025,0.650321458419782,0.650321399481299
0,2,0,1,0,1,0,3,639.36016210955,760.587008713685,863.251906387204,1148.60033115712,1148.60042025931,0.840614097775407,0.74064147136997,0.556642850229241,0.556642807047907
0,2,0,1,0,2,0,1,630.441359383129,760.587008713685,617.393320757247,726.018944233149,726.018995664834,0.828887888118598,1.02113407804587,0.868353869263049,0.868353807748264
0,2,0,1,0,2,0,2,630.225436466629,760.587008713685,769.859435036466,963.680892362434,963.680943794118,0.828603998288735,0.818624034187197,0.653977308735105,0.653977273832314
0,2,0,1,0,2,0,3,630.225436466629,760.587008713685,869.320935192096,1111.09537514101,1111.0954265727,0.828603998288735,0.724962911801228,0.567210925872718,0.567210899616995
0,2,0,1,1,0,0,1,603.43234187732,760.587008713685,532.461045150942,705.362304505924,705.362399396903,0.793377134981378,1.13328918119495,0.855492756024153,0.85549264093644
0,2,0,1,1,0,0,2,603.132481287558,760.587008713685,747.816938164062,1044.39623328391,1044.39632817488,0.792982886083715,0.806524231409208,0.577493926219096,0.577493873749585
0,2,0,1,1,0,0,3,603.132481287558,760.587008713685,890.903924227019,1256.99629043011,1256.99638532109,0.792982886083715,0.676989364269393,0.479820414649898,0.479820378428132
0,2,0,1,1,1,0,1,609.827384718264,760.587008713685,539.22548046875,704.552500731958,704.552606050091,0.801785170837472,1.13093206238722,0.865552792850377,0.865552663465569
0,2,0,1,1,1,0,2,609.63231374949,760.587008713685,749.495338433192,1035.89079317535,1035.89089849349,0.801528696605676,0.813390400831467,0.588510215329515,0.58851015549619
0,2,0,1,1,1,0,3,609.63231374949,760.587008713685,887.538055598082,1240.9755406892,1240.97564600733,0.801528696605676,0.686880196183452,0.49125248142354,0.491252439732316
0,2,0,1,1,2,0,1,607.371825627657,760.587008713685,606.378398461422,731.327084503369,731.327143409052,0.798556665666499,1.00163829577168,0.830506401988533,0.830506335094328
0,2,0,1,1,2,0,2,607.126343258875,760.587008713685,783.896226770019,1007.90429053456,1007.90434944024,0.798233911838246,0.774498361550341,0.602365074700572,0.602365039496114
0,2,0,1,1,2,0,3,607.126343258875,760.587008713685,899.401226432738,1179.13539829159,1179.13545719727,0.798233911838246,0.675033928591467,0.514891117795736,0.514891092073489
0,2,0,0,0,0,1,1,670.301142728115,760.587008713685,768.521837125281,791.062652183426,791.062711686039,0.881294493659229,0.872195310982225,0.847342673652971,0.84734260991706
0,2,0,0,0,0,1,2,670.223112526509,760.587008713685,824.882201933693,879.906631669356,879.906691171968,0.881191901581384,0.812507665888981,0.761697989768486,0.761697938259593
0,2,0,0,0,0,1,3,670.223112526509,760.587008713685,862.379654349327,935.623944786338,935.62400428895,0.881191901581384,0.777178716063516,0.716338135915881,0.716338090359129
0,2,0,0,0,1,1,1,670.272812247826,760.587008713685,772.361625878053,787.099871950902,787.099951244681,0.881257245481223,0.867822519646586,0.851572762407508,0.85157267661863
0,2,0,0,0,1,1,2,670.271769928909,760.587008713685,831.301452471646,880.878232633412,880.878311927191,0.881255875067445,0.806292071228844,0.760913080943222,0.76091301244832
0,2,0,0,0,1,1,3,670.271769928909,760.587008713685,866.774007011935,933.565507571094,933.565586864873,0.881255875067445,0.773294727929791,0.717969724130865,0.717969663149041
0,2,0,0,0,2,1,1,636.691104323288,760.587008713685,643.638467355649,721.830745985363,721.830920652048,0.837104890077031,0.989206109664477,0.882050408443253,0.882050195007092
0,2,0,0,0,2,1,2,636.502725464049,760.587008713685,755.154458925448,899.07872734248,899.078902009164,0.836857214456648,0.842877530472064,0.707949933756569,0.707949796221068
0,2,0,0,0,2,1,3,636.502725464049,760.587008713685,831.636136770304,1012.60810298772,1012.6082776544,0.836857214456648,0.765362034333833,0.628577554915903,0.628577446491392
0,2,1,0,0,0,0,1,626.616601397737,760.587008713685,566.11535303154,713.509335071832,713.509415964009,0.823859195882769,1.10687088425038,0.87821780402446,0.878217704458921
0,2,1,0,0,0,0,2,626.36097777448,760.587008713685,749.700844227283,1002.52724619506,1002.52732708723,0.823523108597122,0.83548122240688,0.624781999842639,0.624781949430071
0,2,1,0,0,0,0,3,626.36097777448,760.587008713685,871.678906924114,1183.76345651343,1183.76353740561,0.823523108597122,0.718568469190926,0.529126806819426,0.529126770661682
0,2,1,0,0,1,0,1,627.1210585309,760.587008713685,570.082426019235,711.585763322145,711.585859516086,0.824522442989784,1.10005330792242,0.881300738231596,0.881300619095176
0,2,1,0,0,1,0,2,626.963737107332,760.587008713685,754.729886898375,1002.80434999279,1002.80444618674,0.824315600877355,0.830712746362664,0.625210428247381,0.625210368274117
0,2,1,0,0,1,0,3,626.963737107332,760.587008713685,874.834353695047,1181.23363391229,1181.23373010623,0.824315600877355,0.716665657286112,0.530770305812241,0.530770262588883
0,2,1,0,0,2,0,1,629.605239035247,760.587008713685,637.807907811306,751.030101791243,751.030142021659,0.82778857885049,0.987139280219639,0.838322242388963,0.838322197482574
0,2,1,0,0,2,0,2,629.399523865423,760.587008713685,798.162511597401,999.514169556368,999.514209786783,0.827518109900235,0.788560618570992,0.62970545394547,0.629705428599846
0,2,1,0,0,2,0,3,629.399523865423,760.587008713685,900.874180514538,1151.7425471359,1151.74258736632,0.827518109900235,0.698654193314696,0.546475881637423,0.546475862548998
0,2,1,0,1,0,0,1,593.611691321314,760.587008713685,518.205373232305,701.911293263299,701.911394084049,0.780465199274489,1.14551435007063,0.845707565925485,0.845707444450223
0,2,1,0,1,0,0,2,593.293092337542,760.587008713685,747.01893195166,1062.13157182131,1062.13167264206,0.780046313624167,0.79421426547719,0.558587192093522,0.558587139070737
0,2,1,0,1,0,0,3,593.293092337542,760.587008713685,899.047474237695,1288.01708151849,1288.01718233924,0.780046313624167,0.659912973828882,0.460625174037357,0.460625137981491
0,2,1,0,1,1,0,1,593.120804647301,760.587008713685,524.058208291136,703.504416176025,703.50453076567,0.779819794253907,1.1317842088217,0.843094643060342,0.843094505733699
0,2,1,0,1,1,0,2,592.888633526148,760.587008713685,752.308929691811,1063.04597050079,1063.04608509043,0.779514541707528,0.78809197940669,0.557726241365503,0.557726181246141
0,2,1,0,1,1,0,3,592.888633526148,760.587008713685,902.777025850275,1286.59568112667,1286.59579571631,0.779514541707528,0.656738725675633,0.460819698234147,0.460819657191602
0,2,1,0,1,2,0,1,599.273359038579,760.587008713685,614.02148075157,749.880725036572,749.8807755329,0.787909012608667,0.975981098096211,0.799158238144276,0.799158184329646
0,2,1,0,1,2,0,2,599.023236501426,760.587008713685,807.716479215467,1050.4266399844,1050.42669048073,0.787580158007829,0.741625622252075,0.570266607585581,0.570266580171608
0,2,1,0,1,2,0,3,599.023236501426,760.587008713685,932.164349124978,1234.91111709069,1234.91116758702,0.787580158007829,0.642615475547556,0.485073968653433,0.48507394881844
0,2,1,1,0,0,0,1,620.945449160226,760.587008713685,557.883099451439,711.516472173526,711.516556489981,0.816402912548266,1.11303864514052,0.872707060826538,0.872706957408614
0,2,1,1,0,0,0,2,620.679004636204,760.587008713685,749.240017860312,1012.76891035527,1012.76899467172,0.816052598223975,0.828411443383317,0.612853532814784,0.612853481792648
0,2,1,1,0,0,0,3,620.679004636204,760.587008713685,876.381580296,1201.67709958494,1201.67718390139,0.816052598223975,0.708229176184383,0.51651063738386,0.516510601142558
0,2,1,1,0,1,0,1,631.618789241151,760.587008713685,568.27684472066,708.732217975329,708.732311947449,0.830435942245915,1.11146318050602,0.891195254316966,0.89119513615175
0,2,1,1,0,1,0,2,631.47307666654,760.587008713685,751.244650134805,997.402042597895,997.402136570015,0.830244363145901,0.840569149548322,0.633117889975206,0.633117830324812
0,2,1,1,0,1,0,3,631.47307666654,760.587008713685,869.800237583491,1173.52735476538,1173.5274487375,0.830244363145901,0.725997820397152,0.538098301758621,0.538098258669524
0,2,1,1,0,2,0,1,623.008743942085,760.587008713685,586.40857898642,721.031800670103,721.031858148419,0.819115678817241,1.06241410215882,0.864051687266888,0.864051618387496
0,2,1,1,0,2,0,2,622.763890161345,760.587008713685,764.133953397714,998.896630402267,998.896687880583,0.818793751440183,0.814993087785502,0.623451787909778,0.623451752035238
0,2,1,1,0,2,0,3,622.763890161345,760.587008713685,880.542203678794,1171.61319894351,1171.61325642182,0.818793751440183,0.707250473128394,0.531543935082772,0.531543909005694
0,2,1,1,1,0,0,1,595.73342686409,760.587008713685,521.285287910404,702.656878616351,702.656978155983,0.78325480193463,1.14281649737731,0.847829780073013,0.847829659967943
0,2,1,1,1,0,0,2,595.418876279796,760.587008713685,747.191339892921,1058.29988084285,1058.29998038249,0.782841239014556,0.796876040299295,0.562618296626463,0.562618243708747
0,2,1,1,1,0,0,3,595.418876279796,760.587008713685,897.28807353369,1281.31509017465,1281.31518971428,0.782841239014556,0.663576050816015,0.464693564327444,0.464693528227484
0,2,1,1,1,1,0,1,602.572051169496,760.587008713685,528.353146558215,701.717926715289,701.718036570494,0.792246047153203,1.14047215407868,0.858709786694647,0.858709652262105
0,2,1,1,1,1,0,2,602.363929399137,760.587008713685,748.81108136447,1049.11331536906,1049.11342522427,0.791972414067212,0.804427103698199,0.574164792853892,0.574164732731707
0,2,1,1,1,1,0,3,602.363929399137,760.587008713685,893.543499967292,1264.1372989093,1264.13740876451,0.791972414067212,0.674129384211498,0.476501982750493,0.476501941341844
0,2,1,1,1,2,0,1,599.999567892952,760.587008713685,566.517787239552,719.000899098001,719.000963459501,0.788863813106247,1.05910102278791,0.834490705986129,0.834490631286544
0,2,1,1,1,2,0,2,599.719846346774,760.587008713685,770.142031425399,1037.32065918937,1037.32072355087,0.788496042498844,0.77871330465732,0.578143162419452,0.578143126548038
0,2,1,1,1,2,0,3,599.719846346774,760.587008713685,903.457696596268,1235.12573816051,1235.12580252201,0.788496042498844,0.663805121818309,0.485553679125775,0.485553653823929
0,2,1,0,0,0,1,1,671.957471490171,760.587008713685,778.202271648234,795.031067453062,795.031125859854,0.883472191599216,0.863474055488124,0.845196494827346,0.845196432735166
0,2,1,0,0,0,1,2,671.887284735282,760.587008713685,828.897400313929,874.94461993843,874.944678345222,0.883379911880939,0.810579553610396,0.767919785348887,0.767919734086524
0,2,1,0,0,0,1,3,671.887284735282,760.587008713685,862.625680485788,925.06133523958,925.061393646372,0.883379911880939,0.778886253834814,0.726316471287032,0.726316425428654
0,2,1,0,0,1,1,1,671.981442219615,760.587008713685,763.911851761767,783.76716818143,783.767245499016,0.8835037076903,0.879658354127983,0.857373808829999,0.857373724251225
0,2,1,0,0,1,1,2,671.960706358729,760.587008713685,824.803906991961,880.452986751438,880.453064069024,0.883476444720187,0.814691468678116,0.763198849308272,0.763198782287445
0,2,1,0,0,1,1,3,671.960706358729,760.587008713685,862.310514878741,936.166951958187,936.167029275773,0.883476444720187,0.779256073959878,0.717778709185561,0.717778649904562
0,2,1,0,0,2,1,1,637.113052111643,760.587008713685,661.937489896395,732.367803066105,732.367984974786,0.837659656045319,0.962497308033366,0.869935911224291,0.869935695145901
0,2,1,0,0,2,1,2,636.936858086581,760.587008713685,766.381553449831,898.48515040339,898.485332312072,0.837428000727724,0.831096279939724,0.708900818005303,0.708900674480186
0,2,1,0,0,2,1,3,636.936858086581,760.587008713685,838.096404985848,1004.95601127373,1004.95619318241,0.837428000727724,0.759980420268401,0.633795759158947,0.633795644434592
1,0,0,0,0,0,0,1,644.584742564854,760.587008713685,681.447359929585,758.580650508919,758.580726998229,0.8474832401555,0.945905407325167,0.84972473544166,0.849724649762106
1,0,0,0,0,0,0,2,644.426191545754,760.587008713685,795.967034277151,939.104386170613,939.104462659922,0.847274781402874,0.809614172188654,0.686213589283223,0.686213533391673
1,0,0,0,0,0,0,3,644.426191545754,760.587008713685,872.158805819069,1052.31743181658,1052.31750830589,0.847274781402874,0.738886298282059,0.612387642798336,0.612387598286002
1,0,0,0,0,1,0,1,644.699083815262,760.587008713685,680.606618521516,757.062893576062,757.062976093182,0.847633573055088,0.947241866697893,0.851579293194469,0.851579200375413
1,0,0,0,0,1,0,2,644.636722009816,760.587008713685,798.170085388627,942.688654253095,942.688736770215,0.847551581376646,0.807643300357397,0.68382781430691,0.683827754448869
1,0,0,0,0,1,0,3,644.636722009816,760.587008713685,874.904495311433,1056.69235222199,1056.69243473911,0.847551581376646,0.736808103586609,0.610051469242007,0.610051421603084
1,0,0,0,0,2,0,1,641.058972430285,760.587008713685,676.259119265001,747.813210259655,747.813274644906,0.842847649362895,0.947948728775779,0.857244782032798,0.85724470822571
1,0,0,0,0,2,0,2,640.894754217587,760.587008713685,792.851254400747,928.049637157354,928.049701542605,0.84263173953165,0.808341729498792,0.690582409127024,0.690582361216528
1,0,0,0,0,2,0,3,640.894754217587,760.587008713685,867.56643461072,1038.55609566159,1038.55616004684,0.84263173953165,0.738727005390841,0.61710172122125,0.617101682964051
1,0,0,0,1,0,0,1,627.247256043247,760.587008713685,565.399962638476,710.259901125578,710.259989091622,0.824688364193935,1.10938680136475,0.883123565119223,0.883123455743941
1,0,0,0,1,0,0,2,626.997000005735,760.587008713685,746.157173043486,995.197550974849,995.197638940893,0.8243593340703,0.840301511072109,0.630022651675095,0.63002259598706
1,0,0,0,1,0,0,3,626.997000005735,760.587008713685,866.417837057729,1173.89238598033,1173.89247394638,0.8243593340703,0.723665849418516,0.534117954502381,0.534117914478065
1,0,0,0,1,1,0,1,627.567977617764,760.587008713685,581.349966393017,718.353687241676,718.353778733102,0.825110040571314,1.07950118499448,0.873619762470337,0.873619651203826
1,0,0,0,1,1,0,2,627.353948200369,760.587008713685,754.49263974367,991.211327608203,991.21141909963,0.824828640264784,0.831491144053446,0.632916443473438,0.632916385053582
1,0,0,0,1,1,0,3,627.353948200369,760.587008713685,869.939549282724,1162.75157175679,1162.75166324822,0.824828640264784,0.721146600034025,0.539542550136058,0.539542507682008
1,0,0,0,1,2,0,1,633.400416692244,760.587008713685,647.001785887707,752.808379410859,752.808422422515,0.832778379640561,0.978977849069146,0.841383324117536,0.841383276045159
1,0,0,0,1,2,0,2,633.208585833797,760.587008713685,798.547928202807,988.269495152687,988.269538164343,0.832526165421478,0.79295000772074,0.640724608965054,0.640724581079315
1,0,0,0,1,2,0,3,633.208585833797,760.587008713685,895.961801495257,1132.71306205008,1132.71310506174,0.832526165421478,0.706736140733952,0.559019408399654,0.559019387172434
1,0,0,1,0,0,0,1,637.965229128027,760.587008713685,655.511147669042,748.596421141456,748.59650200473,0.838780076203197,0.97323322630987,0.852215173771818,0.852215081715672
1,0,0,1,0,0,0,2,637.783652857512,760.587008713685,786.661710349853,955.336351587097,955.33643245037,0.838541344449388,0.810747039631394,0.667601156177052,0.667601099668775
1,0,0,1,0,0,0,3,637.783652857512,760.587008713685,873.918277977202,1084.99053305301,1084.99061391629,0.838541344449388,0.729797818548601,0.58782416383199,0.587824120022038
1,0,0,1,0,1,0,1,638.831785316056,760.587008713685,658.531164153044,748.854713046365,748.854799068193,0.839919401721647,0.970085882173361,0.853078406513951,0.853078308519836
1,0,0,1,0,1,0,2,638.745950996277,760.587008713685,790.214094626526,956.702360091452,956.702446113279,0.839806548992379,0.808320118990238,0.667653784124896,0.667653724092857
1,0,0,1,0,1,0,3,638.745950996277,760.587008713685,876.496513792996,1084.89434578031,1084.89443180214,0.839806548992379,0.728748992089124,0.588763277715174,0.588763231031836
1,0,0,1,0,2,0,1,640.72824750163,760.587008713685,674.88309716616,768.193500843881,768.193548099606,0.842412820835894,0.949391457857003,0.834071424449404,0.834071373141175
1,0,0,1,0,2,0,2,640.560887767451,760.587008713685,811.837128365377,980.834568294295,980.83461555002,0.842192780613984,0.78902635194477,0.65307739803809,0.653077366573411
1,0,0,1,0,2,0,3,640.560887767451,760.587008713685,899.55806909916,1110.9398735572,1110.93992081293,0.842192780613984,0.712083977423408,0.576593660029854,0.576593635503459
1,0,0,1,1,0,0,1,623.559695887417,760.587008713685,560.001992718582,708.868086359289,708.868176758066,0.819840056092977,1.11349549465045,0.879655478764729,0.879655366586213
1,0,0,1,1,0,0,2,623.302518926668,760.587008713685,745.758110603314,1001.68579225664,1001.68588265542,0.81950192651963,0.835797170777559,0.622253528746241,0.622253472589956
1,0,0,1,1,0,0,3,623.302518926668,760.587008713685,869.344627741259,1185.32249898771,1185.32258938649,0.81950192651963,0.716979778831946,0.525850576074428,0.525850535970367
1,0,0,1,1,1,0,1,623.769477746609,760.587008713685,573.556914570472,715.935385483275,715.935479279434,0.820115871820551,1.08754591201074,0.871265047648885,0.871264933502685
1,0,0,1,1,1,0,2,623.544782720474,760.587008713685,752.834275110571,998.454379026608,998.454472822767,0.819820448649289,0.828263009981702,0.624510038534126,0.624509979866811
1,0,0,1,1,1,0,3,623.544782720474,760.587008713685,872.405062069308,1176.12264969105,1176.12274348721,0.819820448649289,0.714742279511139,0.530169861862851,0.530169819581637
1,0,0,1,1,2,0,1,633.911642426551,760.587008713685,635.658294577456,761.261313021616,761.261344513401,0.833450525928166,0.997252215276973,0.832712278403344,0.832712243955784
1,0,0,1,1,2,0,2,633.711634353079,760.587008713685,805.684387528126,1025.70578583908,1025.70581733087,0.833187560519631,0.786550719069205,0.617829832981462,0.61782981401251
1,0,0,1,1,2,0,3,633.711634353079,760.587008713685,914.718013789031,1187.55583366599,1187.55586515777,0.833187560519631,0.692794527712491,0.533626812641565,0.533626798490769
1,0,0,0,0,0,1,1,688.097450546226,760.587008713685,854.224678180192,825.265322052359,825.265369788874,0.904692615917731,0.805522795258179,0.83378936707893,0.833789318849355
1,0,0,0,0,0,1,2,688.091746890482,760.587008713685,858.344366606499,831.759416178248,831.759463914763,0.904685116899633,0.801649982990955,0.827272566449699,0.827272518970697
1,0,0,0,0,0,1,3,688.091746890482,760.587008713685,861.085261227352,835.832100426713,835.832148163228,0.904685116899633,0.799098275018327,0.823241589476157,0.823241542458722
1,0,0,0,0,1,1,1,687.997053005605,760.587008713685,752.834463666551,776.290585186352,776.290647730794,0.904560615844799,0.913875607732985,0.886262265876184,0.886262194471512
1,0,0,0,0,1,1,2,687.94642267633,760.587008713685,806.21589558505,860.753425567721,860.753488112163,0.904494048405841,0.853302975597008,0.799237507794507,0.799237449719965
1,0,0,0,0,1,1,3,687.94642267633,760.587008713685,840.389539245429,911.524875750835,911.524938295278,0.904494048405841,0.818604219293383,0.754720404212402,0.754720352427129
1,0,0,0,0,2,1,1,661.560719620589,760.587008713685,706.020610260734,752.758339953564,752.758481703458,0.869802812881894,0.93702748900811,0.878848741365521,0.878848575871915
1,0,0,0,0,2,1,2,661.435014598183,760.587008713685,780.223867983909,871.689364079325,871.689505829219,0.869637539190698,0.847750295447031,0.758796701961356,0.758796578569539
1,0,0,0,0,2,1,3,661.435014598183,760.587008713685,831.946074276743,948.599203827273,948.599345577166,0.869637539190698,0.795045538466187,0.697275532099879,0.697275427905487
1,0,1,0,0,0,0,1,650.804957601244,760.587008713685,638.344822311999,736.872678099579,736.872750507762,0.85566141696516,1.01951944286807,0.883198654182285,0.88319856739551
1,0,1,0,0,0,0,2,650.624012634835,760.587008713685,769.039400912605,942.893815464206,942.893887872389,0.855423515233555,0.846021688697291,0.690028932170394,0.690028879180613
1,0,1,0,0,0,0,3,650.624012634835,760.587008713685,855.992595036112,1072.09721546589,1072.09728787407,0.855423515233555,0.760081356319895,0.606870350234145,0.60687030924684
1,0,1,0,0,1,0,1,650.974231035629,760.587008713685,654.179945129688,741.902976357286,741.90305622344,0.855883973270284,0.995099644802741,0.877438495033253,0.877438400576657
1,0,1,0,0,1,0,2,650.903299829491,760.587008713685,780.626640229517,941.68482441317,941.684904279324,0.855790714766884,0.833821530402952,0.691211414854343,0.69121135623134
1,0,1,0,0,1,0,3,650.903299829491,760.587008713685,862.637178584984,1063.52574666884,1063.52582653499,0.855790714766884,0.754550483086286,0.61202401716013,0.612023971199794
1,0,1,0,0,2,0,1,649.2923054586,760.587008713685,657.63193611371,737.432333195457,737.432392574278,0.85367262130429,0.98731869576713,0.880477131569582,0.88047706067265
1,0,1,0,0,2,0,2,649.123413632864,760.587008713685,776.335468971857,922.184539165998,922.184598544819,0.853450566728283,0.836137777515863,0.703897523829576,0.703897478506107
1,0,1,0,0,2,0,3,649.123413632864,760.587008713685,853.494684970246,1036.46898810658,1036.4690474854,0.853450566728283,0.760547692989434,0.626283488538023,0.626283452658538
1,0,1,0,1,0,0,1,623.469324791134,760.587008713685,559.869704582592,708.833977132337,708.834067590734,0.819721238528059,1.11359718107262,0.879570315341605,0.879570203094573
1,0,1,0,1,0,0,2,623.211978219207,760.587008713685,745.748330773649,1001.8447996905,1001.8448901489,0.819382885954351,0.835686722319148,0.622064394017652,0.622064337850327
1,0,1,0,1,0,0,3,623.211978219207,760.587008713685,869.4163546478,1185.60261695175,1185.60270741014,0.819382885954351,0.716816488311483,0.525649968470482,0.525649928364759
1,0,1,0,1,1,0,1,624.873428836451,760.587008713685,567.375641974449,711.815722190768,711.815815646671,0.821567317976211,1.1013398930238,0.877858425089666,0.877858309833656
1,0,1,0,1,1,0,2,624.654446531109,760.587008713685,749.507737609092,998.976909170227,998.977002626129,0.821279405741537,0.833419610214751,0.625294179271832,0.625294120774558
1,0,1,0,1,1,0,3,624.654446531109,760.587008713685,870.373906016497,1178.56690404415,1178.56699750005,0.821279405741537,0.717685172100356,0.530011868132103,0.530011826104168
1,0,1,0,1,2,0,1,630.899120889077,760.587008713685,627.021855729838,743.271348327509,743.271390518901,0.8294897410305,1.00618362043334,0.848813992774928,0.848813944592469
1,0,1,0,1,2,0,2,630.692010779147,760.587008713685,787.978965940238,994.088022516513,994.088064707904,0.829217438049306,0.800391936892108,0.634442822460091,0.634442795532874
1,0,1,0,1,2,0,3,630.692010779147,760.587008713685,892.156774440961,1148.63256364974,1148.63260584114,0.829217438049306,0.706929576558277,0.549080733681399,0.549080713512652
1,0,1,1,0,0,0,1,641.106479265981,760.587008713685,619.939044244872,731.272838723992,731.272917532201,0.842910110113803,1.03414438115749,0.876699427787659,0.876699333307049
1,0,1,1,0,0,0,2,640.904585434266,760.587008713685,765.764760105946,961.146029795822,961.146108604031,0.84264466535942,0.836947087178045,0.66681291454787,0.666812859873215
1,0,1,1,0,0,0,3,640.904585434266,760.587008713685,862.784941931671,1105.30792617032,1105.30800497853,0.84264466535942,0.74283237257173,0.579842567179333,0.57984252583669
1,0,1,1,0,1,0,1,642.611509284388,760.587008713685,641.016893660351,738.495038626139,738.495123452563,0.84488888440414,1.00248763431948,0.870163610685687,0.870163510735309
1,0,1,1,0,1,0,2,642.520892178784,760.587008713685,779.078590382713,956.558287915858,956.558372742282,0.844769743392573,0.824718969447169,0.67170072153021,0.671700661964614
1,0,1,1,0,1,0,3,642.520892178784,760.587008713685,868.939719862629,1090.06517130857,1090.06525613499,0.844769743392573,0.739430915047089,0.589433466081179,0.589433420212794
1,0,1,1,0,2,0,1,644.812758518044,760.587008713685,644.782902780783,749.816047438155,749.816094370521,0.847783029595206,1.00004630354982,0.859961267461708,0.859961213635153
1,0,1,1,0,2,0,2,644.629840277559,760.587008713685,789.549559736055,975.21262991388,975.212676846246,0.847542533454213,0.816452662570108,0.661014655167545,0.661014623356042
1,0,1,1,0,2,0,3,644.629840277559,760.587008713685,882.983520763422,1113.8232970462,1113.82334397857,0.847542533454213,0.730058744154382,0.578754136304277,0.578754111917734
1,0,1,1,1,0,0,1,618.395983309241,760.587008713685,552.443183100818,706.919119803769,706.919213609118,0.813050941213262,1.11938386104836,0.874776146217264,0.874776030137972
1,0,1,1,1,0,0,2,618.12911493822,760.587008713685,745.199301077581,1010.77131539422,1010.77140919957,0.81270006962597,0.829481608536652,0.611542003145527,0.611541946390943
1,0,1,1,1,0,0,3,618.12911493822,760.587008713685,873.443030269645,1201.32815470911,1201.32824851446,0.81270006962597,0.70769253805528,0.514538107273357,0.514538067095807
1,0,1,1,1,1,0,1,619.69710376213,760.587008713685,561.587727113732,710.717705894512,710.717802485942,0.814761620514883,1.10347337351379,0.871931427376185,0.871931308874716
1,0,1,1,1,1,0,2,619.470362937572,760.587008713685,749.902118885403,1007.62223561915,1007.62233221058,0.814463507581109,0.826068292563708,0.614784331904832,0.614784272971146
1,0,1,1,1,1,0,3,619.470362937572,760.587008713685,874.888355900281,1193.33416270641,1193.33425929784,0.814463507581109,0.708056472302826,0.519108881901655,0.519108839883697
1,0,1,1,1,2,0,1,629.199412114798,760.587008713685,619.873358243706,752.623653964216,752.62368793473,0.82725500817968,1.01504509549743,0.836008021805694,0.836007984071536
1,0,1,1,1,2,0,2,628.984988456589,760.587008713685,797.398814137358,1029.26104149539,1029.2610754659,0.82697308953559,0.788795991798705,0.611103464620356,0.611103444451034
1,0,1,1,1,2,0,3,628.984988456589,760.587008713685,911.857531304586,1199.18575675703,1199.18579072754,0.82697308953559,0.689784277546851,0.524510056021312,0.524510041163
1,0,1,0,0,0,1,1,693.277476350888,760.587008713685,836.383563134607,815.505982332474,815.50602666258,0.911503179002976,0.828898972802162,0.850119424468238,0.850119378256582
1,0,1,0,0,0,1,2,693.264904431334,760.587008713685,845.464123710158,829.820175298354,829.820219628459,0.911486649770409,0.819981457508892,0.835439924296945,0.835439879666627
1,0,1,0,0,0,1,3,693.264904431334,760.587008713685,851.505565940819,838.797129911504,838.797174241609,0.911486649770409,0.814163679206669,0.826498899089552,0.826498855409406
1,0,1,0,0,1,1,1,693.135197557834,760.587008713685,742.016127584558,769.411397828094,769.41145804603,0.911316114549568,0.934124167643306,0.900864218432982,0.900864147926904
1,0,1,0,0,1,1,2,693.099990124845,760.587008713685,797.656621585639,857.513414062279,857.513474280215,0.911269824733169,0.868920248849751,0.808267227962579,0.808267171202906
1,0,1,0,0,1,1,3,693.099990124845,760.587008713685,832.969708565467,909.974761232247,909.974821450183,0.911269824733169,0.832083067364473,0.761669465630322,0.76166941522655
1,0,1,0,0,2,1,1,667.174568405159,760.587008713685,682.271661371765,737.676955085955,737.677099425266,0.877183755128152,0.977872314180173,0.904426475309126,0.90442629834241
1,0,1,0,0,2,1,2,667.038843227675,760.587008713685,761.33636966947,864.488796032831,864.488940372141,0.877005307197897,0.876142096715105,0.771599176633335,0.771599047803355
1,0,1,0,0,2,1,3,667.038843227675,760.587008713685,816.577596504813,946.626892935493,946.627037274803,0.877005307197897,0.81687134949917,0.704648101808291,0.70464799436532
1,1,0,0,0,0,0,1,649.202282885258,760.587008713685,669.837225816833,751.859431483021,751.85950493397,0.853554261968263,0.969194093525615,0.863462311837633,0.86346222748394
1,1,0,0,0,0,0,2,649.04041123546,760.587008713685,786.755355553354,936.163985847692,936.164059298641,0.853341437336835,0.824958364317667,0.693297778003879,0.693297723608093
1,1,0,0,0,0,0,3,649.04041123546,760.587008713685,864.542857838395,1051.74812136076,1051.74819481171,0.853341437336835,0.75073248867991,0.617106318569626,0.617106275472766
1,1,0,0,0,1,0,1,649.332114859213,760.587008713685,669.054280964598,750.390565043839,750.390645429204,0.853724961667926,0.970522322827154,0.865325531939862,0.865325439242133
1,1,0,0,0,1,0,2,649.278240013958,760.587008713685,789.234261225262,940.156475883337,940.156556268702,0.853654128423816,0.822668593993846,0.690606571000768,0.690606511952453
1,1,0,0,0,1,0,3,649.278240013958,760.587008713685,867.616754904066,1056.60746031116,1056.60754069653,0.853654128423816,0.748346820579497,0.614493333051756,0.61449328630188
1,1,0,0,0,2,0,1,646.131272981859,760.587008713685,672.203223236366,745.019014909227,745.019077441566,0.849516578089606,0.961214184411402,0.867268163699934,0.867268090906756
1,1,0,0,0,2,0,2,645.96901370201,760.587008713685,787.121379911128,923.069388049456,923.069450581794,0.849303243812278,0.820672681734227,0.699805477318462,0.6998054299109
1,1,0,0,0,2,0,3,645.96901370201,760.587008713685,861.109268024376,1032.55383937957,1032.55390191191,0.849303243812278,0.750159169908882,0.625603226743271,0.62560318885621
1,1,0,0,1,0,0,1,625.837132924348,760.587008713685,563.335778772314,709.727671115427,709.727760011749,0.822834371024523,1.11094866775237,0.881798975007929,0.88179886455898
1,1,0,0,1,0,0,2,625.584230325574,760.587008713685,746.004571553886,997.678654643892,997.678743540214,0.822501861271033,0.838579620259587,0.627039806267949,0.627039750396725
1,1,0,0,1,0,0,3,625.584230325574,760.587008713685,867.537041906631,1178.26326155177,1178.26335044809,0.822501861271033,0.721103768607614,0.530937567807792,0.530937527750196
1,1,0,0,1,1,0,1,623.241566923644,760.587008713685,580.307513203636,719.339566779831,719.339660814432,0.819421788412714,1.07398500405929,0.866408016055094,0.866407902795203
1,1,0,0,1,1,0,2,623.040819857137,760.587008713685,757.171622290903,998.072218292865,998.072312327466,0.819157851395374,0.822852840115773,0.624244226457687,0.624244167643755
1,1,0,0,1,1,0,3,623.040819857137,760.587008713685,875.014748435637,1173.17077291693,1173.17086695153,0.819157851395374,0.712034649668497,0.531074276857436,0.531074234289589
1,1,0,0,1,2,0,1,632.544681356464,760.587008713685,654.509940169757,760.29374673938,760.293792101675,0.831653281096968,0.966440144808808,0.831974068008866,0.831974018369827
1,1,0,0,1,2,0,2,632.356653546215,760.587008713685,806.692475802882,996.666947402873,996.666992765168,0.831406067026657,0.783888126534024,0.634471380027217,0.634471351149891
1,1,0,0,1,2,0,3,632.356653546215,760.587008713685,904.305495577445,1141.43725987603,1141.43730523832,0.831406067026657,0.699273261789063,0.554000360576012,0.554000338559272
1,1,0,1,0,0,0,1,640.048873148154,760.587008713685,657.849986977886,749.055133212963,749.055212701934,0.841519597120931,0.972940466394917,0.85447498424149,0.854474893565481
1,1,0,1,0,0,0,2,639.870743386634,760.587008713685,786.511173746948,951.870921875845,951.871001364816,0.841285396747431,0.813555820622716,0.672224278188523,0.672224222052328
1,1,0,1,0,0,0,3,639.870743386634,760.587008713685,872.111519752725,1079.06413032265,1079.06420981162,0.841285396747431,0.733702891079871,0.59298676084739,0.592986717165182
1,1,0,1,0,1,0,1,640.71664207665,760.587008713685,662.831344815566,750.207623851043,750.207709326974,0.842397562325234,0.96663600339379,0.854052427230288,0.854052329922668
1,1,0,1,0,1,0,2,640.648752180468,760.587008713685,791.58100888548,953.463416018398,953.46350149433,0.842308302456996,0.809328097805783,0.671917497218484,0.67191743698254
1,1,0,1,0,1,0,3,640.648752180468,760.587008713685,875.747797368078,1078.50976968936,1078.50985516529,0.842308302456996,0.73154480560024,0.594012933573139,0.594012886495397
1,1,0,1,0,2,0,1,643.219728419177,760.587008713685,680.226622317269,771.679294890797,771.679337072861,0.845688555089836,0.945596228251073,0.833532443695021,0.8335323981319
1,1,0,1,0,2,0,2,643.057983290927,760.587008713685,815.014467272525,980.720168622849,980.720210804913,0.845475896805647,0.789014194365094,0.655699764178323,0.655699735975815
1,1,0,1,0,2,0,3,643.057983290927,760.587008713685,901.057448198451,1108.33098161285,1108.33102379491,0.845475896805647,0.713670348740404,0.580203922798535,0.580203900716505
1,1,0,1,1,0,0,1,621.073697834882,760.587008713685,556.362908299232,707.92978334801,707.929875386835,0.816571530567227,1.11631039483467,0.877309745180716,0.877309631120608
1,1,0,1,1,0,0,2,620.811855078604,760.587008713685,745.489079480516,1006.05989179923,1006.05998383806,0.816227266527375,0.832757812510423,0.617072462722221,0.617072406269698
1,1,0,1,1,0,0,3,620.811855078604,760.587008713685,871.317746994087,1193.02820071888,1193.02829275771,0.816227266527375,0.712497659114955,0.52036645462741,0.520366414482581
1,1,0,1,1,1,0,1,618.009450715911,760.587008713685,580.572180127456,721.142979391946,721.143076563982,0.812542738221492,1.06448340425171,0.856986018552111,0.856985903075615
1,1,0,1,1,1,0,2,617.806445451909,760.587008713685,760.7916040739,1005.1524359302,1005.15253310223,0.812275832184869,0.812057391463928,0.614639554527042,0.614639495107427
1,1,0,1,1,1,0,3,617.806445451909,760.587008713685,880.911888391957,1183.63451128045,1183.63460845248,0.812275832184869,0.701326039065804,0.521957107167795,0.521957064317041
1,1,0,1,1,2,0,1,631.615652428746,760.587008713685,617.892580883909,752.544772927464,752.544804625494,0.83043181804662,1.02220947777882,0.839306410928491,0.839306375575964
1,1,0,1,1,2,0,2,631.402009644631,760.587008713685,796.275996688683,1030.4432660976,1030.44329779563,0.830150926075461,0.792943668112964,0.612747960434368,0.612747941585292
1,1,0,1,1,2,0,3,631.402009644631,760.587008713685,911.167323103531,1201.01648860784,1201.01652030587,0.830150926075461,0.69295945281928,0.52572301515737,0.525723001282137
1,1,0,0,0,0,1,1,685.990081257846,760.587008713685,846.474264872751,822.320180047015,822.320229175795,0.901921901634898,0.810408667723607,0.834212874623391,0.834212824784097
1,1,0,0,0,0,1,2,685.977377907762,760.587008713685,855.649756288487,836.784017779153,836.784066907933,0.901905199600892,0.80170346904941,0.819778298022904,0.819778249892557
1,1,0,0,0,0,1,3,685.977377907762,760.587008713685,861.75435752592,845.854820105409,845.854869234189,0.901905199600892,0.796024263662779,0.810987135856572,0.810987088752974
1,1,0,0,0,1,1,1,685.876449964006,760.587008713685,752.440936235207,776.554493820008,776.554559505512,0.901772502167726,0.911535267333735,0.883230288952497,0.883230214243739
1,1,0,0,0,1,1,2,685.832485249489,760.587008713685,807.69589778951,864.007719112928,864.007784798432,0.901714698505537,0.849122159870398,0.793780506907541,0.79378044656101
1,1,0,0,0,1,1,3,685.832485249489,760.587008713685,842.942506785132,916.37191530318,916.371980988684,0.901714698505537,0.813617156246113,0.748421545658765,0.748421492011941
1,1,0,0,0,2,1,1,660.285953431631,760.587008713685,713.310102129797,758.954233136514,758.954374827833,0.868126783480453,0.925664660377238,0.869994427335732,0.869994264914034
1,1,0,0,0,2,1,2,660.163631105609,760.587008713685,787.525892976547,877.742907371529,877.743049062848,0.867965957270407,0.838275461153972,0.752115027716398,0.752114906304818
1,1,0,0,0,2,1,3,660.163631105609,760.587008713685,839.014146965982,954.314357984926,954.314499676245,0.867965957270407,0.786832538513055,0.691767472198126,0.691767369488332
1,1,1,0,0,0,0,1,656.035484673607,760.587008713685,631.996226311835,732.393716464645,732.393785428196,0.862538377802564,1.0380370283254,0.895741552563247,0.895741468218568
1,1,1,0,0,0,0,2,655.855217423404,760.587008713685,762.20129787782,937.64321664967,937.643285613221,0.862301367114585,0.860475072988575,0.699472044139418,0.699471992693333
1,1,1,0,0,0,0,3,655.855217423404,760.587008713685,848.828815139578,1066.36269471767,1066.36276368122,0.862301367114585,0.772658992868376,0.615039536428126,0.61503949665244
1,1,1,0,0,1,0,1,656.207855733805,760.587008713685,649.544964277359,738.157297904246,738.157374906421,0.862765006785473,1.01025778325271,0.888981058098173,0.888980965362563
1,1,1,0,0,1,0,2,656.147269960888,760.587008713685,774.922094967089,936.27516139605,936.275238398225,0.862685350188367,0.846726753853567,0.700806020510603,0.700805962874146
1,1,1,0,0,1,0,3,656.147269960888,760.587008713685,856.109783109261,1056.89209881963,1056.8921758218,0.862685350188367,0.766428889035541,0.620827112525202,0.620827067293494
1,1,1,0,0,2,0,1,654.875664720009,760.587008713685,657.23110035149,735.731450361524,735.731507833129,0.861013476719176,0.996416122684666,0.890101496134514,0.89010142660431
1,1,1,0,0,2,0,2,654.711632925376,760.587008713685,771.862119705395,914.469880305265,914.46993777687,0.860797811985551,0.848223557304855,0.715946634247617,0.715946589252587
1,1,1,0,0,2,0,3,654.711632925376,760.587008713685,846.672839339009,1025.31309633278,1025.31315380439,0.860797811985551,0.773275818598958,0.6385480057429,0.638547969950539
1,1,1,0,1,0,0,1,623.068269163189,760.587008713685,559.282626372511,708.682604647147,708.682695370125,0.81919394102843,1.1140490331416,0.879192271797633,0.87919215924664
1,1,1,0,1,0,0,2,622.810169878059,760.587008713685,745.70492911218,1002.55045480433,1002.55054552731,0.818854598806998,0.835196530911448,0.621225761649685,0.621225705433615
1,1,1,0,1,0,0,3,622.810169878059,760.587008713685,869.734669692394,1186.84574545839,1186.84583618136,0.818854598806998,0.716092150377694,0.524760839613169,0.524760799500236
1,1,1,0,1,1,0,1,621.331624737875,760.587008713685,571.733869581319,715.554838609133,715.554933807401,0.816910646145113,1.08674972359584,0.868321463587047,0.86832134806454
1,1,1,0,1,1,0,2,621.121816259655,760.587008713685,754.073270837638,1002.96993255256,1002.97002775083,0.816634795419534,0.823688944138946,0.619282588740121,0.619282529960069
1,1,1,0,1,1,0,3,621.121816259655,760.587008713685,875.352546756345,1183.17370065599,1183.17379585426,0.816634795419534,0.709567611999586,0.52496249360114,0.524962451362611
1,1,1,0,1,2,0,1,630.867055984553,760.587008713685,635.143661950464,750.869467625605,750.86951371755,0.829447582928722,0.993266710789843,0.840182059845205,0.840182008270831
1,1,1,0,1,2,0,2,630.664904082736,760.587008713685,795.701826375766,1001.0902652132,1001.09031130515,0.829181798870486,0.792589489149805,0.629978060917837,0.629978031912548
1,1,1,0,1,2,0,3,630.664904082736,760.587008713685,899.501596865296,1155.11833546087,1155.11838155281,0.829181798870486,0.701127053337717,0.545974282220284,0.545974260434623
1,1,1,1,0,0,0,1,644.635954884319,760.587008713685,621.873463125283,731.115720866215,731.115797347369,0.84755057278001,1.03660309228286,0.881715351600652,0.881715259365457
1,1,1,1,0,0,0,2,644.438576145509,760.587008713685,764.437976553567,955.84809705824,955.848173539395,0.847291064352246,0.843022711994152,0.67420605651553,0.674206002569663
1,1,1,1,0,0,0,3,644.438576145509,760.587008713685,859.28842822483,1096.78600015833,1096.78607663949,0.847291064352246,0.749967711629528,0.58757002373524,0.58756998276277
1,1,1,1,0,1,0,1,645.980496155477,760.587008713685,642.299981755752,738.098736659205,738.098819682461,0.849318340643193,1.00573021096725,0.875195233471506,0.875195135027293
1,1,1,1,0,1,0,2,645.906312511903,760.587008713685,777.804568181469,952.1510384958,952.151121519055,0.849220805919717,0.830422369493215,0.678365392041477,0.678365332891094
1,1,1,1,0,1,0,3,645.906312511903,760.587008713685,865.851938098582,1082.96111931358,1082.96120233684,0.849220805919717,0.745977786837687,0.596426132935686,0.596426087211759
1,1,1,1,0,2,0,1,648.726387618116,760.587008713685,651.441573101846,753.469486871807,753.469526736338,0.852928567259189,0.995832035295503,0.860985612451866,0.860985566898878
1,1,1,1,0,2,0,2,648.551260445094,760.587008713685,792.770279261918,973.087442081913,973.087481946445,0.852698314610886,0.818082207936587,0.666488161698525,0.666488134394466
1,1,1,1,0,2,0,3,648.551260445094,760.587008713685,883.523074357459,1107.69301980466,1107.69305966919,0.852698314610886,0.734051299018707,0.585497289275569,0.58549726820423
1,1,1,1,1,0,0,1,617.739441364417,760.587008713685,551.482115750173,706.671317806004,706.671412044482,0.812187736954837,1.12014410571432,0.87415383332991,0.874153716756739
1,1,1,1,1,0,0,2,617.471340775829,760.587008713685,745.128251055478,1011.92649724065,1011.92659147913,0.811835245279965,0.828677935511341,0.610193865324771,0.61019380849877
1,1,1,1,1,0,0,3,617.471340775829,760.587008713685,873.964123015595,1203.36319910332,1203.36329334179,0.811835245279965,0.706517950239487,0.513121342946117,0.513121302762263
1,1,1,1,1,1,0,1,615.579763942549,760.587008713685,568.725743890575,715.790609162009,715.790707808109,0.809348249299742,1.08238420812719,0.859999776559267,0.859999658039114
1,1,1,1,1,1,0,2,615.368243511209,760.587008713685,756.494037525998,1011.78591572526,1011.78601437136,0.809070147742765,0.813447579208529,0.608200048989719,0.60819998969204
1,1,1,1,1,1,0,3,615.368243511209,760.587008713685,881.280018273762,1197.19931103305,1197.19940967915,0.809070147742765,0.69826642015166,0.514006513234807,0.514006470882015
1,1,1,1,1,2,0,1,628.625783327466,760.587008713685,632.281652188438,762.759408924902,762.759442793574,0.82650081598239,0.994217974144405,0.824146875111649,0.824146838517202
1,1,1,1,1,2,0,2,628.418579161527,760.587008713685,809.044899974,1037.70237142672,1037.70240529539,0.826228389338804,0.77674128986132,0.605586530844605,0.60558651107939
1,1,1,1,1,2,0,3,628.418579161527,760.587008713685,922.392374363675,1205.96539674276,1205.96543061143,0.826228389338804,0.681292036477481,0.521091716942169,0.521091702307683
1,1,1,0,0,0,1,1,691.976401975709,760.587008713685,836.572339901063,815.979450346787,815.97949553433,0.909792560283128,0.827156683255324,0.848031652857952,0.848031605895416
1,1,1,0,0,0,1,2,691.962754163322,760.587008713685,846.430006152615,831.518638235458,831.518683423,0.909774616494671,0.817507353394273,0.832167461251039,0.83216741602824
1,1,1,0,0,0,1,3,691.962754163322,760.587008713685,852.98846922242,841.263832025587,841.26387721313,0.909774616494671,0.811221697749457,0.822527639750327,0.82252759556918
1,1,1,0,0,1,1,1,691.841193577154,760.587008713685,746.119780374703,771.721293301218,771.721355457583,0.909614791800355,0.927252180916192,0.896490999513104,0.89649092730748
1,1,1,0,0,1,1,2,691.810544865927,760.587008713685,800.729337615957,858.196964860814,858.197027017179,0.909574495672659,0.863975518776022,0.806120940987163,0.806120882602497
1,1,1,0,0,1,1,3,691.810544865927,760.587008713685,835.354020601439,909.63507613006,909.635138286425,0.909574495672659,0.828164500085648,0.760536354654613,0.760536302686331
1,1,1,0,0,2,1,1,666.111201607683,760.587008713685,691.35704467906,744.165309721507,744.165455337874,0.875785668143634,0.963483639509167,0.895111869507818,0.895111694354648
1,1,1,0,0,2,1,2,665.980260197404,760.587008713685,768.74960918304,868.297210583489,868.297356199856,0.875613509785973,0.866316226040297,0.766995738417576,0.766995609789828
1,1,1,0,0,2,1,3,665.980260197404,760.587008713685,822.763425242659,948.628296617061,948.628442233428,0.875613509785973,0.809443200517798,0.702045535192637,0.702045427427241
1,2,0,0,0,0,0,1,639.922886336598,760.587008713685,604.143494204892,724.34635003024,724.346429625324,0.841353952940695,1.05922333431529,0.883448762197646,0.883448665119541
1,2,0,0,0,0,0,2,639.709594319082,760.587008713685,758.201995534105,967.197338987689,967.197418582773,0.841073522148331,0.843719217421009,0.661405453191828,0.661405398761759
1,2,0,0,0,0,0,3,639.709594319082,760.587008713685,860.699581247988,1119.49808767999,1119.49816727508,0.841073522148331,0.743243761535846,0.571425356915788,0.571425316288075
1,2,0,0,0,1,0,1,640.458136112245,760.587008713685,625.267252558831,730.901059904169,730.901154821316,0.842057685412476,1.02429502503329,0.876258321743599,0.876258207949909
1,2,0,0,0,1,0,2,640.325022478033,760.587008713685,771.832301906448,962.430085943559,962.430180860706,0.841882671071334,0.829616771540155,0.665321078206178,0.665321012590635
1,2,0,0,0,1,0,3,640.325022478033,760.587008713685,867.173211835872,1104.08199202714,1104.08208694429,0.841882671071334,0.738404984999959,0.579961476685593,0.57996142682672
1,2,0,0,0,2,0,1,636.632010235832,760.587008713685,673.882056532118,750.085262981427,750.085332615667,0.83702719470914,0.944723196091644,0.848746191473429,0.848746112680001
1,2,0,0,0,2,0,2,636.461994939385,760.587008713685,796.292768237976,939.552877808889,939.552947443128,0.836803663023087,0.79928139539398,0.677409446527016,0.67740939632134
1,2,0,0,0,2,0,3,636.461994939385,760.587008713685,874.856303712335,1055.80655890071,1055.80662853495,0.836803663023087,0.727504611029998,0.602820648890512,0.602820609132325
1,2,0,0,1,0,0,1,610.705354858398,760.587008713685,568.103382201127,716.419342016616,716.419440884011,0.80293950312303,1.07498982402148,0.852441187781657,0.852441070142975
1,2,0,0,1,0,0,2,610.441617807023,760.587008713685,758.597782099546,1016.7062655362,1016.70636440359,0.802592748513297,0.804697340555787,0.600410992338169,0.60041093395251
1,2,0,0,1,0,0,3,610.441617807023,760.587008713685,885.336754068896,1205.02719217058,1205.02729103797,0.802592748513297,0.689502175303929,0.506579122673119,0.506579081110444
1,2,0,0,1,1,0,1,606.50379704556,760.587008713685,590.28094666314,726.853200792803,726.853315830191,0.797415404282657,1.02748326957549,0.834424057545631,0.834423925483271
1,2,0,0,1,1,0,2,606.296614560661,760.587008713685,774.52565302113,1017.48190124492,1017.48201628231,0.797143006144738,0.782797331754899,0.595879507850546,0.595879440479898
1,2,0,0,1,1,0,3,606.296614560661,760.587008713685,896.201071198661,1198.27077091599,1198.27088595338,0.797143006144738,0.676518511353423,0.505976302916238,0.505976254341084
1,2,0,0,1,2,0,1,611.168613115674,760.587008713685,665.519847977013,759.437696430925,759.437780898662,0.803548583020489,0.918332661262395,0.804764651515114,0.804764562005939
1,2,0,0,1,2,0,2,610.9692601061,760.587008713685,814.468061695085,990.717448107798,990.717532575535,0.803286478872915,0.750145142382305,0.616693751859331,0.616693699280544
1,2,0,0,1,2,0,3,610.9692601061,760.587008713685,910.435358001998,1132.89696016107,1132.89704462881,0.803286478872915,0.671073739322808,0.5392981723768,0.539298132167236
1,2,0,1,0,0,0,1,630.926112655587,760.587008713685,570.78519202968,711.648430868752,711.648516407805,0.829525229102476,1.1053652432924,0.886569948429981,0.886569841865642
1,2,0,1,0,0,0,2,630.68276120624,760.587008713685,746.555293598738,988.724623528709,988.724709067762,0.829205276951626,0.844790421572207,0.637875042451522,0.637874987266063
1,2,0,1,0,0,0,3,630.68276120624,760.587008713685,863.497954315745,1162.48925083405,1162.4893363731,0.829205276951626,0.730381303226141,0.542527821873402,0.542527781952764
1,2,0,1,0,1,0,1,637.902580391709,760.587008713685,598.286319044342,719.903713693767,719.903810087676,0.838697707275514,1.0662162247177,0.886094304360069,0.886094185713533
1,2,0,1,0,1,0,2,637.763504604392,760.587008713685,759.253565916553,974.068655405261,974.06875179917,0.83851485405067,0.839987499873641,0.6547418409014,0.654741776108103
1,2,0,1,0,1,0,3,637.763504604392,760.587008713685,864.417111105261,1130.31531934186,1130.31541573576,0.83851485405067,0.737796020475502,0.564235035738292,0.564234987620024
1,2,0,1,0,2,0,1,627.903082407647,760.587008713685,596.428609155194,710.518246855831,710.518324046933,0.825550627625845,1.05277156858226,0.883725485145848,0.883725389137424
1,2,0,1,0,2,0,2,627.674920614486,760.587008713685,752.17310283247,954.354971121804,954.355048312907,0.825250646439542,0.834482007201323,0.657695448347359,0.657695395150976
1,2,0,1,0,2,0,3,627.674920614486,760.587008713685,854.805537189807,1106.51125771938,1106.51133491048,0.825250646439542,0.734289722406317,0.56725579268681,0.567255753114599
1,2,0,1,1,0,0,1,606.334383793404,760.587008713685,534.787023303842,702.366648358749,702.366750121299,0.797192664148767,1.13378664285373,0.863273313461356,0.863273188385826
1,2,0,1,1,0,0,2,606.044877851513,760.587008713685,743.894012178752,1031.99363166731,1031.99373342986,0.79681202927258,0.814692507171149,0.587256412495855,0.587256354587838
1,2,0,1,1,0,0,3,606.044877851513,760.587008713685,883.016237376682,1238.71478426626,1238.71488602881,0.79681202927258,0.686334919108609,0.48925296246504,0.489252922272071
1,2,0,1,1,1,0,1,606.640835708422,760.587008713685,565.399152912164,715.792456494107,715.792571482047,0.797595579149296,1.07294259742668,0.847509400531684,0.847509264384196
1,2,0,1,1,1,0,2,606.434148454332,760.587008713685,761.438942720452,1024.98264490195,1024.98275988989,0.797323832127953,0.796431748404774,0.591653089416305,0.59165302304156
1,2,0,1,1,1,0,3,606.434148454332,760.587008713685,891.05131750926,1217.56353461,1217.56364959794,0.797323832127953,0.680582741462621,0.498071871582933,0.498071824544523
1,2,0,1,1,2,0,1,606.458400609097,760.587008713685,591.075051613425,719.133322020006,719.133411805226,0.797355718229724,1.02602605025146,0.843318452975575,0.843318347685608
1,2,0,1,1,2,0,2,606.206640162185,760.587008713685,768.402980384472,996.931039300497,996.931129085716,0.797024710147771,0.788917606564811,0.608072791662234,0.608072736898221
1,2,0,1,1,2,0,3,606.206640162185,760.587008713685,885.144121654702,1170.1009767874,1170.10106657262,0.797024710147771,0.684867724172345,0.518080620551715,0.518080580797899
1,2,0,0,0,0,1,1,670.301142728115,760.587008713685,768.521837125281,791.062652183426,791.062711686039,0.881294493659229,0.872195310982225,0.847342673652971,0.84734260991706
1,2,0,0,0,0,1,2,670.223112526509,760.587008713685,824.882201933693,879.906631669356,879.906691171968,0.881191901581384,0.812507665888981,0.761697989768486,0.761697938259593
1,2,0,0,0,0,1,3,670.223112526509,760.587008713685,862.379654349327,935.623944786338,935.62400428895,0.881191901581384,0.777178716063516,0.716338135915881,0.716338090359129
1,2,0,0,0,1,1,1,670.272812247826,760.587008713685,772.361625878053,787.099871950902,787.099951244681,0.881257245481223,0.867822519646586,0.851572762407508,0.85157267661863
1,2,0,0,0,1,1,2,670.271769928909,760.587008713685,831.301452471646,880.878232633412,880.878311927191,0.881255875067445,0.806292071228844,0.760913080943222,0.76091301244832
1,2,0,0,0,1,1,3,670.271769928909,760.587008713685,866.774007011935,933.565507571094,933.565586864873,0.881255875067445,0.773294727929791,0.717969724130865,0.717969663149041
1,2,0,0,0,2,1,1,636.691104323288,760.587008713685,643.638467355649,721.830745985363,721.830920652048,0.837104890077031,0.989206109664477,0.882050408443253,0.882050195007092
1,2,0,0,0,2,1,2,636.502725464049,760.587008713685,755.154458925448,899.07872734248,899.078902009164,0.836857214456648,0.842877530472064,0.707949933756569,0.707949796221068
1,2,0,0,0,2,1,3,636.502725464049,760.587008713685,831.636136770304,1012.60810298772,1012.6082776544,0.836857214456648,0.765362034333833,0.628577554915903,0.628577446491392
1,2,1,0,0,0,0,1,640.067968344102,760.587008713685,584.167336302119,715.098888407308,715.098967915354,0.84154470298749,1.09569284102025,0.895076161801457,0.895076062282705
1,2,1,0,0,0,0,2,639.841774603048,760.587008713685,747.544612032769,972.639580040914,972.63965954896,0.841247309344866,0.855924535210215,0.657840568832427,0.657840515057509
1,2,1,0,0,0,0,3,639.841774603048,760.587008713685,856.242127446855,1134.15277923733,1134.15285874538,0.841247309344866,0.74726733723197,0.564158362362178,0.564158322812722
1,2,1,0,0,1,0,1,640.61130321063,760.587008713685,604.661697250159,721.570064521296,721.570159703306,0.842259065526297,1.05945408171869,0.887801940114608,0.887801823005036
1,2,1,0,0,1,0,2,640.480174358507,760.587008713685,761.074988183733,968.620289281688,968.620384463697,0.842086660724978,0.841546738892287,0.661229360406518,0.661229295430455
1,2,1,0,0,1,0,3,640.480174358507,760.587008713685,862.943492675321,1119.96978866992,1119.96988385193,0.842086660724978,0.742204072218996,0.571872724459062,0.57187267585776
1,2,1,0,0,2,0,1,638.43279619026,760.587008713685,667.999709795151,746.703789891876,746.703860462641,0.83939482120525,0.955738134057037,0.855001413991358,0.855001333185422
1,2,1,0,0,2,0,2,638.260613755291,760.587008713685,790.685027383304,937.398439869937,937.398510440702,0.839168440221883,0.807224864074577,0.680885082168314,0.680885030908811
1,2,1,0,0,2,0,3,638.260613755291,760.587008713685,870.145900102997,1055.07768772289,1055.07775829366,0.839168440221883,0.733509878837264,0.604941817254054,0.604941776791438
1,2,1,0,1,0,0,1,608.06000557854,760.587008713685,547.150453870896,707.550717492639,707.550818112545,0.799461466751712,1.11132139483159,0.859387165535404,0.859387043323042
1,2,1,0,1,0,0,2,607.78015773205,760.587008713685,749.281505621575,1026.18114290334,1026.18124352324,0.799093530087946,0.811150619856631,0.592273753942194,0.592273695868115
1,2,1,0,1,0,0,3,607.78015773205,760.587008713685,883.762528242844,1226.00595133638,1226.00605195629,0.799093530087946,0.687718859205854,0.495739973423093,0.49573993273707
1,2,1,0,1,1,0,1,604.232288986345,760.587008713685,566.098093218774,716.687886574937,716.688003327393,0.794428884616673,1.06736322949039,0.84308985864681,0.84308972130279
1,2,1,0,1,1,0,2,604.021877767958,760.587008713685,763.433055192065,1027.93502667631,1027.93514342876,0.794152241424012,0.791191675105026,0.587607058902336,0.587606992162165
1,2,1,0,1,1,0,3,604.021877767958,760.587008713685,893.849227226065,1221.71028209742,1221.71039884988,0.794152241424012,0.675753649910796,0.494406805458801,0.494406758210935
1,2,1,0,1,2,0,1,609.587396549135,760.587008713685,652.845890575101,751.336060363161,751.336145723958,0.801469640639902,0.933738582641826,0.81133786691203,0.811337774734318
1,2,1,0,1,2,0,2,609.378543381849,760.587008713685,805.452415043461,988.982219536685,988.982304897481,0.80119504593227,0.75656678408366,0.616167339861103,0.61616728667862
1,2,1,0,1,2,0,3,609.378543381849,760.587008713685,904.491242248891,1135.76680002231,1135.7668853831,0.80119504593227,0.673725200331088,0.536534914887353,0.536534874563015
1,2,1,1,0,0,0,1,628.311144968027,760.587008713685,566.957317683922,710.661450185831,710.661537450013,0.82608713765784,1.10821595448268,0.884121609246892,0.884121500683047
1,2,1,1,0,0,0,2,628.062885669082,760.587008713685,746.272305568097,993.325644416231,993.325731680414,0.825760732794095,0.841600151825239,0.632282967020537,0.63228291147415
1,2,1,1,0,0,0,3,628.062885669082,760.587008713685,865.573435865132,1170.59471214624,1170.59479941042,0.825760732794095,0.725603235549089,0.536533164853918,0.536533124857048
1,2,1,1,0,1,0,1,635.581327060015,760.587008713685,577.788142363852,711.382384386835,711.382482438304,0.835645783820208,1.10002487150345,0.893445411370207,0.89344528822459
1,2,1,1,0,1,0,2,635.438247473286,760.587008713685,750.103849556875,983.424016991514,983.424115042983,0.835457666504123,0.84713369735227,0.646148798986236,0.646148734562517
1,2,1,1,0,1,0,3,635.438247473286,760.587008713685,862.840832475947,1150.92286397552,1150.92296202699,0.835457666504123,0.736448975936707,0.552111933269234,0.552111886232735
1,2,1,1,0,2,0,1,625.229794998139,760.587008713685,593.84905101687,709.575816164026,709.575897783673,0.822035858928929,1.05284296392751,0.881131770214685,0.881131668861661
1,2,1,1,0,2,0,2,624.997543680193,760.587008713685,751.712053044443,956.949800549427,956.949882169073,0.821730500941894,0.831432117057249,0.653114242065105,0.653114186360042
1,2,1,1,0,2,0,3,624.997543680193,760.587008713685,855.954504774408,1111.51478784594,1111.51486946559,0.821730500941894,0.730176125242678,0.562293502987401,0.562293461697628
1,2,1,1,1,0,0,1,601.526364023159,760.587008713685,527.74888833186,700.551932766311,700.552037700777,0.790871204913779,1.13979655347925,0.858646355663992,0.858646227048855
1,2,1,1,1,0,0,2,601.227834245901,760.587008713685,743.373695215549,1040.45331531685,1040.45342025131,0.790478705733753,0.808782767153966,0.577851812661878,0.577851754382891
1,2,1,1,1,0,0,3,601.227834245901,760.587008713685,886.832329013188,1253.61791994222,1253.61802487669,0.790478705733753,0.677949838516723,0.47959416077397,0.4795941206294
1,2,1,1,1,1,0,1,602.227607735596,760.587008713685,542.214392462705,706.783417509299,706.783535411831,0.791793181892617,1.11068170839272,0.852068105754154,0.852067963615887
1,2,1,1,1,1,0,2,602.012465569815,760.587008713685,752.181699467269,1037.89741945936,1037.8975373619,0.791510318573475,0.80035510834176,0.580030795223868,0.580030729333839
1,2,1,1,1,1,0,3,602.012465569815,760.587008713685,891.160654232373,1244.39527117777,1244.3953890803,0.791510318573475,0.675537528178212,0.483779133136721,0.483779087300176
1,2,1,1,1,2,0,1,601.198996065803,760.587008713685,572.343097662825,707.657781942702,707.657875931976,0.790440790045255,1.05041713357043,0.849561767575504,0.849561654738925
1,2,1,1,1,2,0,2,600.930530056489,760.587008713685,757.317894240707,997.872908306019,997.873002295293,0.790087817924724,0.793498390341068,0.602211489113001,0.602211432390933
1,2,1,1,1,2,0,3,600.930530056489,760.587008713685,879.641869697689,1179.331520162,1179.33161415128,0.790087817924724,0.683153622806761,0.509551826422768,0.50955178581298
1,2,1,0,0,0,1,1,671.957471490171,760.587008713685,778.202271648234,795.031067453062,795.031125859854,0.883472191599216,0.863474055488124,0.845196494827346,0.845196432735166
1,2,1,0,0,0,1,2,671.887284735282,760.587008713685,828.897400313929,874.94461993843,874.944678345222,0.883379911880939,0.810579553610396,0.767919785348887,0.767919734086524
1,2,1,0,0,0,1,3,671.887284735282,760.587008713685,862.625680485788,925.06133523958,925.061393646372,0.883379911880939,0.778886253834814,0.726316471287032,0.726316425428654
1,2,1,0,0,1,1,1,671.981442219615,760.587008713685,763.911851761767,783.76716818143,783.767245499016,0.8835037076903,0.879658354127983,0.857373808829999,0.857373724251225
1,2,1,0,0,1,1,2,671.960706358729,760.587008713685,824.803906991961,880.452986751438,880.453064069024,0.883476444720187,0.814691468678116,0.763198849308272,0.763198782287445
1,2,1,0,0,1,1,3,671.960706358729,760.587008713685,862.310514878741,936.166951958187,936.167029275773,0.883476444720187,0.779256073959878,0.717778709185561,0.717778649904562
1,2,1,0,0,2,1,1,637.113052111643,760.587008713685,661.937489896395,732.367803066105,732.367984974786,0.837659656045319,0.962497308033366,0.869935911224291,0.869935695145901
1,2,1,0,0,2,1,2,636.936858086581,760.587008713685,766.381553449831,898.48515040339,898.485332312072,0.837428000727724,0.831096279939724,0.708900818005303,0.708900674480186
1,2,1,0,0,2,1,3,636.936858086581,760.587008713685,838.096404985848,1004.95601127373,1004.95619318241,0.837428000727724,0.759980420268401,0.633795759158947,0.633795644434592
2,0,0,0,0,0,0,1,643.254093785671,760.587008713685,591.878007262604,723.916696935201,723.916763065804,0.845733737779128,1.08680181708504,0.888574744178403,0.888574663006111
2,0,0,0,0,0,0,2,643.031416976268,760.587008713685,755.836188249909,982.037101522069,982.037167652671,0.845440968106688,0.850755000849016,0.654793404423955,0.654793360330021
2,0,0,0,0,0,0,3,643.031416976268,760.587008713685,864.586874654639,1143.66019538993,1143.66026152053,0.845440968106688,0.743744134715356,0.562257407898182,0.562257375386411
2,0,0,0,0,1,0,1,643.321903743941,760.587008713685,598.270020255415,725.115443437635,725.115512496817,0.845822892547081,1.07530359530516,0.887199286080674,0.887199201584817
2,0,0,0,0,1,0,2,643.135274937465,760.587008713685,760.267421531307,980.354048016667,980.354117075849,0.845577517850514,0.845932966116162,0.656023480740022,0.656023434527696
2,0,0,0,0,1,0,3,643.135274937465,760.587008713685,866.658271502623,1138.46110036483,1138.46116942401,0.845577517850514,0.742086351777834,0.564916337265602,0.564916302997714
2,0,0,0,0,2,0,1,636.064182323896,760.587008713685,592.499078338171,717.365624206246,717.365666738223,0.836280629351816,1.07352771603952,0.886666660432315,0.886666607862633
2,0,0,0,0,2,0,2,635.836853459888,760.587008713685,759.278476237316,975.931167633099,975.931210165076,0.835981743279081,0.837422465352691,0.651518134216337,0.651518105822579
2,0,0,0,0,2,0,3,635.836853459888,760.587008713685,866.57692612535,1134.83311086938,1134.83315340135,0.835981743279081,0.733733883618215,0.560291066034179,0.560291045035245
2,0,0,0,1,0,0,1,640.893591064747,760.587008713685,588.483920810272,723.178963872119,723.179031333136,0.842630210248574,1.0890587973624,0.886217137225907,0.886217054556046
2,0,0,0,1,0,0,2,640.666434444928,760.587008713685,755.740611278705,986.492232863039,986.492300324056,0.842331550638014,0.847733236620601,0.649438903928882,0.649438859517173
2,0,0,0,1,0,0,3,640.666434444928,760.587008713685,866.679143193949,1151.3668589465,1151.36692640752,0.842331550638014,0.739219859478673,0.556439877930077,0.556439845327091
2,0,0,0,1,1,0,1,645.546425684499,760.587008713685,593.665614657527,722.607249317493,722.607317433575,0.848747636087363,1.0873906282359,0.893357250836082,0.893357166624375
2,0,0,0,1,1,0,2,645.349670362284,760.587008713685,756.110320916544,978.514394517612,978.514462633694,0.848488947311508,0.853512579460629,0.659519853747709,0.659519807837393
2,0,0,0,1,1,0,3,645.349670362284,760.587008713685,862.990179350263,1137.35026481714,1137.35033293323,0.848488947311508,0.747806505571316,0.567415061415613,0.56741502743304
2,0,0,0,1,2,0,1,642.333950143067,760.587008713685,610.31213598824,739.004829442295,739.004843194008,0.844523956870353,1.05246792955047,0.869187757037822,0.869187740863611
2,0,0,0,1,2,0,2,642.1204980674,760.587008713685,780.34199196788,1002.28828914786,1002.28830289957,0.844243315637697,0.822870619134681,0.640654495338192,0.64065448654821
2,0,0,0,1,2,0,3,642.1204980674,760.587008713685,888.895481851247,1163.19301670405,1163.19303045577,0.844243315637697,0.722380202372157,0.552032628159056,0.552032621632715
2,0,0,1,0,0,0,1,659.504039443511,760.587008713685,615.243250572638,728.99532788903,728.995384860918,0.867098743323099,1.07194030788583,0.904675262258886,0.904675191557399
2,0,0,1,0,0,0,2,659.312202113842,760.587008713685,756.494150036794,951.367515104075,951.367572075962,0.866846520595822,0.871536418466389,0.693015256088197,0.693015214587532
2,0,0,1,0,0,0,3,659.312202113842,760.587008713685,850.183480935153,1090.60672381902,1090.60678079091,0.866846520595822,0.775494016172411,0.604537078045055,0.60453704646482
2,0,0,1,0,1,0,1,661.212941784827,760.587008713685,615.758264181256,726.914647064979,726.914707198903,0.869345563636538,1.07381902971941,0.909615653577168,0.909615578329332
2,0,0,1,0,1,0,2,661.051421448569,760.587008713685,756.789338587008,949.159074947941,949.159135081865,0.869133200903008,0.873494627557532,0.69646009704414,0.69646005291995
2,0,0,1,0,1,0,3,661.051421448569,760.587008713685,849.217272327879,1086.51491296934,1086.51497310326,0.869133200903008,0.778424371464433,0.608414494414975,0.608414460741853
2,0,0,1,0,2,0,1,657.145729231742,760.587008713685,612.516020397602,725.453604947941,725.453628897897,0.863998098446508,1.07286292496508,0.905841152004336,0.905841122099109
2,0,0,1,0,2,0,2,656.950130922189,760.587008713685,759.618966466957,953.857690343842,953.857714293798,0.863740930880784,0.864841663943322,0.688729710493161,0.688729693200177
2,0,0,1,0,2,0,3,656.950130922189,760.587008713685,854.394548800102,1094.31428455712,1094.31430850707,0.863740930880784,0.768907212534069,0.60033039885618,0.600330385717463
2,0,0,1,1,0,0,1,654.282649412449,760.587008713685,607.735591712654,727.363475475975,727.363535390717,0.860233795629748,1.07659096872806,0.899526401135687,0.899526327039462
2,0,0,1,1,0,0,2,654.080902821825,760.587008713685,756.282735476573,961.22218638431,961.222246299052,0.859968544464117,0.864862930408763,0.680467962648871,0.680467920234057
2,0,0,1,1,0,0,3,654.080902821825,760.587008713685,854.811541727719,1107.6537265233,1107.65378643804,0.859968544464117,0.765175563142042,0.590510271540233,0.5905102395986
2,0,0,1,1,1,0,1,660.268785810927,760.587008713685,614.476802149745,726.724215197551,726.724275734064,0.868104211939647,1.07452190790764,0.908554816260582,0.90855474057749
2,0,0,1,1,1,0,2,660.104649997317,760.587008713685,756.744782595355,950.907292323584,950.907352860097,0.867888410444579,0.872294946961382,0.694184023328207,0.694183979135174
2,0,0,1,1,1,0,3,660.104649997317,760.587008713685,850.036635418449,1089.54737872223,1089.54743925874,0.867888410444579,0.776560235750741,0.605852175764452,0.605852142102607
2,0,0,1,1,2,0,1,658.678881755396,760.587008713685,619.967835999892,740.224932549248,740.224934413678,0.866013847474679,1.06244040982073,0.889836119795348,0.889836117554087
2,0,0,1,1,2,0,2,658.486722220046,760.587008713685,774.933689581247,980.615408537315,980.615410401745,0.865761201119761,0.849732991445854,0.671503544087936,0.671503542811216
2,0,0,1,1,2,0,3,658.486722220046,760.587008713685,874.158815398836,1127.77934832589,1127.77935019032,0.865761201119761,0.753280422985394,0.583879039102394,0.583879038137133
2,0,0,0,0,0,1,1,669.106166689092,760.587008713685,888.630634581204,846.430636332622,846.430692712152,0.879723370269883,0.752963200514047,0.790503247363737,0.790503194709453
2,0,0,0,0,0,1,2,669.10545838951,760.587008713685,889.154453843825,847.25625968653,847.25631606606,0.879722439016031,0.752518817734039,0.789732091961253,0.789732039409595
2,0,0,0,0,0,1,3,669.10545838951,760.587008713685,889.50236464967,847.77333727489,847.77339365442,0.879722439016031,0.752224485263776,0.789250415140802,0.789250362653229
2,0,0,0,0,1,1,1,669.411611172614,760.587008713685,773.021616217084,794.358130096674,794.358197558614,0.880124960725705,0.865967519056577,0.842707572076018,0.842707500507942
2,0,0,0,0,1,1,2,669.315540060926,760.587008713685,828.551519873855,881.83888807906,881.838955541,0.879998648928913,0.807814027259075,0.758999800427173,0.758999742362604
2,0,0,0,0,1,1,3,669.315540060926,760.587008713685,865.656023894039,936.987579575535,936.987647037475,0.879998648928913,0.773188797381781,0.714327014200267,0.714326962769614
2,0,0,0,0,2,1,1,645.430854350836,760.587008713685,760.151900894597,795.174544447317,795.174671793984,0.848595685906333,0.849081418583904,0.811684502299354,0.811684372308648
2,0,0,0,0,2,1,2,645.324773614489,760.587008713685,835.024764313509,913.26713958863,913.267266935298,0.848456213715602,0.772821120035912,0.70661118268765,0.706611084157261
2,0,0,0,0,2,1,3,645.324773614489,760.587008713685,884.972076820344,987.464903024617,987.465030371285,0.848456213715602,0.729203542707365,0.653516668428267,0.653516584148654
2,0,1,0,0,0,0,1,628.572854633422,760.587008713685,570.768353599265,719.328337246552,719.328411651722,0.826431226713263,1.10127488791143,0.873833021842955,0.873832931456291
2,0,1,0,0,0,0,2,628.322315467625,760.587008713685,755.241743533003,1009.74596543977,1009.74603984494,0.82610182433993,0.83194860565883,0.622257812333991,0.622257766481671
2,0,1,0,0,0,0,3,628.322315467625,760.587008713685,877.599820805493,1191.59209131068,1191.59216571585,0.82610182433993,0.71595538259218,0.527296480103783,0.527296447178436
2,0,1,0,0,1,0,1,628.704673273494,760.587008713685,583.465899422367,721.83619875228,721.836278682939,0.826604538429821,1.07753456353818,0.870979696446691,0.870979600001024
2,0,1,0,0,1,0,2,628.523524577226,760.587008713685,763.956123034964,1006.37468439441,1006.37476432507,0.826366368839501,0.822722019793878,0.624542264748485,0.624542215144623
2,0,1,0,0,1,0,3,628.523524577226,760.587008713685,881.649000473398,1181.27045705818,1181.27053698884,0.826366368839501,0.712895408762152,0.532074192511757,0.532074156508963
2,0,1,0,0,2,0,1,625.578996611461,760.587008713685,583.26584789573,716.049099274254,716.04915088781,0.822494980119958,1.072545219077,0.873653772130307,0.873653709156449
2,0,1,0,0,2,0,2,625.335891479065,760.587008713685,759.611720599779,990.919069332967,990.919120946523,0.822175351820223,0.823230967243776,0.631066563185637,0.631066530315558
2,0,1,0,0,2,0,3,625.335891479065,760.587008713685,874.383993791061,1161.07159485706,1161.07164647061,0.822175351820223,0.715173077182944,0.538585126230784,0.538585102288857
2,0,1,0,1,0,0,1,617.196078354737,760.587008713685,554.41007453591,715.772728546048,715.772809363342,0.811473337414147,1.11324830969456,0.862279399228369,0.862279301869142
2,0,1,0,1,0,0,2,616.923948109876,760.587008713685,754.781096820273,1031.21810021389,1031.21818103119,0.811115547652104,0.81735479426928,0.598247788689818,0.598247741804718
2,0,1,0,1,0,0,3,616.923948109876,760.587008713685,887.683804558469,1228.73544486882,1228.73552568611,0.811115547652104,0.694981642046215,0.502080371072668,0.50208033804947
2,0,1,0,1,1,0,1,623.720224875599,760.587008713685,561.583725338325,714.863910673117,714.863992851189,0.820051115427862,1.11064512152634,0.872502046282211,0.872501945982663
2,0,1,0,1,1,0,2,623.493830026744,760.587008713685,755.329648023546,1020.12674568239,1020.12682786047,0.819753457373936,0.825459230493899,0.611192513739721,0.611192464504057
2,0,1,0,1,1,0,3,623.493830026744,760.587008713685,882.567848705659,1209.21536789088,1209.21545006895,0.819753457373936,0.70645427537513,0.515618513114209,0.515618478072864
2,0,1,0,1,2,0,1,622.769783126773,760.587008713685,569.151033108009,732.120103509122,732.12012846733,0.818801499357725,1.09420829779745,0.850638822976964,0.850638793978417
2,0,1,0,1,2,0,2,622.509430946533,760.587008713685,775.599764794138,1054.10793323713,1054.10795819534,0.818459195088448,0.802616838224238,0.590555683453428,0.590555669470789
2,0,1,0,1,2,0,3,622.509430946533,760.587008713685,909.377945154593,1252.71808957617,1252.71811453437,0.818459195088448,0.68454423626989,0.496926991097532,0.496926981197135
2,0,1,1,0,0,0,1,634.224971616504,760.587008713685,578.895340070924,721.094805693238,721.09487691279,0.833862482990754,1.09557795289698,0.879530633987551,0.879530547119956
2,0,1,1,0,0,0,2,633.985159154096,760.587008713685,755.470598266931,999.078354980802,999.078426200355,0.833547183807806,0.839192366464656,0.634570007440786,0.634569962205306
2,0,1,1,0,0,0,3,633.985159154096,760.587008713685,872.589978436166,1173.13883405116,1173.13890527071,0.833547183807806,0.726555627295088,0.540417843781351,0.540417810973372
2,0,1,1,0,1,0,1,636.679581656253,760.587008713685,579.61452676838,718.090404358895,718.090480339067,0.837089740374364,1.09845345872547,0.886628727791837,0.886628633978864
2,0,1,1,0,1,0,2,636.48489651555,760.587008713685,755.910784512296,995.950256635761,995.950332615933,0.836833773419272,0.842010604368083,0.639072978067744,0.639072929313431
2,0,1,1,0,1,0,3,636.48489651555,760.587008713685,871.229718872224,1167.3221747896,1167.32225076977,0.836833773419272,0.730559211569891,0.545252125130125,0.545252089640053
2,0,1,1,0,2,0,1,633.892447774714,760.587008713685,580.003667944517,721.929237657741,721.929279424759,0.833425289299591,1.09291110178867,0.878053436139174,0.878053385339636
2,0,1,1,0,2,0,2,633.652639258606,760.587008713685,761.01539643627,1004.48204666486,1004.48208843188,0.833109995305136,0.832641024381259,0.630825251046046,0.630825224815922
2,0,1,1,0,2,0,3,633.652639258606,760.587008713685,878.866889947569,1179.35924947986,1179.35929124688,0.833109995305136,0.72098817978728,0.537285512907172,0.537285493879201
2,0,1,1,1,0,0,1,623.179625787976,760.587008713685,563.013613561734,717.642779674096,717.642857118972,0.819340349819944,1.10686422277717,0.868370230201412,0.868370136490698
2,0,1,1,1,0,0,2,622.918851242001,760.587008713685,755.023371203461,1019.92495936568,1019.92503681055,0.818997490235193,0.825032542037879,0.610749688515726,0.610749642140324
2,0,1,1,1,0,0,3,622.918851242001,760.587008713685,882.380193621249,1209.20012023902,1209.2001976839,0.818997490235193,0.705952893939708,0.51514951149597,0.515149478502517
2,0,1,1,1,1,0,1,630.82695546215,760.587008713685,571.631237394843,716.853779509096,716.853858030617,0.829394859805735,1.10355577896178,0.879993903211534,0.879993806820257
2,0,1,1,1,1,0,2,630.616325935553,760.587008713685,755.636171015867,1006.80056570282,1006.80064422434,0.829117929587122,0.834550210966954,0.626356745732795,0.626356696882525
2,0,1,1,1,1,0,3,630.616325935553,760.587008713685,876.315203578524,1186.14033111297,1186.14040963449,0.829117929587122,0.719622714932214,0.531654062672195,0.531654027477133
2,0,1,1,1,2,0,1,629.956630964354,760.587008713685,580.365356040696,737.121129876387,737.121149669702,0.828250579811697,1.08544837214608,0.854617518656663,0.854617495708314
2,0,1,1,1,2,0,2,629.7099568737,760.587008713685,778.350659810566,1045.96108612167,1045.96110591499,0.827926259138548,0.809031185284738,0.60203956459662,0.602039553203885
2,0,1,1,1,2,0,3,629.7099568737,760.587008713685,906.595200818082,1236.39472147193,1236.39474126524,0.827926259138548,0.694587789903884,0.509311424529562,0.509311416376049
2,0,1,0,0,0,1,1,665.867964594808,760.587008713685,843.684782831561,827.272601096144,827.272659491273,0.875465866450878,0.789237850610548,0.804895464581477,0.8048954077659
2,0,1,0,0,0,1,2,665.834943739451,760.587008713685,868.10518423492,865.763078917702,865.763137312831,0.875422451489829,0.766998004194924,0.769072925322499,0.769072873449059
2,0,1,0,0,0,1,3,665.834943739451,760.587008713685,884.324751054213,889.869184144274,889.869242539402,0.875422451489829,0.752930349337957,0.748239129529739,0.748239080428683
2,0,1,0,0,1,1,1,666.130144073853,760.587008713685,746.378142387462,782.694428976578,782.694500636599,0.875810573205058,0.892483456097847,0.851073061737337,0.85107298381688
2,0,1,0,0,1,1,2,666.040762746971,760.587008713685,817.909404893519,895.52397649287,895.524048152891,0.875693056963184,0.814320948948717,0.743744199184235,0.743744139669669
2,0,1,0,0,1,1,3,666.040762746971,760.587008713685,865.017318534558,965.53497958817,965.535051248191,0.875693056963184,0.769973905118251,0.689815259754813,0.689815208558146
2,0,1,0,0,2,1,1,644.774776627604,760.587008713685,753.45220186102,784.181041921083,784.181179453265,0.847733091994373,0.855760690638392,0.82222693760619,0.822226793401423
2,0,1,0,0,2,1,2,644.664928869094,760.587008713685,825.460649312944,897.339752141526,897.339889673707,0.847588667020962,0.780975967062353,0.718417887239012,0.718417777129587
2,0,1,0,0,2,1,3,644.664928869094,760.587008713685,873.392156819999,968.410562399874,968.410699932056,0.847588667020962,0.738116233166444,0.665693822330389,0.665693727789587
2,1,0,0,0,0,0,1,654.330618092377,760.587008713685,607.804564243478,727.378467232121,727.378527119828,0.86029686360143,1.07654772041209,0.899573808642272,0.899573734577105
2,1,0,0,0,0,0,2,654.128962537696,760.587008713685,756.284677732814,961.131651953895,961.131711841601,0.860031732127488,0.864924256430317,0.680582063037784,0.680582020631007
2,1,0,0,0,0,0,3,654.128962537696,760.587008713685,854.769023937337,1107.49711646131,1107.49717634901,0.860031732127488,0.765269849771311,0.590637169898717,0.59063713796012
2,1,0,0,0,1,0,1,654.427277078201,760.587008713685,610.238784832462,727.225838694175,727.225902239823,0.860423948319833,1.07241180558176,0.899895523862721,0.899895445229047
2,1,0,0,0,1,0,2,654.258621515287,760.587008713685,758.475130477804,960.753695461619,960.753759007267,0.860202204376035,0.862597328805144,0.680984756661208,0.680984711619888
2,1,0,0,0,1,0,3,654.258621515287,760.587008713685,855.964301807603,1105.63231983843,1105.63238338408,0.860202204376035,0.764352695706632,0.591750629730955,0.591750595720395
2,1,0,0,0,2,0,1,647.421343969109,760.587008713685,595.229120362962,712.763618508998,712.76365683964,0.851212729841438,1.08768425774317,0.908325463248846,0.90832541440138
2,1,0,0,0,2,0,2,647.207048621569,760.587008713685,749.801830215787,952.732947401431,952.732985732073,0.850930979896875,0.86317080399138,0.679316329289146,0.679316301958686
2,1,0,0,0,2,0,3,647.207048621569,760.587008713685,849.6338128731,1100.58708476041,1100.58712309105,0.850930979896875,0.761748224724003,0.588056190721576,0.588056170241079
2,1,0,0,1,0,0,1,639.564956922527,760.587008713685,586.57352303685,722.763722946206,722.763791156062,0.840883356664437,1.09034065092356,0.884888016121596,0.884887932611486
2,1,0,0,1,0,0,2,639.335278793617,760.587008713685,755.686814760689,988.999851073014,988.999919282869,0.840581381839363,0.84603206818698,0.646446284193037,0.646446239608597
2,1,0,0,1,0,0,3,639.335278793617,760.587008713685,867.856798865081,1155.70463675675,1155.70470496661,0.840581381839363,0.736682917769029,0.55319954464125,0.553199511991334
2,1,0,0,1,1,0,1,641.135479507461,760.587008713685,588.534285068699,722.955769782459,722.955839234571,0.842948238876388,1.0893766017941,0.886825316713888,0.886825231519346
2,1,0,0,1,1,0,2,640.923984280737,760.587008713685,755.902844483783,986.47557323096,986.475642683072,0.842670170457784,0.847892012786952,0.649710952478577,0.649710906736143
2,1,0,0,1,1,0,3,640.923984280737,760.587008713685,866.734634989458,1151.1887334982,1151.18880295032,0.842670170457784,0.739469681269323,0.556749701965127,0.556749668375986
2,1,0,0,1,2,0,1,640.977724298094,760.587008713685,611.655898404643,740.414710705727,740.414727956204,0.842740826433684,1.04793843396251,0.865700957895807,0.865700937726361
2,1,0,0,1,2,0,2,640.763833735743,760.587008713685,782.098052393119,1004.43865479884,1004.43867204932,0.84245960869015,0.819288363875972,0.637932272592666,0.637932261636659
2,1,0,0,1,2,0,3,640.763833735743,760.587008713685,890.997845538678,1165.87200815244,1165.87202540292,0.84245960869015,0.719153067478352,0.549600495813568,0.549600487681568
2,1,0,1,0,0,0,1,665.819402154994,760.587008713685,624.323895483824,730.9690819696,730.969135382054,0.875402017819153,1.06646471001885,0.910872181297929,0.910872114739826
2,1,0,1,0,0,0,2,665.639550250043,760.587008713685,756.749859650966,939.44811755536,939.448170967814,0.875165553216301,0.879603136704981,0.708543173179352,0.708543132895033
2,1,0,1,0,0,0,3,665.639550250043,760.587008713685,844.585760331641,1069.98807541684,1069.98812882929,0.875165553216301,0.788125471105112,0.622099970591474,0.62209993953703
2,1,0,1,0,1,0,1,667.611031193431,760.587008713685,628.513531817648,730.643090464148,730.643147452958,0.877757605040486,1.0622062969157,0.913730711898371,0.91373064062907
2,1,0,1,0,1,0,2,667.472566549552,760.587008713685,758.926100564221,936.160111087498,936.160168076309,0.877575555331126,0.879496127558825,0.712989753188883,0.712989709785586
2,1,0,1,0,1,0,3,667.472566549552,760.587008713685,844.343125091097,1063.09549760991,1063.09555459872,0.877575555331126,0.790522888994374,0.627857580104694,0.627857546447459
2,1,0,1,0,2,0,1,664.310222283111,760.587008713685,629.320537392789,733.109585498302,733.109604857655,0.873417787409492,1.05559914671668,0.906154053123684,0.906154029194717
2,1,0,1,0,2,0,2,664.131959355033,760.587008713685,765.72498251235,944.614261407275,944.614280766627,0.873183411952068,0.867324397822322,0.703072128474555,0.703072114065477
2,1,0,1,0,2,0,3,664.131959355033,760.587008713685,853.270064178487,1074.34676074497,1074.34678010432,0.873183411952068,0.778337348556165,0.618172813119029,0.618172801979772
2,1,0,1,1,0,0,1,650.941271364298,760.587008713685,602.931138040638,726.319187307811,726.319249105804,0.8558406387524,1.07962788831852,0.896219296886661,0.896219220632929
2,1,0,1,1,0,0,2,650.733183437968,760.587008713685,756.1474427736,967.528587953938,967.528649751931,0.855567050163658,0.860590338110561,0.672572564304372,0.672572521345815
2,1,0,1,1,0,0,3,650.733183437968,760.587008713685,857.773224468483,1118.56279102221,1118.56285282021,0.855567050163658,0.75863079526782,0.58175829614651,0.581758264005718
2,1,0,1,1,1,0,1,653.51636885258,760.587008713685,606.028251630132,726.408784230544,726.408847335151,0.859226309896899,1.07835957662817,0.899653725339823,0.899653647185083
2,1,0,1,1,1,0,2,653.332488885259,760.587008713685,756.438119708678,963.265092208216,963.265155312822,0.858984549302497,0.863695881874479,0.678247861538865,0.678247817106068
2,1,0,1,1,1,0,3,653.332488885259,760.587008713685,855.844687492027,1110.99695763988,1110.99702074449,0.858984549302497,0.763377395961631,0.588059656142669,0.588059622740893
2,1,0,1,1,2,0,1,655.530768456623,760.587008713685,615.441025008887,739.432958161187,739.432963123134,0.861874790058885,1.06513986201547,0.886531714905958,0.886531708956908
2,1,0,1,1,2,0,2,655.332607297149,760.587008713685,774.751599417204,986.794120400466,986.794125362413,0.861614252924799,0.845861573942041,0.664102667161413,0.664102663822071
2,1,0,1,1,2,0,3,655.332607297149,760.587008713685,876.97121006073,1138.42547355233,1138.42547851428,0.861614252924799,0.747268097035669,0.575648228647113,0.57564822613809
2,1,0,0,0,0,1,1,666.044690429197,760.587008713685,877.701169564772,842.477989554698,842.47804782713,0.875698220977532,0.758851319247381,0.790578150037181,0.790578095354555
2,1,0,0,0,0,1,2,666.034030044809,760.587008713685,885.585001253733,854.904175503104,854.904233775537,0.875684204981642,0.75208368378179,0.779074484754801,0.779074431651116
2,1,0,0,0,0,1,3,666.034030044809,760.587008713685,890.821292531631,862.686540466873,862.686598739306,0.875684204981642,0.747662898977193,0.77204639089925,0.772046338749348
2,1,0,0,0,1,1,1,666.400695656251,760.587008713685,769.030463374736,793.969627641956,793.969697926274,0.87616628738279,0.866546551006427,0.839327692717192,0.839327618417663
2,1,0,0,0,1,1,2,666.306354590749,760.587008713685,828.478748020724,887.583630066642,887.58370035096,0.876042250205687,0.804252802117842,0.750696984509191,0.750696925064402
2,1,0,0,0,1,1,3,666.306354590749,760.587008713685,868.377547288802,946.885697605907,946.885767890226,0.876042250205687,0.767300302352418,0.703681929376934,0.703681877144863
2,1,0,0,0,2,1,1,642.709588452007,760.587008713685,778.759220738888,802.855592974055,802.855721526845,0.8450178363406,0.825299490954603,0.800529502536301,0.800529374355984
2,1,0,0,0,2,1,2,642.613334844581,760.587008713685,845.990293186836,908.432550615865,908.432679168655,0.844891284603161,0.759598945779702,0.707386953944931,0.707386853842228
2,1,0,0,0,2,1,3,642.613334844581,760.587008713685,890.483569928548,974.455223216104,974.455351768894,0.844891284603161,0.721645358258709,0.65945906957499,0.659458982577363
2,1,1,0,0,0,0,1,637.224596526287,760.587008713685,583.208398547038,722.032285007783,722.032354536701,0.837806311738048,1.09261903311719,0.882543079800675,0.882542994815196
2,1,1,0,0,0,0,2,636.990476813477,760.587008713685,755.592053354055,993.416966485772,993.41703601469,0.837498497234082,0.843034907508478,0.641211594227992,0.641211549349812
2,1,1,0,0,0,0,3,636.990476813477,760.587008713685,869.931213939587,1163.34553884726,1163.34560837618,0.837498497234082,0.732230855275085,0.547550538978008,0.547550506252912
2,1,1,0,0,1,0,1,637.374579891996,760.587008713685,595.774530356565,724.880420061032,724.880495698904,0.838003505963022,1.06982515602091,0.879282378517455,0.879282286768472
2,1,1,0,0,1,0,2,637.213813645574,760.587008713685,764.102120273334,990.228874784052,990.228950421924,0.837792134687178,0.833938025741415,0.643501547846236,0.643501498692868
2,1,1,0,0,1,0,3,637.213813645574,760.587008713685,873.922752620359,1153.42541719616,1153.42549283403,0.837792134687178,0.729142034275867,0.552453417572993,0.552453381344904
2,1,1,0,0,2,0,1,634.463506807516,760.587008713685,592.562141609838,718.627822817392,718.62787141734,0.83417610285052,1.0707121873899,0.882881912810016,0.882881853101763
2,1,1,0,0,2,0,2,634.234663723892,760.587008713685,758.982883318163,978.113393516568,978.113442116516,0.83387522592125,0.835637637770051,0.64842651979609,0.64842648757744
2,1,1,0,0,2,0,3,634.234663723892,760.587008713685,867.349548108085,1138.787679077,1138.78772767694,0.83387522592125,0.73123305950562,0.556938466561167,0.556938442792751
2,1,1,0,1,0,0,1,616.509130018461,760.587008713685,553.422334923946,715.558035084436,715.558116288904,0.810570155623759,1.11399394479297,0.86157809680065,0.861577999025236
2,1,1,0,1,0,0,2,616.235696068976,760.587008713685,754.753282219268,1032.51462278743,1032.5147039919,0.810210651784813,0.816473025803881,0.596829993947549,0.596829947008496
2,1,1,0,1,0,0,3,616.235696068976,760.587008713685,888.292691970198,1230.9782212323,1230.97830243677,0.810210651784813,0.693730458034266,0.500606497694231,0.500606464670509
2,1,1,0,1,1,0,1,619.958612252355,760.587008713685,557.362572840731,715.396644794624,715.396728182183,0.81510544507043,1.11230757582553,0.866594240779998,0.866594139768663
2,1,1,0,1,1,0,2,619.720438376946,760.587008713685,755.166129081361,1026.91069984477,1026.91078323233,0.814792300259014,0.820641200010943,0.603480359558651,0.603480310554633
2,1,1,0,1,1,0,3,619.720438376946,760.587008713685,885.766948402895,1221.00049140754,1221.00057479509,0.814792300259014,0.699642766637827,0.507551342311541,0.507551307648603
2,1,1,0,1,2,0,1,622.176557886084,760.587008713685,568.080776427888,731.740116592129,731.740145490529,0.818021542253682,1.09522550965085,0.850269848240238,0.850269814660779
2,1,1,0,1,2,0,2,621.915002178228,760.587008713685,774.832987185782,1054.49162966462,1054.49165856302,0.817677655617625,0.802643940647189,0.589777087539356,0.589777071376483
2,1,1,0,1,2,0,3,621.915002178228,760.587008713685,909.076556927924,1253.82474148081,1253.82477037921,0.817677655617625,0.684117302815385,0.496014300566222,0.496014289133987
2,1,1,1,0,0,0,1,638.117468037811,760.587008713685,584.492228077956,722.311336088426,722.311405114108,0.838980235958807,1.09174671173336,0.883438257377276,0.883438172953954
2,1,1,1,0,0,0,2,637.885042834845,760.587008713685,755.628205803272,991.73179162061,991.731860646292,0.838674649352274,0.84417844375825,0.643203180763686,0.643203135996002
2,1,1,1,0,0,0,3,637.885042834845,760.587008713685,869.139803297843,1160.43045627711,1160.43052530279,0.838674649352274,0.733926855512162,0.549696915816316,0.549696883118792
2,1,1,1,0,1,0,1,640.624663583952,760.587008713685,596.103234029751,724.088430022034,724.088504063462,0.842276631397354,1.07468744843612,0.88473263350508,0.88473254303704
2,1,1,1,0,1,0,2,640.462547597914,760.587008713685,761.887009028259,985.415358108705,985.415432150132,0.842063485518998,0.840626680870679,0.649941714757872,0.649941665923025
2,1,1,1,0,1,0,3,640.462547597914,760.587008713685,870.111607315468,1146.2409228695,1146.24099691093,0.842063485518998,0.736069421684784,0.55875037683577,0.558750340743294
2,1,1,1,0,2,0,1,637.990533263831,760.587008713685,586.134352772775,723.685013096976,723.68505039802,0.838813345422254,1.08847149163966,0.881585941007097,0.881585895567337
2,1,1,1,0,2,0,2,637.758550598033,760.587008713685,761.922313322835,997.878241171105,997.878278472149,0.838508340652069,0.83703881543604,0.639114597638248,0.639114573747917
2,1,1,1,0,2,0,3,637.758550598033,760.587008713685,876.172553747191,1167.39221897625,1167.39225627729,0.838508340652069,0.727891495654006,0.546310434686054,0.546310417230097
2,1,1,1,1,0,0,1,620.272290222326,760.587008713685,558.833254789732,716.734143749535,716.734222833029,0.815517860699907,1.10994162374197,0.865414736595948,0.865414641107246
2,1,1,1,1,0,0,2,620.005998075361,760.587008713685,754.905652920328,1025.4121641388,1025.4122432223,0.815167746717004,0.821302629907311,0.604640767643004,0.604640721010925
2,1,1,1,1,0,0,3,620.005998075361,760.587008713685,884.957156012906,1218.69210550636,1218.69218458985,0.815167746717004,0.700605666458184,0.508747037314853,0.50874700430119
2,1,1,1,1,1,0,1,624.554778184735,760.587008713685,563.856584198954,716.678376163574,716.678457199046,0.821148364394219,1.10764828448711,0.871457544914383,0.871457446377901
2,1,1,1,1,1,0,2,624.326887233659,760.587008713685,755.365163966283,1018.29510871816,1018.29518975363,0.820848739304039,0.826523272473189,0.613109973610271,0.613109924819255
2,1,1,1,1,1,0,3,624.326887233659,760.587008713685,881.724805690216,1206.08123810174,1206.08131913722,0.820848739304039,0.708074541177203,0.517649116419628,0.51764908163927
2,1,1,1,1,2,0,1,626.86390792478,760.587008713685,575.742865204452,735.585446827123,735.585469305397,0.824184348066818,1.08879144807496,0.85219726767121,0.852197241629472
2,1,1,1,1,2,0,2,626.611370000659,760.587008713685,777.612123028605,1050.55953704809,1050.55955952637,0.82385231777807,0.805814816209609,0.596454887041756,0.596454874279722
2,1,1,1,1,2,0,3,626.611370000659,760.587008713685,908.467483563806,1244.86982625929,1244.86984873756,0.82385231777807,0.689745512456362,0.503354934614783,0.503354925525841
2,1,1,0,0,0,1,1,662.782273956366,760.587008713685,836.482646294046,824.999606763033,824.999667064503,0.871408880723945,0.792344320462304,0.803372836208804,0.803372777488098
2,1,1,0,0,0,1,2,662.741711012328,760.587008713685,866.480760055144,872.281455793218,872.281516094687,0.87135554962103,0.764866043846317,0.759779663560149,0.759779611036017
2,1,1,0,0,0,1,3,662.741711012328,760.587008713685,886.404937490408,901.893486937973,901.893547239442,0.87135554962103,0.747673758326171,0.734833681150541,0.734833632018855
2,1,1,0,0,1,1,1,663.09145642627,760.587008713685,741.546826116454,781.670152747324,781.67022657811,0.871815385786959,0.894200383674944,0.848300851830805,0.848300771706584
2,1,1,0,0,1,1,2,662.999365867107,760.587008713685,817.467760161505,901.401247462095,901.401321292881,0.871694307517006,0.811040383704085,0.73552079912668,0.735520738882616
2,1,1,0,0,1,1,3,662.999365867107,760.587008713685,867.568337023311,975.860182947389,975.860256778175,0.871694307517006,0.764204198763068,0.679399956523127,0.679399905121676
2,1,1,0,0,2,1,1,641.398094539139,760.587008713685,769.545829840019,791.030501252609,791.030641915976,0.843293518283831,0.833476148746696,0.810838638362838,0.810838494177155
2,1,1,0,0,2,1,2,641.295824751513,760.587008713685,835.188443668031,893.914366491922,893.914507155289,0.843159056629275,0.76784566359064,0.71740185502132,0.717401742133387
2,1,1,0,0,2,1,3,641.295824751513,760.587008713685,878.72193281984,958.405831980094,958.405972643462,0.843159056629275,0.729805187283284,0.669127631899502,0.66912753369295
2,2,0,0,0,0,0,1,664.963618826416,760.587008713685,623.093393787761,730.701622139653,730.70167603444,0.874276856175878,1.06719735027863,0.910034408955133,0.910034341833198
2,2,0,0,0,0,0,2,664.782142798335,760.587008713685,756.71520890567,941.063293464471,941.063347359257,0.874038256218211,0.878510349699083,0.706415973734325,0.706415933277816
2,2,0,0,0,0,0,3,664.782142798335,760.587008713685,845.344297281832,1072.78207100609,1072.78212490088,0.874038256218211,0.786404007143495,0.619680511788271,0.619680480656554
2,2,0,0,0,1,0,1,665.323726737536,760.587008713685,624.009271322722,727.160900574098,727.160965875834,0.874750316683347,1.06620807945247,0.914960810203435,0.91496072803658
2,2,0,0,0,1,0,2,665.221230230752,760.587008713685,759.814920691365,941.447275899476,941.447341201213,0.874615556944343,0.87550429994907,0.706594248302633,0.706594199291043
2,2,0,0,0,1,0,3,665.221230230752,760.587008713685,847.372599066563,1071.55224668309,1071.55231198483,0.874615556944343,0.785039817151909,0.620801488952024,0.620801451119606
2,2,0,0,0,2,0,1,660.395628310394,760.587008713685,643.150567832782,738.886554135537,738.886576487457,0.868270981156073,1.02681341094936,0.893771343671325,0.893771316634014
2,2,0,0,0,2,0,2,660.223224205891,760.587008713685,775.695533190317,943.125260985939,943.125283337859,0.868044308727373,0.851137071126985,0.700037684830642,0.700037668239859
2,2,0,0,0,2,0,3,660.223224205891,760.587008713685,859.664392302168,1067.38433494364,1067.38435729556,0.868044308727373,0.768001129414961,0.618543108224232,0.618543095271423
2,2,0,0,1,0,0,1,621.612009221711,760.587008713685,560.759591101669,717.152849050031,717.152927378439,0.817279288365692,1.10851783738641,0.866777577534724,0.86677748286411
2,2,0,0,1,0,0,2,621.348259620906,760.587008713685,754.959898265224,1022.88362475211,1022.88370308052,0.816932517256294,0.823021542003308,0.607447655417775,0.607447608901825
2,2,0,0,1,0,0,3,621.348259620906,760.587008713685,883.769675105097,1214.31813741173,1214.31821574014,0.816932517256294,0.703065829393859,0.511684904044409,0.511684871038675
2,2,0,0,1,1,0,1,618.981766333699,760.587008713685,603.025918393057,735.068658873995,735.068747453582,0.813821113485135,1.02645963872193,0.842073402070873,0.842073300596672
2,2,0,0,1,1,0,2,618.776434139506,760.587008713685,779.454668226872,1013.01181514987,1013.01190372946,0.81355114806127,0.793858141291421,0.610828447295019,0.610828393883078
2,2,0,0,1,1,0,3,618.776434139506,760.587008713685,895.486846244245,1185.44779966574,1185.44788824533,0.81355114806127,0.690994442559052,0.521976956146007,0.521976917142602
2,2,0,0,1,2,0,1,619.078787168572,760.587008713685,607.412100999521,742.554607950995,742.554646953197,0.813948673953249,1.01920720076181,0.8337148278924,0.833714784102068
2,2,0,0,1,2,0,2,618.84223938303,760.587008713685,793.197458852129,1029.88957343275,1029.88961243496,0.81363766708246,0.780186865800836,0.600882128867806,0.600882106112234
2,2,0,0,1,2,0,3,618.84223938303,760.587008713685,911.623291483083,1205.34411732293,1205.34415632513,0.81363766708246,0.678835485188471,0.513415406014905,0.513415389401947
2,2,0,1,0,0,0,1,658.776616423444,760.587008713685,614.197313791613,728.767984786227,728.768042168101,0.86614234647207,1.07258140280137,0.903959326117607,0.903959254941488
2,2,0,1,0,0,0,2,658.583398575467,760.587008713685,756.464696612138,952.740428198441,952.740485580315,0.865888308675259,0.870606918637398,0.691251655837465,0.6912516142046
2,2,0,1,0,0,0,3,658.583398575467,760.587008713685,850.828243716473,1092.98164354662,1092.98170092849,0.865888308675259,0.77404976085271,0.60255668744667,0.602556655812259
2,2,0,1,0,1,0,1,667.359820768924,760.587008713685,629.050372076693,728.586016287441,728.586080684779,0.877427320113674,1.06090044675716,0.915965727930795,0.915965646971583
2,2,0,1,0,1,0,2,667.262822572639,760.587008713685,761.039729697879,936.880109144519,936.880173541857,0.877299789410185,0.876777908608703,0.712217941292326,0.712217892337357
2,2,0,1,0,1,0,3,667.262822572639,760.587008713685,845.989797022436,1063.10932982584,1063.10939422318,0.877299789410185,0.788736252991645,0.627652118039402,0.627652080019679
2,2,0,1,0,2,0,1,655.807760502285,760.587008713685,625.827689807327,725.432739589008,725.432784221326,0.862238971990063,1.04790467277692,0.904022833148986,0.904022777528898
2,2,0,1,0,2,0,2,655.621471222728,760.587008713685,759.09386999649,933.338591688622,933.338636320941,0.861994043694651,0.863689587199221,0.702447618753832,0.702447585162738
2,2,0,1,0,2,0,3,655.621471222728,760.587008713685,846.062257168142,1062.27047169799,1062.27051633031,0.861994043694651,0.774909252443385,0.617188831555064,0.617188805623281
2,2,0,1,1,0,0,1,625.762033469986,760.587008713685,566.72676959846,718.44986517859,718.449941167982,0.822735632216863,1.10416882885796,0.870989144544464,0.870989052421226
2,2,0,1,1,0,0,2,625.506159870208,760.587008713685,755.127933126848,1015.05101226225,1015.05108825164,0.822399216268593,0.828344618745727,0.616231255684521,0.61623120955183
2,2,0,1,1,0,0,3,625.506159870208,760.587008713685,880.091236145858,1200.7689725031,1200.76904849249,0.822399216268593,0.710728767859862,0.520921321414803,0.520921288448852
2,2,0,1,1,1,0,1,628.187101758822,760.587008713685,613.9348984657,736.677600233628,736.677684526684,0.825924048875381,1.0232145188826,0.852730015897863,0.852729918325722
2,2,0,1,1,1,0,2,628.005302730327,760.587008713685,778.866246958776,996.55358766017,996.553671953226,0.825685024245179,0.80630699453531,0.630177153046867,0.630177099743608
2,2,0,1,1,1,0,3,628.005302730327,760.587008713685,887.095084006222,1157.39061170009,1157.39069599314,0.825685024245179,0.707934599179813,0.542604455558744,0.542604416040725
2,2,0,1,1,2,0,1,624.142491275985,760.587008713685,595.104773236822,722.984980763831,722.985037380282,0.820606300298953,1.048794295299,0.863285556245692,0.863285488642406
2,2,0,1,1,2,0,2,623.905693950002,760.587008713685,767.221912482285,991.598838515601,991.598895132052,0.820294965338889,0.813201087976496,0.629191634475867,0.629191598551465
2,2,0,1,1,2,0,3,623.905693950002,760.587008713685,879.508069185678,1158.11814328039,1158.11819989684,0.820294965338889,0.709380295427722,0.538723702387371,0.538723676051006
2,2,0,0,0,0,1,1,651.644179551112,760.587008713685,801.02504899901,812.550762418421,812.550829604813,0.856764804138821,0.813512861258746,0.80197350084517,0.801973434533372
2,2,0,0,0,0,1,2,651.570218993246,760.587008713685,855.722193926994,898.762254562997,898.76232174939,0.856667562722626,0.761427275834842,0.724963933103818,0.724963878909611
2,2,0,0,0,0,1,3,651.570218993246,760.587008713685,892.050998778742,952.755434668777,952.75550185517,0.856667562722626,0.730418126189281,0.683879824017758,0.683879775791935
2,2,0,0,0,1,1,1,651.930952258355,760.587008713685,805.202046119746,808.985967853932,808.986047802511,0.857141845429241,0.809648901663871,0.805861879147038,0.805861799507207
2,2,0,0,0,1,1,2,651.920844736127,760.587008713685,861.385486042098,898.247656412519,898.247736361098,0.857128556322128,0.756828220697773,0.725769602717152,0.725769538119997
2,2,0,0,0,1,1,3,651.920844736127,760.587008713685,895.3435579309,948.69632704774,948.696406996319,0.857128556322128,0.728123678292485,0.687175470326577,0.6871754124169
2,2,0,0,0,2,1,1,617.729002115226,760.587008713685,665.120423715096,744.55802108991,744.558185006749,0.812174011701747,0.928747607335284,0.829658649316507,0.829658466664531
2,2,0,0,0,2,1,2,617.537493758739,760.587008713685,791.679290815602,942.30363225762,942.303796174459,0.811922221499847,0.780034921871634,0.655348735395629,0.655348621395564
2,2,0,0,0,2,1,3,617.537493758739,760.587008713685,874.921333507782,1065.5879067417,1065.58807065854,0.811922221499847,0.705820592215844,0.579527498249313,0.579527409101998
2,2,1,0,0,0,0,1,634.447381956205,760.587008713685,579.215136322014,721.16431608173,721.164387175929,0.834154902315766,1.09535704813398,0.879754263776277,0.87975417704789
2,2,1,0,0,0,0,2,634.207991588696,760.587008713685,755.479603681941,998.658585384192,998.65865647839,0.833840158092204,0.839477318113937,0.635059870180469,0.635059824970755
2,2,1,0,0,0,0,3,634.207991588696,760.587008713685,872.392841549836,1172.41269989152,1172.41277098572,0.833840158092204,0.726975235677087,0.540942614872201,0.540942582069862
2,2,1,0,0,1,0,1,634.988474343571,760.587008713685,573.433659517611,712.664554227149,712.664641336993,0.834866316501346,1.10734426520714,0.891006113012294,0.89100600410356
2,2,1,0,0,1,0,2,634.859203349442,760.587008713685,756.452925673674,1001.52546541958,1001.52555252943,0.834696354363354,0.839258044754147,0.633892222683994,0.633892167549851
2,2,1,0,0,1,0,3,634.859203349442,760.587008713685,874.062571081211,1176.28277047556,1176.2828575854,0.834696354363354,0.726331528604553,0.539716485937116,0.539716445968312
2,2,1,0,0,2,0,1,635.657278548984,760.587008713685,587.037161838722,727.763525178223,727.763561832923,0.835745642860789,1.08282289413838,0.87343931999521,0.873439276003372
2,2,1,0,0,2,0,2,635.423012116363,760.587008713685,766.821792970294,1008.25053358047,1008.25057023517,0.835437635453436,0.828644957591834,0.630223333341436,0.630223310429823
2,2,1,0,0,2,0,3,635.423012116363,760.587008713685,883.627113490231,1181.59523607211,1181.59527272681,0.835437635453436,0.719107644407279,0.537767073459652,0.537767056777382
2,2,1,0,1,0,0,1,588.014839762806,760.587008713685,512.451365618034,706.65265241136,706.65274967564,0.773106604538598,1.14745491809479,0.832112973405367,0.832112858872636
2,2,1,0,1,0,0,2,587.687328765596,760.587008713685,753.599545799011,1086.29376247296,1086.29385973724,0.772676001604997,0.779840343643645,0.541002212355266,0.541002163915159
2,2,1,0,1,0,0,3,587.687328765596,760.587008713685,913.549052203717,1324.00751805842,1324.0076153227,0.772676001604997,0.643301339263547,0.443870084383966,0.443870051776371
2,2,1,0,1,1,0,1,588.037836816901,760.587008713685,509.438613529999,703.036048416421,703.036159153097,0.773136840466679,1.15428595555855,0.8364262944147,0.836426162667468
2,2,1,0,1,1,0,2,587.804690811477,760.587008713685,754.507615395105,1089.17795810528,1089.17806884196,0.772830306167837,0.779057333309575,0.539677365335243,0.539677310466274
2,2,1,0,1,1,0,3,587.804690811477,760.587008713685,915.260859108785,1328.0655419429,1328.06565267958,0.772830306167837,0.642226404594466,0.442602170034127,0.442602133129104
2,2,1,0,1,2,0,1,591.136186825055,760.587008713685,541.184300474641,725.097994028258,725.09804775263,0.77721047040337,1.09230106325443,0.81525006508571,0.815250004681744
2,2,1,0,1,2,0,2,590.828688802382,760.587008713685,778.599920463174,1095.7052044365,1095.70525816087,0.776806180007728,0.758834766449642,0.539222307615335,0.539222281176309
2,2,1,0,1,2,0,3,590.828688802382,760.587008713685,932.964861116311,1324.83900992233,1324.8390636467,0.776806180007728,0.633280751962559,0.445962629706246,0.445962611621738
2,2,1,1,0,0,0,1,617.611836698871,760.587008713685,555.007879296209,715.902666408014,715.902746990979,0.812019965662291,1.11279832185815,0.86270364070257,0.8627035435955
2,2,1,1,0,0,0,2,617.340495488712,760.587008713685,754.797930913678,1030.43341226891,1030.43349285187,0.811663213302534,0.817888431068466,0.599107606700557,0.599107559848559
2,2,1,1,0,0,0,3,617.340495488712,760.587008713685,887.315290641635,1227.37806042241,1227.37814100538,0.811663213302534,0.695739724086464,0.502975012667448,0.502974979644847
2,2,1,1,0,1,0,1,629.801915319855,760.587008713685,566.155940800797,711.285774347107,711.285863998747,0.828047163709757,1.11241774559326,0.885441461131363,0.885441349528865
2,2,1,1,0,1,0,2,629.660298343361,760.587008713685,756.222039606428,1011.22034037261,1011.22043002425,0.827860969395534,0.83263944366269,0.622673687627116,0.622673632422815
2,2,1,1,0,1,0,3,629.660298343361,760.587008713685,878.609037532534,1193.07845691905,1193.07854657069,0.827860969395534,0.716655840590583,0.527761015792176,0.527760976134569
2,2,1,1,0,2,0,1,617.949339659993,760.587008713685,556.601168984417,717.393154374853,717.393219075995,0.812463705769939,1.11021926308116,0.861381706657744,0.861381628970391
2,2,1,1,0,2,0,2,617.678980008879,760.587008713685,758.489341653241,1034.03559779696,1034.0356624981,0.812108243938462,0.814354198653016,0.597347887562922,0.597347850185981
2,2,1,1,0,2,0,3,617.678980008879,760.587008713685,891.281355453908,1231.26362103611,1231.26368573725,0.812108243938462,0.693023562345595,0.501662657334992,0.501662630973338
2,2,1,1,1,0,0,1,583.024963929189,760.587008713685,505.276593136067,705.093155635311,705.09325571196,0.766546045685434,1.15387289229166,0.826876504571747,0.826876387209924
2,2,1,1,1,0,0,2,582.687983043408,760.587008713685,753.397505269833,1095.71148184978,1095.71158192643,0.766102991988856,0.77341374104327,0.531789611312381,0.531789562741458
2,2,1,1,1,0,0,3,582.687983043408,760.587008713685,917.971906763127,1340.29866396471,1340.29876404136,0.766102991988856,0.634755790183201,0.434744880905702,0.434744848444423
2,2,1,1,1,1,0,1,590.57627917676,760.587008713685,512.982184532187,703.691317907614,703.691427515009,0.776474318402507,1.15126079810225,0.839254747284371,0.839254616561553
2,2,1,1,1,1,0,2,590.3499915124,760.587008713685,754.628721840646,1084.45702432848,1084.45713393587,0.776176801271965,0.782305224312763,0.544373800223166,0.544373745202648
2,2,1,1,1,1,0,3,590.3499915124,760.587008713685,913.050294351616,1319.87877271478,1319.87888232218,0.776176801271965,0.646568973433851,0.447275919362006,0.447275882218637
2,2,1,1,1,2,0,1,584.808866336956,760.587008713685,523.684876308792,712.450191121718,712.450267571025,0.768891474133896,1.11671902854823,0.820841756553118,0.820841668472889
2,2,1,1,1,2,0,2,584.48560664143,760.587008713685,764.679423680388,1090.2515083894,1090.25158483871,0.768466460701084,0.76435377825169,0.536101626224645,0.536101588632773
2,2,1,1,1,2,0,3,584.48560664143,760.587008713685,923.062804406902,1325.45876159163,1325.45883804093,0.768466460701084,0.633202425502327,0.440968533747193,0.440968508313179
2,2,1,0,0,0,1,1,630.985941987759,760.587008713685,773.545709682661,806.636729097301,806.63680903802,0.829603891150982,0.815706084449249,0.782243008812516,0.782242931289314
2,2,1,0,0,0,1,2,630.875020961286,760.587008713685,855.576776450411,935.930875575521,935.930955516239,0.829458055072792,0.737368098721239,0.674061554570843,0.674061496997189
2,2,1,0,0,0,1,3,630.875020961286,760.587008713685,910.060253061667,1016.90618366686,1016.90626360758,0.829458055072792,0.693223353990977,0.62038665030673,0.620386601537087
2,2,1,0,0,1,1,1,631.316346479217,760.587008713685,771.945683992583,801.503194506172,801.503284885076,0.830038298375498,0.817824828314324,0.787665415192997,0.787665326374475
2,2,1,0,0,1,1,2,631.253639861954,760.587008713685,857.519006726057,936.951606126426,936.951696505331,0.829955853347454,0.736139531498005,0.673731317321395,0.673731252332881
2,2,1,0,0,1,1,3,631.253639861954,760.587008713685,911.645028823703,1017.37868208313,1017.37877246204,0.829955853347454,0.692433589723471,0.620470677220631,0.620470622101081
2,2,1,0,0,2,1,1,595.68240873203,760.587008713685,696.73251704268,760.948373601729,760.948564742435,0.783187724622665,0.854965706581971,0.782815798544308,0.782815601910828
2,2,1,0,0,2,1,2,595.49190438867,760.587008713685,819.325406632627,951.935308526227,951.935499666932,0.782937254471087,0.726807565795014,0.625559215059059,0.625559089451988
2,2,1,0,0,2,1,3,595.49190438867,760.587008713685,899.643862585483,1070.76309362433,1070.76328476504,0.782937254471087,0.661919598581251,0.556137868343071,0.556137769067549
3,0,0,0,0,0,0,1,657.146114482347,760.587008713685,644.772897237884,740.745587830396,740.745651685695,0.863998604963975,1.01919003931069,0.887141449478076,0.887141373002861
3,0,0,0,0,0,0,2,656.975258144597,760.587008713685,771.128810947825,939.902817637693,939.902881492992,0.863773967498712,0.851965649340844,0.698982113699592,0.698982066212013
3,0,0,0,0,0,0,3,656.975258144597,760.587008713685,855.052009079586,1064.6325017072,1064.6325655625,0.863773967498712,0.76834537685233,0.617091115564386,0.61709107855205
3,0,0,0,0,1,0,1,657.283280523381,760.587008713685,666.803992211272,748.196632167442,748.196700802829,0.864178947304118,0.98572187359539,0.878490028242047,0.878489947654278
3,0,0,0,0,1,0,2,657.202321215731,760.587008713685,785.187585254808,935.191015109105,935.191083744492,0.864072504113895,0.837000397812526,0.702746616036573,0.702746564460711
3,0,0,0,0,1,0,3,657.202321215731,760.587008713685,861.862026264265,1049.13203786541,1049.1321065008,0.864072504113895,0.76253773943884,0.626424794492877,0.626424753511471
3,0,0,0,0,2,0,1,649.621048995892,760.587008713685,652.618508178875,733.042620653418,733.042676331391,0.854104844749505,0.995407027006717,0.886198197339242,0.8861981300284
3,0,0,0,0,2,0,2,649.449720937455,760.587008713685,773.404362510948,919.853731031227,919.8537867092,0.853879587078161,0.83972854617595,0.706035860950819,0.706035818215065
3,0,0,0,0,2,0,3,649.449720937455,760.587008713685,850.891041527739,1034.45352157681,1034.45357725478,0.853879587078161,0.763258383554486,0.627819140629444,0.627819106837984
3,0,0,0,1,0,0,1,636.600495250833,760.587008713685,580.735316136871,718.396021729325,718.396098284183,0.836985759627239,1.09619731668049,0.886141454010849,0.886141359580445
3,0,0,0,1,0,0,2,636.368925783007,760.587008713685,751.991308627157,988.322992702439,988.323069257297,0.836681298118991,0.846245054274322,0.643887606057752,0.64388755618264
3,0,0,0,1,0,0,3,636.368925783007,760.587008713685,865.736286341506,1157.37488122233,1157.37495777719,0.836681298118991,0.735060936942152,0.549838203772766,0.54983816740358
3,0,0,0,1,1,0,1,635.373114898791,760.587008713685,590.516998433566,723.796971861551,723.797051118228,0.83537203189066,1.07596075402438,0.877833342221175,0.877833246097332
3,0,0,0,1,1,0,2,635.176185986536,760.587008713685,758.253165981431,988.152515721462,988.15259497814,0.83511311488314,0.837683526404281,0.642791649953738,0.642791598397399
3,0,0,0,1,1,0,3,635.176185986536,760.587008713685,869.740022804274,1153.84644803438,1153.84652729106,0.83511311488314,0.730305803265851,0.550485887501391,0.550485849689012
3,0,0,0,1,2,0,1,637.664038600781,760.587008713685,625.277109964454,742.845658584808,742.845693328419,0.838384078738351,1.01981030240661,0.858407168745647,0.858407128597114
3,0,0,0,1,2,0,2,637.461455317669,760.587008713685,786.235824724959,992.541015223466,992.541049967077,0.838117727511218,0.810776404828241,0.642252003232478,0.642251980750634
3,0,0,0,1,2,0,3,637.461455317669,760.587008713685,889.323637973017,1145.35380467076,1145.35383941437,0.838117727511218,0.716793558721319,0.556562917692419,0.556562900809421
3,0,0,1,0,0,0,1,662.461255172746,760.587008713685,618.248278743665,727.196099695853,727.196160283113,0.870986813583773,1.07151330290628,0.910980209395812,0.910980133496353
3,0,0,1,0,0,0,2,662.277985816322,760.587008713685,753.784175690598,940.822458627994,940.822519215255,0.870745855804684,0.878604257259129,0.703935136478486,0.703935091146343
3,0,0,1,0,0,0,3,662.277985816322,760.587008713685,843.804544341919,1074.61397744108,1074.61403802834,0.870745855804684,0.784871319142789,0.616293850367898,0.616293815620952
3,0,0,1,0,1,0,1,663.432449497976,760.587008713685,628.496344941596,730.681297284563,730.68136259735,0.87226371460115,1.05558680625203,0.907964186251237,0.907964105091823
3,0,0,1,0,1,0,2,663.305621877274,760.587008713685,759.826335987973,937.849336065574,937.849401378361,0.872096964946936,0.872970033362693,0.707262452900959,0.707262403646482
3,0,0,1,0,1,0,3,663.305621877274,760.587008713685,846.207142140445,1066.22374616454,1066.22381147733,0.872096964946936,0.783857271872547,0.622107343100678,0.622107304992765
3,0,0,1,0,2,0,1,660.01570586479,760.587008713685,631.34825013585,733.413438591409,733.413471674045,0.867771469014461,1.04540672397963,0.899923114488349,0.899923073894836
3,0,0,1,0,2,0,2,659.838373488839,760.587008713685,767.526171990803,944.80280702268,944.802840105317,0.867538317022751,0.859694949264538,0.698387397438161,0.698387372983856
3,0,0,1,0,2,0,3,659.838373488839,760.587008713685,855.041701470176,1074.49430930272,1074.49434238535,0.867538317022751,0.771703148927472,0.614092013122931,0.614091994215635
3,0,0,1,1,0,0,1,643.035634837231,760.587008713685,590.069966448885,720.585815465348,720.585888046861,0.845446513640485,1.08976167471647,0.892378979763797,0.892378889878305
3,0,0,1,1,0,0,2,642.816084272168,760.587008713685,752.437442068244,976.503055155342,976.503127736855,0.845157854272725,0.854311665439247,0.65828374102722,0.658283692098314
3,0,0,1,1,0,0,3,642.816084272168,760.587008713685,860.278835687838,1136.78082405863,1136.78089664014,0.845157854272725,0.747218294354763,0.565470555684722,0.565470519580396
3,0,0,1,1,1,0,1,642.172207200895,760.587008713685,589.535520954954,721.54661817328,721.546693608438,0.844311301460362,1.0892850123105,0.889994064176567,0.889993971130832
3,0,0,1,1,1,0,2,641.967670766591,760.587008713685,752.662938318583,978.57862150193,978.578696937087,0.844042382280885,0.852928499708939,0.656020534948224,0.65602048437793
3,0,0,1,1,1,0,3,641.967670766591,760.587008713685,861.379087309031,1140.157057083,1140.15713251816,0.844042382280885,0.745278914040174,0.563051964445155,0.563051927192471
3,0,0,1,1,2,0,1,647.336011240243,760.587008713685,618.338845837106,743.275624702181,743.275643515608,0.851100536590845,1.04689526721207,0.870923234566747,0.870923212522368
3,0,0,1,1,2,0,2,647.136961874496,760.587008713685,782.107856106324,997.638939808303,997.638958621729,0.850838831666271,0.827426750443638,0.648668507264606,0.648668495032047
3,0,0,1,1,2,0,3,647.136961874496,760.587008713685,887.033848761873,1153.2870996249,1153.28711843833,0.850838831666271,0.729551598034025,0.561123905820999,0.561123896667456
3,0,0,0,0,0,1,1,669.106166689092,760.587008713685,888.630634581204,846.430636332622,846.430692712152,0.879723370269883,0.752963200514047,0.790503247363737,0.790503194709453
3,0,0,0,0,0,1,2,669.10545838951,760.587008713685,889.154453843825,847.25625968653,847.25631606606,0.879722439016031,0.752518817734039,0.789732091961253,0.789732039409595
3,0,0,0,0,0,1,3,669.10545838951,760.587008713685,889.50236464967,847.77333727489,847.77339365442,0.879722439016031,0.752224485263776,0.789250415140802,0.789250362653229
3,0,0,0,0,1,1,1,669.411611172614,760.587008713685,773.021616217084,794.358130096674,794.358197558614,0.880124960725705,0.865967519056577,0.842707572076018,0.842707500507942
3,0,0,0,0,1,1,2,669.315540060926,760.587008713685,828.551519873855,881.83888807906,881.838955541,0.879998648928913,0.807814027259075,0.758999800427173,0.758999742362604
3,0,0,0,0,1,1,3,669.315540060926,760.587008713685,865.656023894039,936.987579575535,936.987647037475,0.879998648928913,0.773188797381781,0.714327014200267,0.714326962769614
3,0,0,0,0,2,1,1,645.430854350836,760.587008713685,760.151900894597,795.174544447317,795.174671793984,0.848595685906333,0.849081418583904,0.811684502299354,0.811684372308648
3,0,0,0,0,2,1,2,645.324773614489,760.587008713685,835.024764313509,913.26713958863,913.267266935298,0.848456213715602,0.772821120035912,0.70661118268765,0.706611084157261
3,0,0,0,0,2,1,3,645.324773614489,760.587008713685,884.972076820344,987.464903024617,987.465030371285,0.848456213715602,0.729203542707365,0.653516668428267,0.653516584148654
3,0,1,0,0,0,0,1,646.962526548585,760.587008713685,610.373742208957,728.475238024594,728.475308175593,0.85060948864054,1.05994488591074,0.888105034706401,0.888104949183316
3,0,1,0,0,0,0,2,646.759842501768,760.587008713685,760.267672205241,964.73216487898,964.732235029978,0.85034300493191,0.850700175933786,0.670403523430672,0.670403474681936
3,0,1,0,0,0,0,3,646.759842501768,760.587008713685,859.82437371985,1112.69692555723,1112.69699570822,0.85034300493191,0.752199940208367,0.581254272970942,0.581254236325235
3,0,1,0,0,1,0,1,647.241490427454,760.587008713685,622.201117970735,731.344188461064,731.344266216204,0.850976263086688,1.04024482073961,0.885002575585397,0.885002481493596
3,0,1,0,0,1,0,2,647.133731119516,760.587008713685,769.129741227227,963.339444671056,963.339522426196,0.850834583953724,0.841384354851428,0.671760857192438,0.671760802971825
3,0,1,0,0,1,0,3,647.133731119516,760.587008713685,864.707989890281,1105.37483957985,1105.37491733499,0.850834583953724,0.748384123525478,0.585442790940936,0.585442749759265
3,0,1,0,0,2,0,1,643.233682838231,760.587008713685,639.290782824169,729.325134344567,729.325197142535,0.845706901996757,1.00616761592689,0.881957377509409,0.881957301569168
3,0,1,0,0,2,0,2,643.047889312426,760.587008713685,769.312025851603,931.980523905933,931.980586703901,0.845462625505473,0.835873959724721,0.689979965050569,0.689979918558893
3,0,1,0,0,2,0,3,643.047889312426,760.587008713685,854.072198699023,1057.54693100093,1057.54699379889,0.845462625505473,0.752919823747872,0.60805612541829,0.608056089311442
3,0,1,0,1,0,0,1,612.907131141874,760.587008713685,546.366322938979,710.333480176882,710.33357136109,0.805834341265479,1.12178790201593,0.862844210847633,0.862844100085915
3,0,1,0,1,0,0,2,612.631309605298,760.587008713685,750.348702135261,1031.84249686992,1031.84258805413,0.805471698289178,0.816462143350069,0.593725603920858,0.593725551453166
3,0,1,0,1,0,0,3,612.631309605298,760.587008713685,885.829924359455,1233.19957597983,1233.19966716404,0.805471698289178,0.691590216991476,0.496781965821336,0.496781929088704
3,0,1,0,1,1,0,1,613.255792655301,760.587008713685,547.254704687499,711.271386260852,711.271480455021,0.806292752347227,1.12060396631125,0.862196630570481,0.862196516389191
3,0,1,0,1,1,0,2,613.002757431315,760.587008713685,750.728785383705,1031.93754340681,1031.93763760098,0.805960068221561,0.816543563223039,0.594030870712937,0.594030816490431
3,0,1,0,1,1,0,3,613.002757431315,760.587008713685,886.044059456828,1233.04715289494,1233.04724708911,0.805960068221561,0.691842297105523,0.497144619321418,0.497144581343859
3,0,1,0,1,2,0,1,616.399764261604,760.587008713685,599.222790697118,735.461895937745,735.461944102935,0.810426364373574,1.02866542099392,0.838112440177023,0.838112385289282
3,0,1,0,1,2,0,2,616.1609772382,760.587008713685,784.189454687836,1023.77000762562,1023.77005579081,0.810112413411135,0.785729741142052,0.601854882101141,0.601854853785745
3,0,1,0,1,2,0,3,616.1609772382,760.587008713685,903.985735957311,1201.48468761101,1201.4847357762,0.810112413411135,0.681604756280465,0.512832983717297,0.512832963158819
3,0,1,1,0,0,0,1,637.34511976661,760.587008713685,588.02977451289,721.437245957855,721.43732205045,0.837964772557049,1.08386538809973,0.883438058317053,0.883437965137657
3,0,1,1,0,0,0,2,637.118996244428,760.587008713685,755.258246297347,985.016196935595,985.016273028189,0.837667471236371,0.843577676070276,0.646810680094925,0.646810630128742
3,0,1,1,0,0,0,3,637.118996244428,760.587008713685,866.328221249649,1150.09239986649,1150.09247595908,0.837667471236371,0.735424496878799,0.553972008091166,0.553971971439185
3,0,1,1,0,1,0,1,639.02081721647,760.587008713685,606.49157835743,727.036429443618,727.036511741618,0.840167935943569,1.0536351039649,0.878939199381654,0.878939099888799
3,0,1,1,0,1,0,2,638.889933781037,760.587008713685,766.405294498518,979.468253721029,979.468336019029,0.839995853809726,0.833618893772233,0.652282431159842,0.652282376353027
3,0,1,1,0,1,0,3,638.889933781037,760.587008713685,870.753288134596,1134.53867373032,1134.53875602832,0.839995853809726,0.733720954588323,0.563127505984783,0.563127465136229
3,0,1,1,0,2,0,1,637.963048518979,760.587008713685,618.62261464544,739.138401213822,739.138451009171,0.838777209195185,1.03126370329126,0.863117174633747,0.86311711648602
3,0,1,1,0,2,0,2,637.756643864478,760.587008713685,779.580908828538,990.104113145194,990.104162940543,0.838505833728426,0.818076272317678,0.644130890274318,0.644130857879017
3,0,1,1,0,2,0,3,637.756643864478,760.587008713685,883.851239569611,1144.81077260598,1144.81082240133,0.838505833728426,0.721565593068616,0.557084768177648,0.557084743946369
3,0,1,1,1,0,0,1,608.738646089026,760.587008713685,540.319624219118,708.914999297815,708.915093055834,0.800353725629015,1.12662694228215,0.858690599990106,0.858690486423431
3,0,1,1,1,0,0,2,608.455039077737,760.587008713685,750.059710644746,1039.49908804858,1039.4991818066,0.799980846513227,0.811208801702886,0.585334846440291,0.585334793645795
3,0,1,1,1,0,0,3,608.455039077737,760.587008713685,889.365092660164,1246.53977137293,1246.53986513095,0.799980846513227,0.684145402264213,0.48811522347786,0.48811518676446
3,0,1,1,1,1,0,1,608.951045180885,760.587008713685,541.105953316247,709.933325104061,709.933421733772,0.80063298242597,1.12538226838725,0.857758079030346,0.857757962280081
3,0,1,1,1,1,0,2,608.688636702134,760.587008713685,750.413872738634,1039.78281474184,1039.78291137155,0.800287974588938,0.811137238815596,0.585399785486221,0.585399731083508
3,0,1,1,1,1,0,3,608.688636702134,760.587008713685,889.659959951471,1246.73492075687,1246.73501738658,0.800287974588938,0.684181219907139,0.488226187113305,0.488226149272741
3,0,1,1,1,2,0,1,615.02833777729,760.587008713685,586.896173196661,742.661506980207,742.661546252069,0.808623248531991,1.04793380135263,0.828140858246584,0.828140814454585
3,0,1,1,1,2,0,2,614.778651439723,760.587008713685,790.828687612448,1060.59904366045,1060.59908293231,0.808294967435014,0.77738536938483,0.57965227775233,0.579652256288965
3,0,1,1,1,2,0,3,614.778651439723,760.587008713685,922.542467082026,1256.13249067945,1256.13252995131,0.808294967435014,0.666396045034381,0.4894218213456,0.489421806044264
3,0,1,0,0,0,1,1,665.867964594808,760.587008713685,843.684782831561,827.272601096144,827.272659491273,0.875465866450878,0.789237850610548,0.804895464581477,0.8048954077659
3,0,1,0,0,0,1,2,665.834943739451,760.587008713685,868.10518423492,865.763078917702,865.763137312831,0.875422451489829,0.766998004194924,0.769072925322499,0.769072873449059
3,0,1,0,0,0,1,3,665.834943739451,760.587008713685,884.324751054213,889.869184144274,889.869242539402,0.875422451489829,0.752930349337957,0.748239129529739,0.748239080428683
3,0,1,0,0,1,1,1,666.130144073853,760.587008713685,746.378142387462,782.694428976578,782.694500636599,0.875810573205058,0.892483456097847,0.851073061737337,0.85107298381688
3,0,1,0,0,1,1,2,666.040762746971,760.587008713685,817.909404893519,895.52397649287,895.524048152891,0.875693056963184,0.814320948948717,0.743744199184235,0.743744139669669
3,0,1,0,0,1,1,3,666.040762746971,760.587008713685,865.017318534558,965.53497958817,965.535051248191,0.875693056963184,0.769973905118251,0.689815259754813,0.689815208558146
3,0,1,0,0,2,1,1,644.774776627604,760.587008713685,753.45220186102,784.181041921083,784.181179453265,0.847733091994373,0.855760690638392,0.82222693760619,0.822226793401423
3,0,1,0,0,2,1,2,644.664928869094,760.587008713685,825.460649312944,897.339752141526,897.339889673707,0.847588667020962,0.780975967062353,0.718417887239012,0.718417777129587
3,0,1,0,0,2,1,3,644.664928869094,760.587008713685,873.392156819999,968.410562399874,968.410699932056,0.847588667020962,0.738116233166444,0.665693822330389,0.665693727789587
3,1,0,0,0,0,0,1,663.907676745258,760.587008713685,633.980913509028,733.804933317257,733.804993005948,0.8728885310151,1.04720451767323,0.904746815674814,0.904746742081484
3,1,0,0,0,0,0,2,663.736006174205,760.587008713685,760.938989212221,933.911267214345,933.911326903036,0.872662823017086,0.87225916345981,0.710705641397802,0.710705595974765
3,1,0,0,0,0,0,3,663.736006174205,760.587008713685,845.262131903626,1059.2353633139,1059.23542300259,0.872662823017086,0.785242803530541,0.626618057857942,0.626618022547556
3,1,0,0,0,1,0,1,664.081458422588,760.587008713685,663.911656386439,745.620832279365,745.620897640469,0.873117014640693,1.00025575998631,0.890642307287055,0.890642229213379
3,1,0,0,0,1,0,2,664.011513330111,760.587008713685,778.816292541253,927.045551609791,927.045616970894,0.873025052653865,0.852590681126433,0.71626632820477,0.716266277704604
3,1,0,0,0,1,0,3,664.011513330111,760.587008713685,853.575001905076,1038.14076686526,1038.14083222636,0.873025052653865,0.777918181586993,0.63961606607083,0.639616025800753
3,1,0,0,0,2,0,1,656.638436812572,760.587008713685,650.367552256705,730.412548317687,730.412601155604,0.863331123579257,1.00964206245239,0.898996653774591,0.898996588741334
3,1,0,0,0,2,0,2,656.472059746196,760.587008713685,767.260615597147,911.504335692158,911.504388530075,0.863112375343395,0.855605053095647,0.720207281567891,0.72020723981905
3,1,0,0,0,2,0,3,656.472059746196,760.587008713685,842.520022968347,1022.84762193181,1022.84767476973,0.863112375343395,0.779176805120107,0.641808267106633,0.64180823395232
3,1,0,0,1,0,0,1,635.547036413455,760.587008713685,579.2071954593,718.03754348153,718.037620686841,0.83560069937074,1.09727061644923,0.885116721518341,0.885116626348241
3,1,0,0,1,0,0,2,635.313499401776,760.587008713685,751.918274746562,990.257965129855,990.258042335166,0.835293650987053,0.844923605049913,0.641563634702464,0.641563584683057
3,1,0,0,1,0,0,3,635.313499401776,760.587008713685,866.629693476422,1160.74621314534,1160.74629035065,0.835293650987053,0.733085312197487,0.547331959567831,0.547331923162861
3,1,0,0,1,1,0,1,631.336237262097,760.587008713685,590.571823712193,725.916048022256,725.916129279645,0.830064450259045,1.06902532750999,0.869709712276178,0.869709614922864
3,1,0,0,1,1,0,2,631.14042720197,760.587008713685,760.775377702446,994.073359368209,994.073440625598,0.829807004289178,0.829601542978461,0.634903270723497,0.634903218825337
3,1,0,0,1,1,0,3,631.14042720197,760.587008713685,874.302298602068,1162.80089981601,1162.8009810734,0.829807004289178,0.721878952178335,0.542776005162908,0.542775967233321
3,1,0,0,1,2,0,1,636.980032669934,760.587008713685,627.302835604805,748.046224594164,748.046262029654,0.837484765546027,1.01542667514933,0.851524961596476,0.851524918982461
3,1,0,0,1,2,0,2,636.777651765064,760.587008713685,791.412857245043,1002.72154863991,1002.7215860754,0.837218680400538,0.804608676666849,0.635049334113531,0.635049310404673
3,1,0,0,1,2,0,3,636.777651765064,760.587008713685,896.465828938619,1158.49994087046,1158.49997830595,0.837218680400538,0.710320049252724,0.549657042957298,0.549657025195812
3,1,0,1,0,0,0,1,669.815934916647,760.587008713685,628.91679069192,729.698800906514,729.698856952663,0.880656555059294,1.06503108969269,0.917934816508574,0.917934746004541
3,1,0,1,0,0,0,2,669.646401887077,760.587008713685,754.294058737918,927.31352784496,927.31358389111,0.880433657445177,0.887778969129793,0.722135913883742,0.722135870238379
3,1,0,1,0,0,0,3,669.646401887077,760.587008713685,837.567259006149,1051.07716164506,1051.07721769121,0.880433657445177,0.799513584952777,0.637104892317324,0.637104858345247
3,1,0,1,0,1,0,1,670.741163363976,760.587008713685,646.556203868845,736.581776566654,736.581838315734,0.881873021336957,1.03740581151401,0.910613301472684,0.91061322513421
3,1,0,1,0,1,0,2,670.649927102604,760.587008713685,764.541537849639,922.737645806963,922.737707556043,0.881753066275503,0.877192270009141,0.726804558316357,0.726804509679011
3,1,0,1,0,1,0,3,670.649927102604,760.587008713685,841.942945320949,1037.76467856483,1037.76474031391,0.881753066275503,0.796550325446284,0.646244703597037,0.646244665144183
3,1,0,1,0,2,0,1,667.865146745728,760.587008713685,648.500895850624,740.448525118896,740.448552470416,0.878091709553692,1.02986002181185,0.901973768721448,0.901973735403329
3,1,0,1,0,2,0,2,667.706013241924,760.587008713685,772.966146188875,933.239403521893,933.239430873412,0.877882484965339,0.863823100835738,0.715471304278528,0.715471283309389
3,1,0,1,0,2,0,3,667.706013241924,760.587008713685,852.513886566561,1051.09297135415,1051.09299870567,0.877882484965339,0.783220102057296,0.635249241921673,0.635249225391231
3,1,0,1,1,0,0,1,643.81888592668,760.587008713685,591.206130618807,720.85234555477,720.852417652669,0.846476311783861,1.08899223567388,0.893135591354974,0.893135502025733
3,1,0,1,1,0,0,2,643.600798238771,760.587008713685,752.491743066549,975.064394993168,975.064467091066,0.846189575768902,0.855292837654237,0.660059788403289,0.660059739597364
3,1,0,1,1,0,0,3,643.600798238771,760.587008713685,859.614583714325,1134.27422455242,1134.27429665032,0.846189575768902,0.748708561292463,0.56741199289152,0.567411956825101
3,1,0,1,1,1,0,1,639.802992774894,760.587008713685,589.779251573935,723.293361763085,723.293438264797,0.841196320006751,1.08481773658104,0.884569148008388,0.884569054448774
3,1,0,1,1,1,0,2,639.598635790357,760.587008713685,754.057188833443,982.039642522345,982.039719024057,0.840927636763156,0.848209718389983,0.651296147421873,0.651296096685361
3,1,0,1,1,1,0,3,639.598635790357,760.587008713685,863.996852082826,1145.43858280094,1145.43865930265,0.840927636763156,0.740278895980332,0.558387542897629,0.558387505603966
3,1,0,1,1,2,0,1,648.385110681678,760.587008713685,620.31834157276,744.22960170966,744.229621067102,0.852479865227037,1.04524575081523,0.8712165025312,0.871216479870824
3,1,0,1,1,2,0,2,648.188289303819,760.587008713685,782.569102466315,996.323187680976,996.323207038418,0.852221089602942,0.828282495770678,0.650580351153455,0.650580338513409
3,1,0,1,1,2,0,3,648.188289303819,760.587008713685,886.584456375577,1150.63642437444,1150.63644373188,0.852221089602942,0.731107211098265,0.563330236704629,0.563330227227585
3,1,0,0,0,0,1,1,666.044690429197,760.587008713685,877.701169564772,842.477989554698,842.47804782713,0.875698220977532,0.758851319247381,0.790578150037181,0.790578095354555
3,1,0,0,0,0,1,2,666.034030044809,760.587008713685,885.585001253733,854.904175503104,854.904233775537,0.875684204981642,0.75208368378179,0.779074484754801,0.779074431651116
3,1,0,0,0,0,1,3,666.034030044809,760.587008713685,890.821292531631,862.686540466873,862.686598739306,0.875684204981642,0.747662898977193,0.77204639089925,0.772046338749348
3,1,0,0,0,1,1,1,666.400695656251,760.587008713685,769.030463374736,793.969627641956,793.969697926274,0.87616628738279,0.866546551006427,0.839327692717192,0.839327618417663
3,1,0,0,0,1,1,2,666.306354590749,760.587008713685,828.478748020724,887.583630066642,887.58370035096,0.876042250205687,0.804252802117842,0.750696984509191,0.750696925064402
3,1,0,0,0,1,1,3,666.306354590749,760.587008713685,868.377547288802,946.885697605907,946.885767890226,0.876042250205687,0.767300302352418,0.703681929376934,0.703681877144863
3,1,0,0,0,2,1,1,642.709588452007,760.587008713685,778.759220738888,802.855592974055,802.855721526845,0.8450178363406,0.825299490954603,0.800529502536301,0.800529374355984
3,1,0,0,0,2,1,2,642.613334844581,760.587008713685,845.990293186836,908.432550615865,908.432679168655,0.844891284603161,0.759598945779702,0.707386953944931,0.707386853842228
3,1,0,0,0,2,1,3,642.613334844581,760.587008713685,890.483569928548,974.455223216104,974.455351768894,0.844891284603161,0.721645358258709,0.65945906957499,0.659458982577363
3,1,1,0,0,0,0,1,651.896751173559,760.587008713685,602.923677120298,723.601137322309,723.601204432569,0.85709687873325,1.08122599246254,0.900906200321779,0.900906116767399
3,1,1,0,0,0,0,2,651.693750505231,760.587008713685,753.05176290308,960.227131333215,960.227198443476,0.856829978738901,0.865403658299524,0.67868708271177,0.678687035278342
3,1,1,0,0,0,0,3,651.693750505231,760.587008713685,852.76398624399,1108.42303415919,1108.42310126945,0.856829978738901,0.764213499887143,0.587946777016938,0.587946741419285
3,1,1,0,0,1,0,1,652.191998555471,760.587008713685,627.05148562423,732.394783511896,732.39485871171,0.85748506230532,1.04009321962807,0.890492413706382,0.890492322273649
3,1,1,0,0,1,0,2,652.09559109701,760.587008713685,768.158630102587,955.172628046767,955.172703246581,0.857358308288545,0.848907459400572,0.682699202164619,0.682699148416378
3,1,1,0,0,1,0,3,652.09559109701,760.587008713685,860.061409346811,1091.74606359109,1091.7461387909,0.857358308288545,0.758196547374746,0.597296031416012,0.597295990274075
3,1,1,0,0,2,0,1,648.417005436306,760.587008713685,637.247104343987,726.923396112239,726.923457341849,0.852521799620161,1.01752836696499,0.892001838026119,0.892001762891764
3,1,1,0,0,2,0,2,648.23466603752,760.587008713685,764.17523093024,925.095392740296,925.095453969906,0.852282064525165,0.848280132357097,0.700721969998504,0.700721923619578
3,1,1,0,0,2,0,3,648.23466603752,760.587008713685,847.231682724789,1048.17606014085,1048.17612137046,0.852282064525165,0.765120898161796,0.618440632912767,0.61844059678632
3,1,1,0,1,0,0,1,610.246898236533,760.587008713685,542.507456540437,709.428237753735,709.428330580491,0.802336736290817,1.1248636140931,0.86019538800536,0.860195275451147
3,1,1,0,1,0,0,2,609.966108186036,760.587008713685,750.164274300524,1036.7287602337,1036.72885306046,0.801967560841748,0.813110046802465,0.58835650324636,0.588356450566023
3,1,1,0,1,0,0,3,609.966108186036,760.587008713685,888.085988833775,1241.71298703888,1241.71307986564,0.801967560841748,0.686832261577549,0.491229547047443,0.491229510324591
3,1,1,0,1,1,0,1,607.235532216562,760.587008713685,539.689775140023,710.909646654644,710.909743671022,0.798377470637483,1.12515663662335,0.854166960701763,0.85416684413537
3,1,1,0,1,1,0,2,606.967127384061,760.587008713685,750.296918586961,1042.67763492491,1042.67773194129,0.798024578950634,0.808969239174228,0.58212347426803,0.582123420104113
3,1,1,0,1,1,0,3,606.967127384061,760.587008713685,891.011620009723,1251.81567144062,1251.815768457,0.798024578950634,0.68121123647909,0.484869411073556,0.484869373495922
3,1,1,0,1,2,0,1,614.022843245816,760.587008713685,599.498447798059,741.080130626862,741.080183648082,0.807301250496323,1.02422757807148,0.828551215813097,0.828551156533687
3,1,1,0,1,2,0,2,613.781480579993,760.587008713685,790.159993277888,1038.40067875864,1038.40073177986,0.806983913146279,0.776781266834063,0.591083473976289,0.591083443795295
3,1,1,0,1,2,0,3,613.781480579993,760.587008713685,913.609843580799,1221.5999192489,1221.59997227012,0.806983913146279,0.671820126383862,0.502440668919964,0.502440647112484
3,1,1,1,0,0,0,1,643.500697629172,760.587008713685,590.744574742554,720.744070243659,720.744142538022,0.846057966093148,1.08930445600725,0.892828292588833,0.89282820303354
3,1,1,1,0,0,0,2,643.282015661348,760.587008713685,752.469683803004,975.648836986114,975.648909280476,0.845770448734426,0.854894262862766,0.659337654363958,0.659337605507864
3,1,1,1,0,0,0,3,643.282015661348,760.587008713685,859.884429754012,1135.29250673569,1135.29257903005,0.845770448734426,0.748102876854477,0.566622268573743,0.56662223249177
3,1,1,1,0,1,0,1,645.164766271194,760.587008713685,617.090516731545,730.2915628321,730.291641889401,0.848245840225834,1.04549454055516,0.883434506307615,0.883434410671922
3,1,1,1,0,1,0,2,645.05240040178,760.587008713685,767.648917043484,967.940524174354,967.940603231654,0.848098104505756,0.840296112037946,0.666417392692598,0.66641733826244
3,1,1,1,0,1,0,3,645.05240040178,760.587008713685,865.951250365641,1114.02603210562,1114.02611116292,0.848098104505756,0.744906136609204,0.579028121257245,0.579028080166287
3,1,1,1,0,2,0,1,644.300486922444,760.587008713685,623.343555730149,741.107039672799,741.10708227732,0.847109508236399,1.03362019387165,0.86937574794446,0.869375697966071
3,1,1,1,0,2,0,2,644.102735682515,760.587008713685,779.75703443099,984.710104914012,984.710147518534,0.84684951005386,0.826030041720027,0.654103915932456,0.654103887631961
3,1,1,1,0,2,0,3,644.102735682515,760.587008713685,880.763991229055,1134.56368669617,1134.56372930069,0.84684951005386,0.731300032808684,0.567709634316019,0.567709612997694
3,1,1,1,1,0,0,1,608.624520611571,760.587008713685,540.154076695333,708.876163892258,708.876257720743,0.80020367642209,1.12676095001474,0.858576647957478,0.858576534314306
3,1,1,1,1,0,0,2,608.340700448259,760.587008713685,750.051798587627,1039.708711476,1039.70880530449,0.799830517059571,0.81106491790805,0.585106860925152,0.585106808122204
3,1,1,1,1,0,0,3,608.340700448259,760.587008713685,889.461879086189,1246.90500146235,1246.90509529083,0.799830517059571,0.683942409171322,0.487880552034685,0.487880515322113
3,1,1,1,1,1,0,1,605.306546942734,760.587008713685,536.938596408647,710.314933147904,710.315031238447,0.79584129101342,1.12732917877644,0.852166438709372,0.85216632102994
3,1,1,1,1,1,0,2,605.033833487315,760.587008713685,750.15431171055,1046.18867633488,1046.18877442542,0.795482734461316,0.806545832027117,0.578321909970327,0.578321855746929
3,1,1,1,1,1,0,3,605.033833487315,760.587008713685,892.629223647407,1257.94299234391,1257.94309043445,0.795482734461316,0.67781091797002,0.480970788954405,0.480970751449779
3,1,1,1,1,2,0,1,614.893374307152,760.587008713685,594.312314300885,750.557300094465,750.557339648317,0.808445802074727,1.03463004132849,0.819249075626554,0.819249032452695
3,1,1,1,1,2,0,2,614.647819907632,760.587008713685,799.450355020639,1070.03308987958,1070.03312943343,0.808122953542334,0.768838009824593,0.574419450875863,0.574419429642406
3,1,1,1,1,2,0,3,614.647819907632,760.587008713685,931.482783039192,1266.0464747636,1266.04651431746,0.808122953542334,0.659859560583817,0.485485985040477,0.485485969872914
3,1,1,0,0,0,1,1,662.782273956366,760.587008713685,836.482646294046,824.999606763033,824.999667064503,0.871408880723945,0.792344320462304,0.803372836208804,0.803372777488098
3,1,1,0,0,0,1,2,662.741711012328,760.587008713685,866.480760055144,872.281455793218,872.281516094687,0.87135554962103,0.764866043846317,0.759779663560149,0.759779611036017
3,1,1,0,0,0,1,3,662.741711012328,760.587008713685,886.404937490408,901.893486937973,901.893547239442,0.87135554962103,0.747673758326171,0.734833681150541,0.734833632018855
3,1,1,0,0,1,1,1,663.09145642627,760.587008713685,741.546826116454,781.670152747324,781.67022657811,0.871815385786959,0.894200383674944,0.848300851830805,0.848300771706584
3,1,1,0,0,1,1,2,662.999365867107,760.587008713685,817.467760161505,901.401247462095,901.401321292881,0.871694307517006,0.811040383704085,0.73552079912668,0.735520738882616
3,1,1,0,0,1,1,3,662.999365867107,760.587008713685,867.568337023311,975.860182947389,975.860256778175,0.871694307517006,0.764204198763068,0.679399956523127,0.679399905121676
3,1,1,0,0,2,1,1,641.398094539139,760.587008713685,769.545829840019,791.030501252609,791.030641915976,0.843293518283831,0.833476148746696,0.810838638362838,0.810838494177155
3,1,1,0,0,2,1,2,641.295824751513,760.587008713685,835.188443668031,893.914366491922,893.914507155289,0.843159056629275,0.76784566359064,0.71740185502132,0.717401742133387
3,1,1,0,0,2,1,3,641.295824751513,760.587008713685,878.72193281984,958.405831980094,958.405972643462,0.843159056629275,0.729805187283284,0.669127631899502,0.66912753369295
3,2,0,0,0,0,0,1,662.454600107157,760.587008713685,618.238625074269,727.193835064178,727.193895655548,0.870978063676776,1.07151926980877,0.910973894668252,0.910973818763935
3,2,0,0,0,0,0,2,662.271318321075,760.587008713685,753.783714310192,940.834682521288,940.834743112658,0.870737089555496,0.878595949671236,0.703918903740126,0.703918858406543
3,2,0,0,0,0,0,3,662.271318321075,760.587008713685,843.81018830528,1074.63527531649,1074.63533590786,0.870737089555496,0.784858167748827,0.61627543179804,0.616275397050465
3,2,0,0,0,1,0,1,662.883777537026,760.587008713685,663.031502598352,744.597316230607,744.59738767421,0.871542334989529,0.999777197522672,0.890258080559246,0.890257995139601
3,2,0,0,0,1,0,2,662.772541711165,760.587008713685,778.629136074269,927.148598508413,927.148669952016,0.871396085021298,0.851204393728142,0.71485039483145,0.714850339746986
3,2,0,0,0,1,0,3,662.772541711165,760.587008713685,853.72938230591,1038.75387056156,1038.75394200516,0.871396085021298,0.776326263857788,0.638045797463902,0.638045753580275
3,2,0,0,0,2,0,1,654.864591919544,760.587008713685,657.501428679469,738.874727997037,738.87478165165,0.860998918489365,0.995989610600207,0.886299892398228,0.886299828038098
3,2,0,0,0,2,0,2,654.700613112597,760.587008713685,777.286923046281,923.987148590262,923.987202244874,0.86078332342257,0.842289499155276,0.708560302068575,0.708560260923494
3,2,0,0,0,2,0,3,654.700613112597,760.587008713685,853.820663553279,1037.2119753776,1037.21202903222,0.86078332342257,0.766789375169231,0.631211968868995,0.631211936216623
3,2,0,0,1,0,0,1,626.370008894733,760.587008713685,579.755278225669,721.132543299616,721.132626165664,0.823534982478939,1.08040415054388,0.868592070507196,0.868591970696441
3,2,0,0,1,0,0,2,626.128376451971,760.587008713685,758.453291359607,1002.78933499929,1002.78941786534,0.823217290433198,0.825533204990871,0.624386752629767,0.62438670103323
3,2,0,0,1,0,0,3,626.128376451971,760.587008713685,877.141117846445,1179.18746364731,1179.18754651335,0.823217290433198,0.713828554736141,0.530982897761916,0.530982860447704
3,2,0,0,1,1,0,1,620.2134015984,760.587008713685,655.185988422624,755.710891430705,755.710986304851,0.815440435470115,0.946621894481564,0.820701949159708,0.820701846126408
3,2,0,0,1,1,0,2,620.007790664566,760.587008713685,801.947653617141,987.140116471439,987.140211345585,0.815170103566628,0.773127507597354,0.628084889185541,0.628084828820239
3,2,0,0,1,1,0,3,620.007790664566,760.587008713685,898.922990329593,1131.26649279876,1131.2665876729,0.815170103566628,0.689722921022677,0.548065194727605,0.548065148763888
3,2,0,0,1,2,0,1,621.548379433173,760.587008713685,662.320363380314,756.118912843205,756.118980839014,0.817195629576087,0.938440690938367,0.822024643049846,0.822024569127312
3,2,0,0,1,2,0,2,621.356259957151,760.587008713685,808.911717375801,982.491940719412,982.492008715221,0.81694303589013,0.768138533056362,0.632428861963157,0.632428818194341
3,2,0,0,1,2,0,3,621.356259957151,760.587008713685,902.168890725518,1120.51512471739,1120.5151927132,0.81694303589013,0.688736074081939,0.554527329663548,0.554527296013371
3,2,0,1,0,0,0,1,653.202742876006,760.587008713685,604.818115568612,724.045549197283,724.045615501166,0.858813962626986,1.07999864101608,0.902156975621468,0.902156893007184
3,2,0,1,0,0,0,2,653.002181406871,760.587008713685,753.142304306949,957.828311517001,957.828377820884,0.85855026962824,0.867036916758742,0.681752850229131,0.681752803036061
3,2,0,1,0,0,0,3,653.002181406871,760.587008713685,851.656413490592,1104.24353386795,1104.24360017183,0.85855026962824,0.766743690369784,0.591357034366806,0.591356998859
3,2,0,1,0,1,0,1,658.29409563426,760.587008713685,639.801394579664,736.253678380476,736.253752267381,0.865507940699087,1.02890381485765,0.894113150079328,0.894113060350409
3,2,0,1,0,1,0,2,658.171927587334,760.587008713685,769.634371263864,941.182207932921,941.182281819827,0.86534731733118,0.855174810483723,0.699303410157795,0.699303355259433
3,2,0,1,0,1,0,3,658.171927587334,760.587008713685,854.459895921701,1067.24221406198,1067.24228794889,0.86534731733118,0.770278313503957,0.616703423941876,0.616703381246503
3,2,0,1,0,2,0,1,644.94660791227,760.587008713685,597.58346447089,706.898975314426,706.899039409882,0.847959011294464,1.07925778783607,0.912360366098142,0.91236028337324
3,2,0,1,0,2,0,2,644.735478665314,760.587008713685,743.05352523238,933.926283701881,933.926347797337,0.847681424056531,0.867683762705629,0.690349431123967,0.690349383745218
3,2,0,1,0,2,0,3,644.735478665314,760.587008713685,838.231229825813,1074.93564336637,1074.93570746183,0.847681424056531,0.769161844279283,0.599789841042201,0.599789805278385
3,2,0,1,1,0,0,1,623.489482346967,760.587008713685,561.716813266691,713.934515720895,713.934600371083,0.819747741157741,1.10997119477524,0.873314664885474,0.873314561337823
3,2,0,1,1,0,0,2,623.2334254555,760.587008713685,751.082352228556,1012.40504276868,1012.40512741887,0.819411084222331,0.829780414366398,0.615596919342784,0.615596867870904
3,2,0,1,1,0,0,3,623.2334254555,760.587008713685,876.855346772411,1199.3334037363,1199.33348838648,0.819411084222331,0.710759679745969,0.519649851754261,0.519649815076842
3,2,0,1,1,1,0,1,619.891663927031,760.587008713685,636.056512277427,747.811101892018,747.811196980589,0.815017423155044,0.97458582997206,0.828941509906256,0.828941404501491
3,2,0,1,1,1,0,2,619.685561925972,760.587008713685,792.279018380483,994.106345557515,994.106440646086,0.814746445609152,0.782155714779229,0.62335942698207,0.623359367356305
3,2,0,1,1,1,0,3,619.685561925972,760.587008713685,895.738631792604,1147.86992869072,1147.87002377929,0.814746445609152,0.691815156711307,0.53985695281067,0.539856908089381
3,2,0,1,1,2,0,1,617.550253076675,760.587008713685,587.637474234823,712.164856759956,712.164932655168,0.811938997118928,1.05090345689883,0.867145081949512,0.867144989538111
3,2,0,1,1,2,0,2,617.307253243302,760.587008713685,758.760366689379,979.211994590651,979.212070485862,0.811619507263607,0.813573402544384,0.630412266856842,0.630412217995851
3,2,0,1,1,2,0,3,617.307253243302,760.587008713685,870.542770663601,1144.87074570836,1144.87082160357,0.811619507263607,0.709106173810091,0.539193839616679,0.539193803872707
3,2,0,0,0,0,1,1,651.644179551112,760.587008713685,801.02504899901,812.550762418421,812.550829604813,0.856764804138821,0.813512861258746,0.80197350084517,0.801973434533372
3,2,0,0,0,0,1,2,651.570218993246,760.587008713685,855.722193926994,898.762254562997,898.76232174939,0.856667562722626,0.761427275834842,0.724963933103818,0.724963878909611
3,2,0,0,0,0,1,3,651.570218993246,760.587008713685,892.050998778742,952.755434668777,952.75550185517,0.856667562722626,0.730418126189281,0.683879824017758,0.683879775791935
3,2,0,0,0,1,1,1,651.930952258355,760.587008713685,805.202046119746,808.985967853932,808.986047802511,0.857141845429241,0.809648901663871,0.805861879147038,0.805861799507207
3,2,0,0,0,1,1,2,651.920844736127,760.587008713685,861.385486042098,898.247656412519,898.247736361098,0.857128556322128,0.756828220697773,0.725769602717152,0.725769538119997
3,2,0,0,0,1,1,3,651.920844736127,760.587008713685,895.3435579309,948.69632704774,948.696406996319,0.857128556322128,0.728123678292485,0.687175470326577,0.6871754124169
3,2,0,0,0,2,1,1,617.729002115226,760.587008713685,665.120423715096,744.55802108991,744.558185006749,0.812174011701747,0.928747607335284,0.829658649316507,0.829658466664531
3,2,0,0,0,2,1,2,617.537493758739,760.587008713685,791.679290815602,942.30363225762,942.303796174459,0.811922221499847,0.780034921871634,0.655348735395629,0.655348621395564
3,2,0,0,0,2,1,3,617.537493758739,760.587008713685,874.921333507782,1065.5879067417,1065.58807065854,0.811922221499847,0.705820592215844,0.579527498249313,0.579527409101998
3,2,1,0,0,0,0,1,634.318693900318,760.587008713685,577.425392956095,717.619554608896,717.619632572641,0.833985706609801,1.09852926739671,0.883920581353197,0.883920485322158
3,2,1,0,0,0,0,2,634.082862714747,760.587008713685,751.833116582568,992.514160445713,992.514238409458,0.833675641906002,0.843382459124638,0.638865305891451,0.638865255707453
3,2,1,0,0,0,0,3,634.082862714747,760.587008713685,867.671414259825,1164.67721659795,1164.67729456169,0.833675641906002,0.730786853518342,0.544427978566388,0.544427942122264
3,2,1,0,0,1,0,1,634.895412332075,760.587008713685,579.04462776115,715.793168763325,715.793259970315,0.834743960991154,1.09645333346217,0.886981659002114,0.886981545982152
3,2,1,0,0,1,0,2,634.746506014042,760.587008713685,755.076166500751,993.647246196623,993.647337403612,0.834548182840427,0.840639043019524,0.638804674841758,0.638804616205812
3,2,1,0,0,1,0,3,634.746506014042,760.587008713685,870.04189173841,1164.49742008571,1164.4975112927,0.834548182840427,0.729558555790653,0.54508193411654,0.545081891424064
3,2,1,0,0,2,0,1,630.53366226069,760.587008713685,618.088145350069,729.666690339666,729.666762883646,0.829009245539254,1.02013550495063,0.864139298954666,0.864139213041332
3,2,1,0,0,2,0,2,630.321593406414,760.587008713685,772.440909221602,970.579544014204,970.579616558185,0.828730422930077,0.816012701918645,0.649428063154389,0.649428014614222
3,2,1,0,0,2,0,3,630.321593406414,760.587008713685,873.07785851287,1119.79395330552,1119.7940258495,0.828730422930077,0.721953474435892,0.562890692118643,0.562890655652712
3,2,1,0,1,0,0,1,593.720394795681,760.587008713685,518.534529701871,703.804485039865,703.804588070829,0.780608119772896,1.14499683393705,0.84358711462609,0.843586991132161
3,2,1,0,1,0,0,2,593.408738213817,760.587008713685,749.018529790988,1067.0843159944,1067.08441902536,0.780198361811882,0.792248408566617,0.556102952052883,0.556102898359077
3,2,1,0,1,0,0,3,593.408738213817,760.587008713685,902.101625292816,1294.60193404736,1294.60203707832,0.780198361811882,0.657806971605001,0.458371583270097,0.458371546790573
3,2,1,0,1,1,0,1,588.98344309557,760.587008713685,551.18590801677,719.59927977025,719.599396293069,0.774380098986527,1.06857493003549,0.818488094212125,0.818487961676522
3,2,1,0,1,1,0,2,588.733622173524,760.587008713685,770.161120622015,1064.83803212612,1064.83814864894,0.77405164094138,0.764429164767545,0.552885607398924,0.552885546897909
3,2,1,0,1,1,0,3,588.733622173524,760.587008713685,915.094801894619,1280.23780654981,1280.23792307263,0.77405164094138,0.643358066240356,0.45986270610156,0.459862664246451
3,2,1,0,1,2,0,1,592.050853305722,760.587008713685,607.058089329755,737.654528173215,737.654616019273,0.778413050082207,0.975278747968579,0.802612646833365,0.802612551251564
3,2,1,0,1,2,0,2,591.79598232798,760.587008713685,795.943449382146,1032.01674186828,1032.01682971434,0.778077952355292,0.743515111264958,0.573436416599833,0.573436367788488
3,2,1,0,1,2,0,3,591.79598232798,760.587008713685,918.575290049291,1213.82480339749,1213.82489124355,0.778077952355292,0.644254193138839,0.487546457010556,0.487546421726196
3,2,1,1,0,0,0,1,611.674135459118,760.587008713685,544.577770665913,709.913907891558,709.913999837074,0.804213230638253,1.12320804925834,0.861617343539287,0.861617231945698
3,2,1,1,0,0,0,2,611.396011057931,760.587008713685,750.26322137771,1034.10723903601,1034.10733098153,0.803847559915508,0.814908679563452,0.591230762128569,0.591230709560508
3,2,1,1,0,0,0,3,611.396011057931,760.587008713685,886.875591357736,1237.14547073974,1237.14556268526,0.803847559915508,0.689381934755846,0.494198964889999,0.494198928160789
3,2,1,1,0,1,0,1,618.08746461583,760.587008713685,551.357277744592,709.219095151422,709.219195201317,0.812645308866302,1.12102893997193,0.871504262704411,0.871504139760883
3,2,1,1,0,1,0,2,617.897856676633,760.587008713685,751.777596172335,1025.43139996638,1025.43150001627,0.812396017283585,0.821915763149436,0.602573567278019,0.602573508485772
3,2,1,1,0,1,0,3,617.897856676633,760.587008713685,883.333035468491,1220.94026005625,1220.94036010615,0.812396017283585,0.69950724343613,0.506083611861702,0.506083570390707
3,2,1,1,0,2,0,1,607.143037777018,760.587008713685,560.073881294138,703.157870438517,703.157956592373,0.79825586135612,1.08404097754768,0.863451954819732,0.863451849025985
3,2,1,1,0,2,0,2,606.872525848217,760.587008713685,750.37786615401,1001.25069034417,1001.25077649803,0.797900199313907,0.808755899156094,0.606114464340205,0.60611441218634
3,2,1,1,0,2,0,3,606.872525848217,760.587008713685,875.629708537617,1187.02386024245,1187.02394639631,0.797900199313907,0.693069821559334,0.511255541000046,0.511255503893267
3,2,1,1,1,0,0,1,578.657782725125,760.587008713685,496.685086566034,698.678875390315,698.678987721614,0.760804189521668,1.16503957613431,0.828217086715066,0.828216953557059
3,2,1,1,1,0,0,2,578.317993720114,760.587008713685,747.974273506476,1094.75102494139,1094.75113727269,0.760357443783024,0.773178990513912,0.528264400347171,0.528264346142499
3,2,1,1,1,0,0,3,578.317993720114,760.587008713685,914.875778982375,1342.80606231079,1342.80617464209,0.760357443783024,0.632127341225913,0.430678718209618,0.430678682181559
3,2,1,1,1,1,0,1,576.944754271359,760.587008713685,525.472508142164,712.409081645278,712.409204500372,0.758551944302987,1.09795421326832,0.809850364258314,0.809850224599475
3,2,1,1,1,1,0,2,576.665735209193,760.587008713685,764.768059514673,1089.60537181801,1089.60549467311,0.758185097303276,0.754040036106043,0.529242742486688,0.529242682813561
3,2,1,1,1,1,0,3,576.665735209193,760.587008713685,923.528193604998,1325.55623141852,1325.55635427362,0.758185097303276,0.624415950917724,0.435036795528532,0.435036755208492
3,2,1,1,1,2,0,1,575.938171645668,760.587008713685,535.899912758483,699.983955360926,699.984054048055,0.757228515669368,1.07471219519536,0.822787675681371,0.822787559680794
3,2,1,1,1,2,0,2,575.623382026442,760.587008713685,758.228830963183,1048.21799658687,1048.218095274,0.756814638472386,0.759168417923681,0.549144723617363,0.549144671916752
3,2,1,1,1,2,0,3,575.623382026442,760.587008713685,904.500693137962,1265.17675405661,1265.17685274374,0.756814638472386,0.636399050209067,0.454974674630077,0.454974639140853
3,2,1,0,0,0,1,1,630.985941987759,760.587008713685,773.545709682661,806.636729097301,806.63680903802,0.829603891150982,0.815706084449249,0.782243008812516,0.782242931289314
3,2,1,0,0,0,1,2,630.875020961286,760.587008713685,855.576776450411,935.930875575521,935.930955516239,0.829458055072792,0.737368098721239,0.674061554570843,0.674061496997189
3,2,1,0,0,0,1,3,630.875020961286,760.587008713685,910.060253061667,1016.90618366686,1016.90626360758,0.829458055072792,0.693223353990977,0.62038665030673,0.620386601537087
3,2,1,0,0,1,1,1,631.316346479217,760.587008713685,771.945683992583,801.503194506172,801.503284885076,0.830038298375498,0.817824828314324,0.787665415192997,0.787665326374475
3,2,1,0,0,1,1,2,631.253639861954,760.587008713685,857.519006726057,936.951606126426,936.951696505331,0.829955853347454,0.736139531498005,0.673731317321395,0.673731252332881
3,2,1,0,0,1,1,3,631.253639861954,760.587008713685,911.645028823703,1017.37868208313,1017.37877246204,0.829955853347454,0.692433589723471,0.620470677220631,0.620470622101081
3,2,1,0,0,2,1,1,595.68240873203,760.587008713685,696.73251704268,760.948373601729,760.948564742435,0.783187724622665,0.854965706581971,0.782815798544308,0.782815601910828
3,2,1,0,0,2,1,2,595.49190438867,760.587008713685,819.325406632627,951.935308526227,951.935499666932,0.782937254471087,0.726807565795014,0.625559215059059,0.625559089451988
3,2,1,0,0,2,1,3,595.49190438867,760.587008713685,899.643862585483,1070.76309362433,1070.76328476504,0.782937254471087,0.661919598581251,0.556137868343071,0.556137769067549
