"sample","contrs","spec_d","spec_u","spec_m","hetero","design","ft_pt_cf","numerator","denom1","denom2","denom3","denom4","mvpf_1","mvpf_2","mvpf_3","mvpf_4","eff_fed_liab","eff_st_liab","eff_pay_liab","eff_fedeitc","eff_ctc","eff_caleitc","eff_st_nocal_liab","direct_real"
0,0,0,0,0,0,0,1,621.159325402022,760.587008713685,609.493060843702,734.824335912052,734.82442007877,0.816684111463506,1.01914093089455,0.845316758094367,0.845316661271867,151.093947869983,-139.427767478381,-125.33127506835,-93.1184043742067,-67.0609709676238,139.427683311663,-8.41667184749068e-05,760.587008713685
0,0,0,0,0,0,0,2,620.927464801289,760.587008713685,776.012264867683,996.974858785336,996.974942952055,0.816379267181292,0.800151612174793,0.622811557713497,0.622811505134438,-15.4252561539977,-139.659628079115,-220.962593917653,22.8942315341716,-71.4251897974986,139.659543912396,-8.41667184749068e-05,760.587008713685
0,0,0,0,0,0,0,3,620.927464801289,760.587008713685,886.65112732009,1161.36317338456,1161.36325755128,0.816379267181292,0.70030640650968,0.534653998879368,0.534653960131739,-126.064118606405,-139.659628079115,-274.712046064472,88.1635026444282,-71.4251897974986,139.659543912396,-8.41667184749068e-05,760.587008713685
0,0,0,0,0,1,0,1,621.152334962617,760.587008713685,631.449682540181,743.725330488334,743.725417851953,0.816674920615747,0.983692528696603,0.835190505821236,0.835190407713435,129.137326173505,-139.434761114687,-112.275647948153,-77.2609131590128,-60.1036323707144,139.434673751068,-8.73636194005926e-05,760.587008713685
0,0,0,0,0,1,0,2,621.010942296923,760.587008713685,789.341729707159,992.494604999997,992.494692363616,0.816489021219525,0.786745358727347,0.625707121397325,0.625707066319913,-28.7547209934738,-139.576153780381,-203.152875292838,32.8197491437295,-64.3493207148573,139.576066416762,-8.73636194005926e-05,760.587008713685
0,0,0,0,0,1,0,3,621.010942296923,760.587008713685,893.117855826123,1146.67026563339,1146.67035299701,0.816489021219525,0.695329220265668,0.541577610328887,0.541577569066654,-132.530847112437,-139.576153780381,-253.55240980727,93.9165112119864,-64.3493207148573,139.576066416762,-8.73636194005926e-05,760.587008713685
0,0,0,0,0,2,0,1,619.86319556929,760.587008713685,635.494675534315,745.681986540789,745.682035518036,0.814979993699354,0.975402657855657,0.831270175165191,0.831270120566418,125.09233317937,-140.723862121642,-110.187311006474,-74.9489041330929,-57.4621926946829,140.723813144396,-4.89772465088174e-05,760.587008713685
0,0,0,0,0,2,0,2,619.648220045747,760.587008713685,797.830962440177,996.458165727429,996.458214704675,0.814697349477088,0.776666047342339,0.621850712210677,0.621850681645888,-37.243953726492,-140.938837645185,-198.627203287252,34.5064547494544,-58.2473805588306,140.938788667939,-4.89772465088174e-05,760.587008713685
0,0,0,0,0,2,0,3,619.648220045747,760.587008713685,901.380910929,1149.75247623768,1149.75252521493,0.814697349477088,0.687443246836803,0.5389405396833,0.538940516725469,-140.793902215315,-140.938837645185,-248.371565308682,96.1270137804505,-58.2473805588306,140.938788667939,-4.89772465088174e-05,760.587008713685
0,0,0,0,1,0,0,1,624.466039707783,760.587008713685,562.99359427249,712.753620108993,712.753702299692,0.8210316933547,1.10918853440016,0.876131698373263,0.876131597342742,197.593414441195,-136.121051196602,-149.760025836502,-127.992479297962,-79.7782185227764,136.120969005902,-8.21906998022644e-05,760.587008713685
0,0,0,0,1,0,0,2,624.206312683019,760.587008713685,749.526093931572,1006.41099497518,1006.41107716588,0.820690211023569,0.83280130970331,0.620230021134074,0.620229970481671,11.0609147821134,-136.380778221366,-256.884901043606,1.96326421443359,-84.6669558438997,136.380696030666,-8.21906998022644e-05,760.587008713685
0,0,0,0,1,0,0,3,624.206312683019,760.587008713685,873.46221105181,1190.55650189534,1190.55658408604,0.820690211023569,0.714634594130133,0.524297932680472,0.524297896485289,-112.875202338125,-136.380778221366,-317.094290843526,75.076995225117,-84.6669558438997,136.380696030666,-8.21906998022644e-05,760.587008713685
0,0,0,0,1,1,0,1,627.802652821273,760.587008713685,584.002958526783,720.738895258851,720.738979552051,0.825418585419992,1.07499909658845,0.87105421526585,0.871054113392703,176.584050186902,-132.784440185612,-136.735936732068,-113.033928324852,-72.9305367498477,132.784355892412,-8.42932003286913e-05,760.587008713685
0,0,0,0,1,1,0,2,627.591195626732,760.587008713685,758.984180415691,996.29788682968,996.297971122881,0.825140567005112,0.826883104840215,0.629923242760045,0.629923189464497,1.60282829799412,-132.995897380153,-237.313706413989,8.91096121292337,-77.5638764168999,132.995813086953,-8.42932003286913e-05,760.587008713685
0,0,0,0,1,1,0,3,627.591195626732,760.587008713685,874.762726417212,1168.31621071829,1168.31629501149,0.825140567005112,0.71744162922576,0.537175800411848,0.537175761654991,-114.175717703527,-132.995897380153,-293.553484301074,77.160999914259,-77.5638764168999,132.995813086953,-8.42932003286913e-05,760.587008713685
0,0,0,0,1,2,0,1,633.284243758042,760.587008713685,618.477310450959,741.832962854008,741.832976266969,0.832625638490803,1.02394094828845,0.853674985432902,0.853674969997743,142.109698262726,-127.302778368605,-123.355652403049,-91.4563387067318,-59.9043471186372,127.302764955643,-1.34129616821989e-05,760.587008713685
0,0,0,0,1,2,0,2,633.06879793247,760.587008713685,787.083765266227,1003.4323270654,1003.43234047836,0.832342375927673,0.804322012306197,0.630903331352616,0.63090332291928,-26.4967565525419,-127.518224194177,-216.348561799176,20.785920639812,-60.6503574940686,127.518210781215,-1.34129616821989e-05,760.587008713685
0,0,0,0,1,2,0,3,633.06879793247,760.587008713685,895.325312468841,1163.91173048711,1163.91174390008,0.832342375927673,0.707082430392587,0.543914784386202,0.543914778118108,-134.738303755156,-127.518224194177,-268.586418018273,83.8971800220571,-60.6503574940686,127.518210781215,-1.34129616821989e-05,760.587008713685
0,0,0,1,0,0,0,1,625.537138865951,760.587008713685,595.413565611757,727.108337110251,727.108418641822,0.822439946645772,1.05059268883678,0.860308026933132,0.860307930465723,165.173443101928,-135.049951379306,-131.694771498494,-104.132065278535,-70.3328956920882,135.049869847735,-8.15315712895706e-05,760.587008713685
0,0,0,1,0,0,0,2,625.300017999449,760.587008713685,765.710622647189,995.206319005425,995.206400536997,0.822128186303057,0.816627064461615,0.628311945028999,0.628311893554993,-5.12361393350371,-135.287072245807,-229.495696358236,14.5125714762423,-74.7961263887667,135.286990714236,-8.15315712895706e-05,760.587008713685
0,0,0,1,0,0,0,3,625.300017999449,760.587008713685,878.859570120416,1163.32414272041,1163.32422425198,0.822128186303057,0.711490253117201,0.537511425265531,0.537511387594046,-118.272561406731,-135.287072245807,-284.464572599992,81.2626190162468,-74.7961263887667,135.286990714236,-8.15315712895706e-05,760.587008713685
0,0,0,1,0,1,0,1,626.372279602449,760.587008713685,626.390277642743,739.674393724931,739.674478328095,0.823537967946334,0.999971267050374,0.846821635190177,0.846821538331639,134.196731070942,-134.214813714399,-113.284116082188,-81.7088931161896,-60.6279792876002,134.214729111236,-8.46031634259697e-05,760.587008713685
0,0,0,1,0,1,0,2,626.228007606696,760.587008713685,783.172673518138,986.713903318571,986.713987921734,0.823348282881904,0.799604006602502,0.634660163904179,0.634660109486933,-22.5856648044526,-134.359085710153,-203.541229800433,27.6234319466131,-64.8587712978686,134.359001106989,-8.46031634259697e-05,760.587008713685
0,0,0,1,0,1,0,3,626.228007606696,760.587008713685,886.156708371406,1139.71326867432,1139.71335327748,0.823348282881904,0.706678628837092,0.549461013413582,0.54946097262601,-125.569699657721,-134.359085710153,-253.556560302911,88.2571811288105,-64.8587712978686,134.359001106989,-8.46031634259697e-05,760.587008713685
0,0,0,1,0,2,0,1,629.542494578129,760.587008713685,624.712228281458,751.691799163777,751.691834331623,0.827706084071591,1.00773198614978,0.837500815199084,0.837500776016671,135.874780432227,-131.044549303402,-126.979570882319,-87.6959697271659,-58.2611877182946,131.044514135556,-3.51678460971943e-05,760.587008713685
0,0,0,1,0,2,0,2,629.326774537134,760.587008713685,797.625309294667,1019.89539788525,1019.8954330531,0.82742246097716,0.789000508388634,0.617050313043906,0.617050291766891,-37.0383005809817,-131.260269344397,-222.270088590585,26.2410092257881,-58.5387653605025,131.260234176551,-3.51678460971943e-05,760.587008713685
0,0,0,1,0,2,0,3,629.326774537134,760.587008713685,908.401834828684,1184.17291489158,1184.17295005943,0.82742246097716,0.692784570008953,0.531448377701453,0.531448361918375,-147.814826114999,-131.260269344397,-275.771080062901,90.2720422673381,-58.5387653605025,131.260234176551,-3.51678460971943e-05,760.587008713685
0,0,0,1,1,0,0,1,627.523412012864,760.587008713685,567.43168075829,713.827991520291,713.82807186493,0.825051446874093,1.10590126228812,0.879096112042878,0.879096013096559,193.155327955396,-133.06367704546,-146.396310762002,-125.11767856504,-77.9863438568703,133.063596700821,-8.03446391170821e-05,760.587008713685
0,0,0,1,1,0,0,2,627.269518638994,760.587008713685,749.774529824812,1000.88961606486,1000.8896964095,0.824717634475298,0.836610865916661,0.626711985588571,0.626711935280381,10.8124788888732,-133.317570419331,-251.115086240053,1.91916792507713,-82.7652767136147,133.317490074692,-8.03446391170821e-05,760.587008713685
0,0,0,1,1,0,0,3,627.269518638994,760.587008713685,870.926954947777,1180.89908592127,1180.89916626591,0.824717634475298,0.720232064325769,0.53117961231178,0.531179576172002,-110.339946234092,-133.317570419331,-309.972130973489,73.390713327285,-82.7652767136147,133.317490074692,-8.03446391170821e-05,760.587008713685
0,0,0,1,1,1,0,1,631.499799194853,760.587008713685,584.309828217389,719.643975368488,719.64405763334,0.830279497230506,1.08076189839461,0.877516967847189,0.877516867535372,176.277180496296,-129.087291783684,-135.334147151099,-113.311257010182,-72.1830501436747,129.087209518832,-8.22648520056298e-05,760.587008713685
0,0,0,1,1,1,0,2,631.291023316525,760.587008713685,756.677480419041,991.100939824037,991.101022088889,0.830005004140385,0.83429339401897,0.636959363017662,0.636959310147807,3.90952829464381,-129.296067662012,-234.423459404996,6.8271492234645,-76.757219530282,129.29598539716,-8.22648520056298e-05,760.587008713685
0,0,0,1,1,1,0,3,631.291023316525,760.587008713685,870.671017551325,1160.46711850038,1160.46720076524,0.830005004140385,0.7250626362779,0.543997338013603,0.543997299449945,-110.08400883764,-129.296067662012,-289.796100949058,74.0242379768892,-76.757219530282,129.29598539716,-8.22648520056298e-05,760.587008713685
0,0,0,1,1,2,0,1,639.610904811783,760.587008713685,611.478148726647,746.843109501683,746.843115545441,0.840943767753148,1.04600778644947,0.856419369308436,0.856419362377942,149.108859987038,-120.976109945661,-135.364960775036,-100.003239035589,-60.3468753820967,120.976103901902,-6.04375829755292e-06,760.587008713685
0,0,0,1,1,2,0,2,639.394821241765,760.587008713685,787.841687784212,1021.18197842388,1021.18198446764,0.840659666700222,0.811577796854149,0.626132104513463,0.626132100807766,-27.2546790705272,-121.192193515678,-233.340290639667,15.5355528340028,-60.706360662307,121.19218747192,-6.04375829755292e-06,760.587008713685
0,0,0,1,1,2,0,3,639.394821241765,760.587008713685,901.351538704468,1189.66265801751,1189.66266406127,0.840659666700222,0.709373417347,0.537458931683432,0.537458928953018,-140.764529990783,-121.192193515678,-288.311119313046,80.4217172489494,-60.706360662307,121.19218747192,-6.04375829755292e-06,760.587008713685
0,0,0,0,0,0,1,1,688.097450546226,760.587008713685,854.224678180192,825.265322052359,825.265369788874,0.904692615917731,0.805522795258179,0.83378936707893,0.833789318849355,-93.6376694665068,-72.4896059039737,28.9593561278327,79.1078766303964,14.3132423933792,72.489558167459,-4.77365146481686e-05,760.587008713685
0,0,0,0,0,0,1,2,688.091746890482,760.587008713685,858.344366606499,831.759416178248,831.759463914763,0.904685116899633,0.801649982990955,0.827272566449699,0.827272518970697,-97.7573578928139,-72.4953095597174,26.5849504282512,81.998725593761,14.1937662789248,72.4952618232028,-4.77365146481686e-05,760.587008713685
0,0,0,0,0,0,1,3,688.091746890482,760.587008713685,861.085261227352,835.832100426713,835.832148163228,0.904685116899633,0.799098275018327,0.823241589476157,0.823241542458722,-100.498252513667,-72.4953095597174,25.2531608006392,83.622073704202,14.1937662789248,72.4952618232028,-4.77365146481686e-05,760.587008713685
0,0,0,0,0,1,1,1,687.997053005605,760.587008713685,752.834463666551,776.290585186352,776.290647730794,0.904560615844799,0.913875607732985,0.886262265876184,0.886262194471512,7.7525450471347,-72.5900182525229,-23.4561215198012,3.94380049427282,-13.9910930944964,72.5899557080804,-6.2544442557889e-05,760.587008713685
0,0,0,0,0,1,1,2,687.94642267633,760.587008713685,806.21589558505,860.753425567721,860.753488112163,0.904494048405841,0.853302975597008,0.799237507794507,0.799237449719965,-45.628886871365,-72.6406485817981,-54.5375299826704,41.6827477134657,-15.7604560746331,72.6405860373555,-6.2544442557889e-05,760.587008713685
0,0,0,0,0,1,1,3,687.94642267633,760.587008713685,840.389539245429,911.524875750835,911.524938295278,0.904494048405841,0.818604219293383,0.754720404212402,0.754720352427129,-79.8025305317433,-72.6406485817981,-71.135336505407,61.8580159529765,-15.7604560746331,72.6405860373555,-6.2544442557889e-05,760.587008713685
0,0,0,0,0,2,1,1,661.560719620589,760.587008713685,706.020610260734,752.758339953564,752.758481703458,0.869802812881894,0.93702748900811,0.878848741365521,0.878848575871915,54.5663984529511,-99.0264308429899,-46.7377296928303,-22.2467072610821,-34.695886038621,99.0262890930964,-0.000141749893485616,760.587008713685
0,0,0,0,0,2,1,2,661.435014598183,760.587008713685,780.223867983909,871.689364079325,871.689505829219,0.869637539190698,0.847750295447031,0.758796701961356,0.758796578569539,-19.6368592702233,-99.1521358653953,-91.4654960954168,35.214251756116,-39.7808852882011,99.1519941155018,-0.000141749893485616,760.587008713685
0,0,0,0,0,2,1,3,661.435014598183,760.587008713685,831.946074276743,948.599203827273,948.599345577166,0.869637539190698,0.795045538466187,0.697275532099879,0.697275427905487,-71.3590655630577,-99.1521358653953,-116.65312955053,67.6019244325531,-39.7808852882011,99.1519941155018,-0.000141749893485616,760.587008713685
0,0,1,0,0,0,0,1,624.348675633347,760.587008713685,573.423486980528,717.513062344721,717.51314460203,0.820877386124769,1.0888090387106,0.870156528709139,0.870156428952452,187.163521733157,-136.238415337647,-144.089575364193,-120.254159749734,-76.8187183135958,136.238333080338,-8.22573090626579e-05,760.587008713685
0,0,1,0,0,0,0,2,624.095786585585,760.587008713685,755.045042374868,1003.43915712012,1003.43923937743,0.820544894187798,0.826567623863334,0.621956779498961,0.621956728513821,5.54196633881735,-136.49130438541,-248.394114745256,6.28016704204246,-81.578747143958,136.491222128101,-8.22573090626579e-05,760.587008713685
0,0,1,0,0,0,0,3,624.095786585585,760.587008713685,875.718224807165,1182.7365634533,1182.73664571061,0.820544894187798,0.71266734996067,0.527671001193517,0.527670964494902,-115.131216093479,-136.49130438541,-307.01833864614,77.4689924269661,-81.578747143958,136.491222128101,-8.22573090626579e-05,760.587008713685
0,0,1,0,0,1,0,1,624.377753083626,760.587008713685,612.875847519219,733.372774854065,733.372861449363,0.820915616399473,1.01876710529704,0.851378418305577,0.851378317776403,147.711161194466,-136.209342225357,-120.496927334846,-91.5559901377304,-64.5598174548812,136.209255630059,-8.65952980394369e-05,760.587008713685
0,0,1,0,0,1,0,2,624.227350164081,760.587008713685,777.957338198704,993.586383264084,993.586469859382,0.820717870556036,0.802392778515886,0.628256748158523,0.628256693403268,-17.3703294850189,-136.359745144902,-215.62904506538,23.6610754260328,-69.083165144903,136.359658549604,-8.65952980394369e-05,760.587008713685
0,0,1,0,0,1,0,3,624.227350164081,760.587008713685,885.981426042209,1154.0722168385,1154.07230343379,0.820717870556036,0.704560312232034,0.540891064749926,0.540891024164408,-125.394417328524,-136.359745144902,-268.090790796286,87.2504382784214,-69.083165144903,136.359658549604,-8.65952980394369e-05,760.587008713685
0,0,1,0,0,2,0,1,625.05351556862,760.587008713685,610.428135212436,733.178558858008,733.178605684222,0.821804091323777,1.02395921733046,0.852525633785851,0.852525579337252,150.158873501249,-135.53353997128,-122.750423645572,-93.9835753336274,-64.3496537299327,135.533493145066,-4.68262141213082e-05,760.587008713685
0,0,1,0,0,2,0,2,624.826431030248,760.587008713685,779.65485470096,996.105968527348,996.106015353562,0.821505526484029,0.801414147892279,0.627269036399809,0.627269006912351,-19.0678459872749,-135.760624509651,-216.451113826388,21.1546155313819,-66.2174633236172,135.760577683437,-4.68262141213082e-05,760.587008713685
0,0,1,0,0,2,0,3,624.826431030248,760.587008713685,888.940372260093,1158.07988389287,1158.07993071908,0.821505526484029,0.7028890244254,0.539536555051715,0.539536533235902,-128.353363546408,-135.760624509651,-269.139511632777,85.9580733638636,-66.2174633236172,135.760577683437,-4.68262141213082e-05,760.587008713685
0,0,1,0,1,0,0,1,618.684710500445,760.587008713685,554.601407628293,710.722040634898,710.722126316401,0.813430552208317,1.11554839564183,0.870501652021042,0.870501547077229,205.985601085392,-141.902383894743,-156.120633006605,-133.428575325554,-83.1665586750944,141.90229821324,-8.56815028490587e-05,760.587008713685
0,0,1,0,1,0,0,2,618.413952350608,760.587008713685,749.056314806748,1016.85163025729,1016.85171593879,0.813074566441093,0.825590733468624,0.608165374327162,0.608165323082204,11.5306939069368,-142.17314204458,-267.795315450539,2.04664796366428,-88.2629304265925,142.173056363078,-8.56815028490587e-05,760.587008713685
0,0,1,0,1,0,0,3,618.413952350608,760.587008713685,878.256246157697,1208.81816435153,1208.81825003303,0.813074566441093,0.704138404999818,0.511585588790649,0.511585552529266,-117.669237444011,-142.17314204458,-330.561918193831,78.2656650418543,-88.2629304265925,142.173056363078,-8.56815028490587e-05,760.587008713685
0,0,1,0,1,1,0,1,622.524843401518,760.587008713685,559.000033878344,710.592236468127,710.592324003651,0.818479458983056,1.11364008170525,0.876064797014485,0.876064689094952,201.586974835341,-138.062252847692,-151.592202589782,-130.875823586676,-80.8554250721315,138.062165312167,-8.75355246795084e-05,760.587008713685
0,0,1,0,1,1,0,2,622.287708059718,760.587008713685,749.666833810685,1010.90040197944,1010.90048951496,0.818167679608594,0.830085686059396,0.615577664071772,0.615577610767896,10.920174903,-138.299388189492,-261.233568168753,2.06012385034536,-85.9410225469736,138.299300653967,-8.75355246795084e-05,760.587008713685
0,0,1,0,1,1,0,3,622.287708059718,760.587008713685,875.650699807093,1198.08199021903,1198.08207775455,0.818167679608594,0.71065746672367,0.519403273849358,0.519403235900173,-115.063691093408,-138.299388189492,-322.431290411936,76.3304125224068,-85.9410225469736,138.299300653967,-8.75355246795084e-05,760.587008713685
0,0,1,0,1,2,0,1,629.436769899925,760.587008713685,606.649777897982,745.151943680879,745.151958262897,0.827567080016837,1.03756202150259,0.844709290820141,0.844709274289867,153.937230815703,-131.150253395779,-138.502165782897,-101.578434697283,-63.5268573209521,131.15023881376,-1.45820182079134e-05,760.587008713685
0,0,1,0,1,2,0,2,629.208430765891,760.587008713685,790.112642112843,1030.38706557665,1030.38708015866,0.827266865667369,0.796352820128687,0.610652493404273,0.610652484762331,-29.5256333991575,-131.378592529813,-240.274423463803,19.3584969449093,-64.1271378444512,131.378577947795,-1.45820182079134e-05,760.587008713685
0,0,1,0,1,2,0,3,629.208430765891,760.587008713685,908.182853836105,1205.58111056597,1205.58112514799,0.827266865667369,0.692821305872661,0.52191298059614,0.52191297428338,-147.59584512242,-131.378592529813,-297.398256729866,87.3040073365671,-64.1271378444512,131.378577947795,-1.45820182079134e-05,760.587008713685
0,0,1,1,0,0,0,1,626.536532440186,760.587008713685,565.999124805802,713.481198557747,713.48127949827,0.823753923301679,1.10695671597576,0.878140214075279,0.878140114455106,194.587883907883,-134.050557214022,-147.482073751945,-126.045626435218,-78.5647374341402,134.050476273499,-8.09405232287759e-05,760.587008713685
0,0,1,1,0,0,0,2,626.280756040525,760.587008713685,749.694337985646,1002.67184456564,1002.67192550617,0.823417635149593,0.83538146723007,0.624611890156176,0.624611839734486,10.8926707280389,-134.306333613683,-252.977506579996,1.93340162737255,-83.3791137279513,134.30625267316,-8.09405232287759e-05,760.587008713685
0,0,1,1,0,0,0,3,626.280756040525,760.587008713685,871.74530227709,1184.01637279334,1184.01645373386,0.823417635149593,0.718421716073049,0.52894602678762,0.528945990628352,-111.158293563405,-134.306333613683,-312.271070516248,73.9350229476676,-83.3791137279513,134.30625267316,-8.09405232287759e-05,760.587008713685
0,0,1,1,0,1,0,1,627.900543393446,760.587008713685,597.047023302587,725.018547554706,725.018632299185,0.825547289396067,1.05167686779542,0.866047559074436,0.866047457845659,163.539985411098,-132.686550064719,-127.971524252119,-103.722875847177,-68.495078291194,132.686465320239,-8.47444793081566e-05,760.587008713685
0,0,1,1,0,1,0,2,627.732945229085,760.587008713685,767.191908809456,993.2087122078,993.208796952279,0.825326935692361,0.818221540166155,0.632025210324323,0.632025156397448,-6.60490009577081,-132.854148229079,-226.016803398344,15.0436457735467,-73.1594184714884,132.8540634846,-8.47444793081566e-05,760.587008713685
0,0,1,1,0,1,0,3,627.732945229085,760.587008713685,878.596454372633,1158.71899820317,1158.71908294765,0.825326935692361,0.714472431689155,0.541747348755404,0.541747309133982,-118.009445658948,-132.854148229079,-280.122543830538,80.6402882207103,-73.1594184714884,132.8540634846,-8.47444793081566e-05,760.587008713685
0,0,1,1,0,2,0,1,631.169259009867,760.587008713685,592.061951048044,735.15343514335,735.153472760794,0.829844911599672,1.06605272960473,0.85855445793679,0.858554414004977,168.525057665642,-129.417787321262,-143.091484095306,-111.426256266822,-67.9988441543368,129.417749703818,-3.76174439998991e-05,760.587008713685
0,0,1,1,0,2,0,2,630.933345974538,760.587008713685,776.276848242626,1022.38663533915,1022.3866729566,0.82953473928194,0.812768469654706,0.617118147055239,0.617118124349145,-15.6898395289404,-129.653700356592,-246.109787096526,11.6782384841952,-69.6054402418984,129.653662739148,-3.76174439998991e-05,760.587008713685
0,0,1,1,0,2,0,3,630.933345974538,760.587008713685,895.726500816842,1199.68005105106,1199.68008866851,0.82953473928194,0.70438168949916,0.525918010741083,0.525917994250278,-135.139492103157,-129.653700356592,-303.953550234223,80.8670895694333,-69.6054402418984,129.653662739148,-3.76174439998991e-05,760.587008713685
0,0,1,1,1,0,0,1,621.125704085217,760.587008713685,558.144757786367,711.579814389924,711.579898597539,0.816639907031377,1.11283980619765,0.872882692179432,0.872882588883414,202.442250927319,-139.461388836084,-153.435056603557,-131.133346139727,-81.7359332465447,139.461304628468,-8.42076155236123e-05,760.587008713685
0,0,1,1,1,0,0,2,620.859603498472,760.587008713685,749.254665011144,1012.4433838436,1012.44346805122,0.816290044906864,0.828636286821434,0.613228960163148,0.613228909159265,11.3323437025412,-139.727489422829,-263.188718832459,2.01144166600387,-86.7446375613088,139.727405215214,-8.42076155236123e-05,760.587008713685
0,0,1,1,1,0,0,3,620.859603498472,760.587008713685,876.232108019396,1201.107722807,1201.10780701462,0.816290044906864,0.708556098111767,0.516905845919895,0.516905809680509,-115.645099305711,-139.727489422829,-324.875614787605,76.9193444488783,-86.7446375613088,139.727405215214,-8.42076155236123e-05,760.587008713685
0,0,1,1,1,1,0,1,625.606168562271,760.587008713685,563.401879060482,711.580674687691,711.580760530384,0.822530705093563,1.11040838132368,0.879178132313453,0.879178026252382,197.185129653203,-134.980925994106,-148.178795627209,-128.041261141183,-79.0464434169886,134.980840151414,-8.58426924288371e-05,760.587008713685
0,0,1,1,1,1,0,2,625.375923169754,760.587008713685,749.928606677106,1005.38005014036,1005.38013598305,0.822227984445065,0.833913945409767,0.622029373949132,0.6220293208382,10.6584020365797,-135.211171386623,-255.451443463253,2.01764210213436,-84.0293729844675,135.211085543931,-8.58426924288371e-05,760.587008713685
0,0,1,1,1,1,0,3,625.375923169754,760.587008713685,873.120361186675,1188.41280010602,1188.41288594871,0.822227984445065,0.716253967917772,0.526227858799537,0.526227820788492,-112.53335247299,-135.211171386623,-315.292438919346,74.6384223011466,-84.0293729844675,135.211085543931,-8.58426924288371e-05,760.587008713685
0,0,1,1,1,2,0,1,634.014176869502,760.587008713685,593.231204698066,745.834779173719,745.834789643856,0.833585335544654,1.06874717959618,0.850073226099621,0.85007321416617,167.355804015619,-126.572842314321,-152.603574475653,-114.11112052456,-66.248838454975,126.572831844183,-1.0470137615286e-05,760.587008713685
0,0,1,1,1,2,0,2,633.779629632008,760.587008713685,786.708545963274,1047.39745285475,1047.39746332489,0.833276958942363,0.805609183838197,0.605099456662416,0.605099450613638,-26.1215372495885,-126.807389551815,-260.688906891476,12.238736203156,-66.7470925598157,126.807379081677,-1.0470137615286e-05,760.587008713685
0,0,1,1,1,2,0,3,633.779629632008,760.587008713685,911.652088392622,1232.95849574474,1232.95850621488,0.833276958942363,0.695199010347748,0.51403160107931,0.514031596714215,-151.065079678936,-126.807389551815,-321.306407352122,83.1650869140547,-66.7470925598157,126.807379081677,-1.0470137615286e-05,760.587008713685
0,0,1,0,0,0,1,1,693.277476350888,760.587008713685,836.383563134607,815.505982332474,815.50602666258,0.911503179002976,0.828898972802162,0.850119424468238,0.850119378256582,-75.7965544209221,-67.309576692903,20.8775808021332,65.2217309434177,10.0979052158151,67.3095323627973,-4.43301056703187e-05,760.587008713685
0,0,1,0,0,0,1,2,693.264904431334,760.587008713685,845.464123710158,829.820175298354,829.820219628459,0.911486649770409,0.819981457508892,0.835439924296945,0.835439879666627,-84.877114996473,-67.322148612457,15.6439484118045,71.5937004736791,9.83455760736321,67.3221042823513,-4.43301056703187e-05,760.587008713685
0,0,1,0,0,0,1,3,693.264904431334,760.587008713685,851.505565940819,838.797129911504,838.797174241609,0.911486649770409,0.814163679206669,0.826498899089552,0.826498855409406,-90.918557227134,-67.322148612457,12.7084360293156,75.1718620545245,9.83455760736321,67.3221042823513,-4.43301056703187e-05,760.587008713685
0,0,1,0,0,1,1,1,693.135197557834,760.587008713685,742.016127584558,769.411397828094,769.41145804603,0.911316114549568,0.934124167643306,0.900864218432982,0.900864147926904,18.5708811291274,-67.4518713737873,-27.3952702435363,-4.89154515180647,-15.9760276697231,67.4518111558513,-6.02179359958606e-05,760.587008713685
0,0,1,0,0,1,1,2,693.099990124845,760.587008713685,797.656621585639,857.513414062279,857.513474280215,0.911269824733169,0.868920248849751,0.808267227962579,0.808267171202906,-37.0696128719542,-67.487078806776,-59.8567924766391,34.4706472153558,-17.8564076437564,67.48701858884,-6.02179359958606e-05,760.587008713685
0,0,1,0,0,1,1,3,693.099990124845,760.587008713685,832.969708565467,909.974761232247,909.974821450183,0.911269824733169,0.832083067364473,0.761669465630322,0.76166941522655,-72.3826998517821,-67.487078806776,-77.0050526667798,55.2816739810577,-17.8564076437564,67.48701858884,-6.02179359958606e-05,760.587008713685
0,0,1,0,0,2,1,1,667.174568405159,760.587008713685,682.271661371765,737.676955085955,737.677099425266,0.877183755128152,0.977872314180173,0.904426475309126,0.90442629834241,78.3153473419204,-93.4125846478366,-55.4052937141905,-39.7706869702463,-40.9229958813014,93.4124403085261,-0.000144339310488698,760.587008713685
0,0,1,0,0,2,1,2,667.038843227675,760.587008713685,761.33636966947,864.488796032831,864.488940372141,0.877005307197897,0.876142096715105,0.771599176633335,0.771599047803355,-0.749360955784318,-93.5483098253203,-103.152426363361,21.8538051258441,-46.5339764600034,93.5481654860098,-0.000144339310488698,760.587008713685
0,0,1,0,0,2,1,3,667.038843227675,760.587008713685,816.577596504813,946.626892935493,946.627037274803,0.877005307197897,0.81687134949917,0.704648101808291,0.70464799436532,-55.9905877911281,-93.5483098253203,-130.04929643068,56.5983152960235,-46.5339764600034,93.5481654860098,-0.000144339310488698,760.587008713685
0,1,0,0,0,0,0,1,628.918339884978,760.587008713685,594.691057385804,725.746466651167,725.746546143409,0.826885461728584,1.05755472875216,0.866581332165507,0.866581237247394,165.895951327881,-131.668748320948,-131.055409265363,-105.12184715596,-69.9598006522273,131.668668828707,-7.9492241445208e-05,760.587008713685
0,1,0,0,0,0,0,2,628.683919393152,760.587008713685,763.048741194266,990.791300962094,990.791380454335,0.826577251768197,0.823910564886305,0.634527088381455,0.634527037472675,-2.46173248058073,-131.903168812775,-227.742559767828,12.1716433368015,-74.372203282528,131.903089320533,-7.9492241445208e-05,760.587008713685
0,1,0,0,0,0,0,3,628.683919393152,760.587008713685,874.90912829417,1156.99456894743,1156.99464843967,0.826577251768197,0.718570533855226,0.543376724719714,0.543376687386582,-114.322119580485,-131.903168812775,-282.08544065326,78.1615294427119,-74.372203282528,131.903089320533,-7.9492241445208e-05,760.587008713685
0,1,0,0,0,1,0,1,628.896540206431,760.587008713685,624.991645769219,738.185057319983,738.185140450715,0.826856800078704,1.00624791461397,0.851949702815267,0.851949606872938,135.595362944466,-131.690551637986,-113.193411550764,-83.1598404322039,-60.4856122935534,131.690468507254,-8.31307315841911e-05,760.587008713685
0,1,0,0,0,1,0,2,628.767665502383,760.587008713685,781.049405972243,984.108437499017,984.108520629748,0.826687358972595,0.80502931145527,0.638921120420747,0.638921066449078,-20.462397258558,-131.819426342034,-203.059031526774,25.6696285974312,-64.7085304812105,131.819343211302,-8.31307315841911e-05,760.587008713685
0,1,0,0,0,1,0,3,628.767665502383,760.587008713685,883.395034667869,1136.15645690832,1136.15654003905,0.826687358972595,0.711762734481275,0.553416443377322,0.553416402884739,-122.808025954183,-131.819426342034,-252.761422240452,85.9051855675755,-64.7085304812105,131.819343211302,-8.31307315841911e-05,760.587008713685
0,1,0,0,0,2,0,1,627.983451980004,760.587008713685,628.556418865193,739.648589882271,739.648636396553,0.825656295447457,0.99908844000635,0.849029472333557,0.849029418940642,132.030589848492,-132.603603247963,-111.092171017078,-80.8736223384028,-58.4270240483253,132.603556733682,-4.65142818060189e-05,760.587008713685
0,1,0,0,0,2,0,2,627.771460545888,760.587008713685,787.16002448844,985.253991488011,985.254038002293,0.825377574628291,0.79751440751055,0.637167132505371,0.637167102424427,-26.5730157747546,-132.815594682079,-198.093966999572,26.6466088874706,-59.6753662646283,132.815548167797,-4.65142818060189e-05,760.587008713685
0,1,0,0,0,2,0,3,627.771460545888,760.587008713685,888.883311421901,1135.91118094076,1135.91122745505,0.825377574628291,0.706247324569154,0.552658932387624,0.552658909756865,-128.296302708216,-132.815594682079,-247.027869518863,87.1763586190719,-59.6753662646283,132.815548167797,-4.65142818060189e-05,760.587008713685
0,1,0,0,1,0,0,1,625.77690344178,760.587008713685,564.896446147254,713.21426224851,713.214343647702,0.822755182868692,1.10777277447884,0.87740379934205,0.877403699203906,195.690562566431,-134.810186671098,-148.317816101256,-126.759894042646,-79.0099432585897,134.810105271906,-8.13991920101187e-05,760.587008713685
0,1,0,0,1,0,0,2,625.519677624141,760.587008713685,749.632612068774,1004.04367603167,1004.04375743086,0.822416989059579,0.834434985289505,0.623000465573782,0.623000415066288,10.954396644911,-135.067412488737,-254.411063962893,1.94435770886175,-83.8516013640263,135.067331089545,-8.13991920101187e-05,760.587008713685
0,1,0,0,1,0,0,3,625.519677624141,760.587008713685,872.375207261775,1186.41583628406,1186.41591768325,0.822416989059579,0.71703055338715,0.527234767519047,0.527234731345827,-111.78819854809,-135.067412488737,-314.040629022281,74.3539933906694,-83.8516013640263,135.067331089545,-8.13991920101187e-05,760.587008713685
0,1,0,0,1,1,0,1,625.825850665409,760.587008713685,580.386689336741,719.888720959299,719.888805603757,0.822819537404161,1.07829118441809,0.869336930062545,0.869336827845991,180.200319376944,-134.761242692734,-139.502031622557,-115.496894976769,-74.2688307312529,134.761158048276,-8.46444578146364e-05,760.587008713685
0,1,0,0,1,1,0,2,625.623653520506,760.587008713685,758.619065369626,1000.55667183586,1000.55675648032,0.822553693861493,0.82468749083663,0.62527558021535,0.625275527318689,1.96794334405961,-134.963439837637,-241.937606466232,8.68117722196282,-78.9745823537632,134.963355193179,-8.46444578146364e-05,760.587008713685
0,1,0,0,1,1,0,3,625.623653520506,760.587008713685,876.54465744377,1175.76276264968,1175.76284729414,0.822553693861493,0.713738482355235,0.532100244534544,0.532100206228063,-115.957648730084,-134.963439837637,-299.218105205911,78.1803046263949,-78.9745823537632,134.963355193179,-8.46444578146364e-05,760.587008713685
0,1,0,0,1,2,0,1,634.831623409436,760.587008713685,612.546908741656,740.541007075372,740.541021948312,0.834660092976176,1.0363804214008,0.857253841912934,0.857253824695948,148.040099972029,-125.755400177188,-127.994098333716,-96.4350728468038,-61.350573239478,125.755385304249,-1.48729396139598e-05,760.587008713685
0,1,0,0,1,2,0,2,634.61330779611,760.587008713685,784.073214561859,1007.0486144433,1007.04862931624,0.834373057290811,0.809380165027998,0.63017147205642,0.630171462749519,-23.4862058481739,-125.973715790515,-222.975399881437,17.6561758087012,-62.2352219301511,125.973700917575,-1.48729396139598e-05,760.587008713685
0,1,0,0,1,2,0,3,634.61330779611,760.587008713685,894.474465625741,1170.79224082425,1170.79225569719,0.834373057290811,0.70948174842773,0.542037507311574,0.542037500425902,-133.887456912056,-125.973715790515,-276.317775198513,81.792385730622,-62.2352219301511,125.973700917575,-1.48729396139598e-05,760.587008713685
0,1,0,1,0,0,0,1,626.701902834179,760.587008713685,598.554275505884,728.174291968872,728.174372796569,0.823971347990896,1.04702602333682,0.860648212586128,0.860648117053772,162.032733207801,-133.885186707204,-129.620016462987,-101.963288961625,-69.236028671376,133.885105879506,-8.08276973211777e-05,760.587008713685
0,1,0,1,0,0,0,2,626.467970358515,760.587008713685,766.561472588189,992.667356416011,992.667437243708,0.823663779661456,0.817244269064726,0.63109556923515,0.631095517848352,-5.9744638745037,-134.119119182868,-226.105883827822,15.0860201516329,-73.6392455697434,134.119038355171,-8.08276973211777e-05,760.587008713685
0,1,0,1,0,0,0,3,626.467970358515,760.587008713685,878.188988933551,1158.52462273421,1158.52470356191,0.823663779661456,0.713363499489193,0.540746357966911,0.540746320240238,-117.601980219866,-134.119119182868,-280.33563380066,80.9385286302349,-73.6392455697434,134.119038355171,-8.08276973211777e-05,760.587008713685
0,1,0,1,0,1,0,1,627.028819988401,760.587008713685,629.698115138944,740.90691037249,740.906994531912,0.824401170155194,0.995760992313032,0.846299057560636,0.846298961429758,130.888893574741,-133.558272884706,-111.208795233546,-79.4375264980826,-59.4466602568568,133.558188725284,-8.41594218148077e-05,760.587008713685
0,1,0,1,0,1,0,2,626.905265203543,760.587008713685,784.829847549132,985.373552891526,985.373637050948,0.824238723540353,0.798778572401704,0.636210768356755,0.636210714018859,-24.2428388354471,-133.681827669564,-200.543705342393,28.7413939891526,-63.6442925684463,133.681743510142,-8.41594218148077e-05,760.587008713685
0,1,0,1,0,1,0,3,626.905265203543,760.587008713685,886.540424065201,1136.47728285619,1136.47736701561,0.824238723540353,0.707136694713694,0.551621466315638,0.55162142546648,-125.953415351516,-133.681827669564,-249.936858790988,88.5968256942286,-63.6442925684463,133.681743510142,-8.41594218148077e-05,760.587008713685
0,1,0,1,0,2,0,1,631.604504394666,760.587008713685,623.230677688383,750.853278317099,750.853309044488,0.830417160901609,1.01343615936453,0.841182322344376,0.841182287920427,137.356331025302,-128.982535046408,-127.622600628716,-89.2136394632863,-58.3114301619729,128.98250431902,-3.0727388507421e-05,760.587008713685
0,1,0,1,0,2,0,2,631.389623889313,760.587008713685,795.949339372483,1018.79565231783,1018.79568304522,0.830134641606786,0.793253530918303,0.619741184066559,0.619741165374855,-35.362330658798,-129.197415551761,-222.846312945343,24.4737728064496,-58.5589775780062,129.197384824373,-3.0727388507421e-05,760.587008713685
0,1,0,1,0,2,0,3,631.389623889313,760.587008713685,906.615755035813,1182.92142502198,1182.92145574937,0.830134641606786,0.696424720596623,0.533754491662522,0.533754477797796,-146.028746322128,-129.197415551761,-276.305669986166,88.3595719620956,-58.5589775780062,129.197384824373,-3.0727388507421e-05,760.587008713685
0,1,0,1,1,0,0,1,624.364482051625,760.587008713685,562.846173017782,712.717932390427,712.718014642448,0.82089816799206,1.10929861831343,0.876033075185203,0.876032974085624,197.740835695903,-136.222608914081,-149.871759372644,-128.087972419252,-79.8377397629263,136.22252666206,-8.22520209557271e-05,760.587008713685
0,1,0,1,1,0,0,2,624.104561248723,760.587008713685,749.517841561724,1006.59440028043,1006.59448253245,0.820556430886477,0.832674723190465,0.62001592803899,0.620015877375526,11.0691671519609,-136.482529716983,-257.076558718709,1.96472897415058,-84.7301244919951,136.482447464962,-8.22520209557271e-05,760.587008713685
0,1,0,1,1,0,0,3,624.104561248723,760.587008713685,873.546425416955,1190.87729518873,1190.87737744075,0.820556430886477,0.714449218827528,0.524071257190118,0.524071220993343,-112.95941670327,-136.482529716983,-317.330869771772,75.1330089585053,-84.7301244919951,136.482447464962,-8.22520209557271e-05,760.587008713685
0,1,0,1,1,1,0,1,624.513245601406,760.587008713685,587.995655117002,723.682137970518,723.682223342405,0.821093758434806,1.06210520463308,0.86296622900322,0.862966127200173,172.591353596683,-136.073848484166,-135.686482853516,-109.718974696282,-72.2693625968644,136.073763112279,-8.53718866975231e-05,760.587008713685
0,1,0,1,1,1,0,2,624.321370223593,760.587008713685,763.622282973951,1000.26097200398,1000.26105737587,0.82084148568282,0.817578774406837,0.624158482333657,0.624158429061977,-3.03527426026566,-136.265723861978,-236.63868903003,12.6462901165606,-76.9131530963188,136.265638490092,-8.53718866975231e-05,760.587008713685
0,1,0,1,1,1,0,3,624.321370223593,760.587008713685,879.736761009463,1172.77477408963,1172.77485946152,0.82084148568282,0.709668389334111,0.532345497206167,0.532345458454194,-119.149752295777,-136.265723861978,-293.038013080166,81.0667919232671,-76.9131530963188,136.265638490092,-8.53718866975231e-05,760.587008713685
0,1,0,1,1,2,0,1,636.776811799317,760.587008713685,604.918508214879,745.886598463602,745.886604999486,0.837217576035439,1.05266544691855,0.853717995618861,0.853717988138098,155.668500498806,-123.810203450252,-140.968090248723,-104.797363533187,-62.5988991929952,123.810196914368,-6.53588337917588e-06,760.587008713685
0,1,0,1,1,2,0,2,636.553478897545,760.587008713685,787.46889692943,1029.93450853769,1029.93451507357,0.836923943749832,0.808353804676798,0.618052384516499,0.618052380594387,-26.8818882157445,-124.033536352023,-242.465611608257,14.7430270089608,-62.987656279614,124.03352981614,-6.53588337917588e-06,760.587008713685
0,1,0,1,1,2,0,3,636.553478897545,760.587008713685,905.020651157653,1204.42977240223,1204.42977893812,0.836923943749832,0.70335795993528,0.528510248985244,0.528510246117263,-144.433642443968,-124.033536352023,-299.40912124458,81.8722126685457,-62.987656279614,124.03352981614,-6.53588337917588e-06,760.587008713685
0,1,0,0,0,0,1,1,685.990081257846,760.587008713685,846.474264872751,822.320180047015,822.320229175795,0.901921901634898,0.810408667723607,0.834212874623391,0.834212824784097,-85.8872561590655,-74.5969765846192,24.1540848257353,73.6745791218064,11.7307445069404,74.5969274558397,-4.91287795131667e-05,760.587008713685
0,1,0,0,0,0,1,2,685.977377907762,760.587008713685,855.649756288487,836.784017779153,836.784066907933,0.901905199600892,0.80170346904941,0.819778298022904,0.819778249892557,-95.0627475748017,-74.609679934703,18.8657385093333,80.1131630880501,11.4646437854486,74.6096308059234,-4.91287795131667e-05,760.587008713685
0,1,0,0,0,0,1,3,685.977377907762,760.587008713685,861.75435752592,845.854820105409,845.854869234189,0.901905199600892,0.796024263662779,0.810987135856572,0.810987088752974,-101.167348812235,-74.609679934703,15.8995374205112,83.7287318181967,11.4646437854486,74.6096308059234,-4.91287795131667e-05,760.587008713685
0,1,0,0,0,1,1,1,685.876449964006,760.587008713685,752.440936235207,776.554493820008,776.554559505512,0.901772502167726,0.911535267333735,0.883230288952497,0.883230214243739,8.14607247847773,-74.7106244351831,-24.1135575848008,3.87835592153981,-14.3625601875551,74.7105587496795,-6.56855035641041e-05,760.587008713685
0,1,0,0,0,1,1,2,685.832485249489,760.587008713685,807.69589778951,864.007719112928,864.007784798432,0.901714698505537,0.849122159870398,0.793780506907541,0.79378044656101,-47.1088890758245,-74.7545891497,-56.3118213234188,42.9488829412939,-16.207498355984,74.7545234641964,-6.56855035641041e-05,760.587008713685
0,1,0,0,0,1,1,3,685.832485249489,760.587008713685,842.942506785132,916.37191530318,916.371980988684,0.901714698505537,0.813617156246113,0.748421545658765,0.748421492011941,-82.3554980714471,-74.7545891497,-73.4294085180478,63.7402600979749,-16.207498355984,74.7545234641964,-6.56855035641041e-05,760.587008713685
0,1,0,0,0,2,1,1,660.285953431631,760.587008713685,713.310102129797,758.954233136514,758.954374827833,0.868126783480453,0.925664660377238,0.869994427335732,0.869994264914034,47.2769065838887,-100.301196973374,-45.6441310067174,-17.3691181625664,-32.5812789103243,100.301055282054,-0.000141691319417822,760.587008713685
0,1,0,0,0,2,1,2,660.163631105609,760.587008713685,787.525892976547,877.742907371529,877.743049062848,0.867965957270407,0.838275461153972,0.752115027716398,0.752114906304818,-26.9388842628622,-100.423519299395,-90.2170143949813,39.3428606063688,-37.303379561775,100.423377608076,-0.000141691319417822,760.587008713685
0,1,0,0,0,2,1,3,660.163631105609,760.587008713685,839.014146965982,954.314357984926,954.314499676245,0.867965957270407,0.786832538513055,0.691767472198126,0.691767369488332,-78.4271382522967,-100.423519299395,-115.300211018944,71.2889691039642,-37.303379561775,100.423377608076,-0.000141691319417822,760.587008713685
0,1,1,0,0,0,0,1,632.447942766667,760.587008713685,574.580137408803,715.558488995902,715.558566367078,0.831526091717332,1.10071320185002,0.883852197259432,0.883852101691176,186.006871304882,-128.139143318194,-140.978351587099,-120.487217107401,-75.1001589180753,128.139065947018,-7.7371176381629e-05,760.587008713685
0,1,1,0,0,0,0,2,632.203445694706,760.587008713685,750.174687239261,991.996292800948,991.996370172124,0.831204633331691,0.842741639312432,0.63730424224636,0.637304192539546,10.4123214744241,-128.383640390155,-241.821605561687,1.84814172630389,-79.7022289633003,128.383563018979,-7.7371176381629e-05,760.587008713685
0,1,1,0,0,0,0,3,632.203445694706,760.587008713685,866.843400376316,1165.34381910357,1165.34389647475,0.831204633331691,0.729316789422695,0.542503796159508,0.542503760140821,-106.256391662631,-128.383640390155,-298.500418727255,70.6746073915921,-79.7022289633003,128.383563018979,-7.7371176381629e-05,760.587008713685
0,1,1,0,0,1,0,1,632.470616924917,760.587008713685,610.3264672169,729.667887761167,729.66796990283,0.831555903110362,1.03628246667557,0.866792451104736,0.866792353526417,150.260541496786,-128.116473930432,-119.341420544267,-94.5806943638107,-63.8284458993667,128.116391788768,-8.21416634690219e-05,760.587008713685
0,1,1,0,0,1,0,2,632.33440047614,760.587008713685,771.353871086591,983.516657756975,983.516739898638,0.831376809269398,0.819772122988613,0.642932069822033,0.642932016125428,-10.7668623729058,-128.252690379209,-212.162786670384,17.8160288558027,-68.2541731618804,128.252608237546,-8.21416634690219e-05,760.587008713685
0,1,1,0,0,1,0,3,632.33440047614,760.587008713685,876.579277715389,1139.84249367864,1139.8425758203,0.831376809269398,0.721365901010323,0.554755945652975,0.554755905675019,-115.992269001704,-128.252690379209,-263.263215963253,79.7412812360048,-68.2541731618804,128.252608237546,-8.21416634690219e-05,760.587008713685
0,1,1,0,0,2,0,1,633.34479292453,760.587008713685,606.278517435669,727.995866075508,727.995910161694,0.832705246958729,1.04464330288881,0.869984051336412,0.869983998651667,154.308491278016,-127.242259875341,-121.717348639839,-97.8008728383252,-64.4641678507348,127.242215789155,-4.40861858371466e-05,760.587008713685
0,1,1,0,0,2,0,2,633.122791968469,760.587008713685,770.151565918134,983.099209633086,983.099253719271,0.832413365880669,0.822075575752019,0.644007019601576,0.644006990721671,-9.56455720444833,-127.464260831402,-212.947643714952,14.2820951184152,-66.7126630872291,127.464216745217,-4.40861858371466e-05,760.587008713685
0,1,1,0,0,2,0,3,633.122791968469,760.587008713685,876.454583672136,1140.70292285958,1140.70296694576,0.832413365880669,0.722368053933651,0.555028640043562,0.555028618592671,-115.867574958451,-127.464260831402,-264.248339187443,77.3680195434658,-66.7126630872291,127.464216745217,-4.40861858371466e-05,760.587008713685
0,1,1,0,1,0,0,1,620.379533000015,760.587008713685,557.061614655965,711.317607238853,711.317691897011,0.815658860712345,1.1136641202305,0.872155457262142,0.872155353461723,203.525394057721,-140.207560371829,-154.255992582888,-131.834959475813,-82.1732516136221,140.20747571367,-8.46581583320633e-05,760.587008713685
0,1,1,0,1,0,0,2,620.112008673802,760.587008713685,749.194032657095,1013.79091135488,1013.79099601304,0.815307126692242,0.827705483016876,0.611676433205593,0.611676382126622,11.3929760565905,-140.475084698042,-264.596878697788,2.02220364485343,-87.2087544037336,140.475000039883,-8.46581583320633e-05,760.587008713685
0,1,1,0,1,0,0,3,620.112008673802,760.587008713685,876.850853337154,1203.46467637319,1203.46476103135,0.815307126692242,0.707203518493202,0.515272297432607,0.515272261185594,-116.263844623469,-140.475084698042,-326.613823036034,77.3308922317803,-87.2087544037336,140.475000039883,-8.46581583320633e-05,760.587008713685
0,1,1,0,1,1,0,1,620.908640201628,760.587008713685,557.83010645948,711.703055846772,711.703143535328,0.816354517087686,1.1130783961133,0.872426547983389,0.87242644049219,202.756902254205,-139.678456200613,-153.872949387292,-131.382541878905,-81.8399159008807,139.678368512057,-8.7688556219213e-05,760.587008713685
0,1,1,0,1,1,0,2,620.665070105767,760.587008713685,749.500667573738,1013.43640870498,1013.43649639354,0.81603427746609,0.828104759552738,0.61243612798447,0.612436074992852,11.0863411399475,-139.922026296475,-263.935741131246,2.10194028229207,-86.8437467756793,139.921938607918,-8.7688556219213e-05,760.587008713685
0,1,1,0,1,1,0,3,620.665070105767,760.587008713685,876.816380344311,1202.59937330241,1202.59946099096,0.81603427746609,0.70786208380601,0.516102938255643,0.516102900623561,-116.229371630625,-139.922026296475,-325.782992958097,77.1794977045341,-86.8437467756793,139.921938607918,-8.7688556219213e-05,760.587008713685
0,1,1,0,1,2,0,1,631.249410046958,760.587008713685,605.524238567111,748.209449697737,748.20946668448,0.829950292096805,1.04248413166865,0.843680082230946,0.843680063076716,155.062770146574,-129.337615653469,-142.685211130626,-103.637263400167,-63.3297698913777,129.337598666727,-1.69867424397166e-05,760.587008713685
0,1,1,0,1,2,0,2,631.021277647662,760.587008713685,791.657908234523,1037.82852556898,1037.82854255573,0.82965034955679,0.797088327021078,0.608020749190439,0.608020739238611,-31.070899520838,-129.565748052765,-246.17061733446,18.3401161752604,-63.7593341690565,129.565731066023,-1.69867424397166e-05,760.587008713685
0,1,1,0,1,2,0,3,631.021277647662,760.587008713685,911.52660304071,1215.75839922487,1215.75841621161,0.82965034955679,0.692268635432772,0.519035096158893,0.519035088906864,-150.939594327024,-129.565748052765,-304.23179618416,86.840767917871,-63.7593341690565,129.565731066023,-1.69867424397166e-05,760.587008713685
0,1,1,1,0,0,0,1,628.1894642617,760.587008713685,568.398523258786,714.062044629685,714.062124572158,0.825927155032667,1.10519193586239,0.879740729795379,0.87974063130444,192.188485454899,-132.397624394458,-145.663521370899,-124.491399753678,-77.5959817969814,132.397544451985,-7.99424725674574e-05,760.587008713685
0,1,1,1,0,0,0,2,627.936841755721,760.587008713685,749.828651884173,999.686777001472,999.686856943944,0.825595013537894,0.837440447464682,0.628133587641519,0.628133537411237,10.7583568295123,-132.650246900437,-249.858125117299,1.90956149518883,-82.3509936185578,132.650166957964,-7.99424725674574e-05,760.587008713685
0,1,1,1,0,0,0,3,627.936841755721,760.587008713685,870.374646343863,1178.79520618873,1178.7952861312,0.825595013537894,0.721455805719368,0.532693752450826,0.532693716325083,-109.787637630178,-132.650246900437,-308.420559844869,73.0233547794381,-82.3509936185578,132.650166957964,-7.99424725674574e-05,760.587008713685
0,1,1,1,0,1,0,1,629.131278148974,760.587008713685,604.770424538662,728.29164791321,728.291731870572,0.827165427415029,1.04028115896854,0.863845246545993,0.863845146962042,155.816584175023,-131.455814522074,-123.521223374548,-98.223189002582,-66.0359727345684,131.455730564711,-8.39573624163259e-05,760.587008713685
0,1,1,1,0,1,0,2,628.985805335334,760.587008713685,770.611105071663,989.700383817633,989.700467774996,0.8269741635465,0.816216897467163,0.635531536230296,0.635531482317468,-10.0240963579775,-131.601287335713,-219.089278745971,17.5130431416456,-70.5764968348941,131.601203378351,-8.39573624163259e-05,760.587008713685
0,1,1,1,0,1,0,3,628.985805335334,760.587008713685,879.117325574869,1150.90151914878,1150.90160310615,0.8269741635465,0.715474245629309,0.546515748628551,0.546515708760659,-118.530316861183,-131.601287335713,-271.784193573916,81.3788410229409,-70.5764968348941,131.601203378351,-8.39573624163259e-05,760.587008713685
0,1,1,1,0,2,0,1,633.304428311157,760.587008713685,601.389610186724,739.12551438028,739.1255474417,0.832652176615808,1.05306845609541,0.856829342229041,0.856829303902677,159.197398526961,-127.282613463948,-137.735904193555,-105.018479339844,-64.7906993767417,127.282580402528,-3.30614200087666e-05,760.587008713685
0,1,1,1,0,2,0,2,633.07669680965,760.587008713685,780.666756254333,1018.28884876227,1018.28888182369,0.832352761165771,0.810943583465978,0.621706402440877,0.621706382255547,-20.0797475406476,-127.510344965455,-237.622092507932,14.283408830526,-66.0000812646278,127.510311904035,-3.30614200087666e-05,760.587008713685
0,1,1,1,0,2,0,3,633.07669680965,760.587008713685,896.54926630579,1190.25354161053,1190.25357467195,0.832352761165771,0.706125943773539,0.531883900931761,0.531883886157735,-135.962257592104,-127.510344965455,-293.704275304736,81.3312854622145,-66.0000812646278,127.510311904035,-3.30614200087666e-05,760.587008713685
0,1,1,1,1,0,0,1,618.666345006048,760.587008713685,554.574748247506,710.715586935392,710.715672627984,0.813406405734361,1.11556890565442,0.870483715819065,0.87048361086288,206.012260466179,-141.920749400229,-156.140838687886,-133.445844120939,-83.1773223835515,141.920663707637,-8.56925920504339e-05,760.587008713685
0,1,1,1,1,0,0,2,618.395551813739,760.587008713685,749.054822463798,1016.88479692569,1016.88488261829,0.813050373894208,0.825567813287292,0.60812744342654,0.608127392179818,11.5321862498869,-142.191542592538,-267.829974461896,2.04691284804024,-88.2743537254017,142.191456899946,-8.56925920504339e-05,760.587008713685
0,1,1,1,1,0,0,3,618.395551813739,760.587008713685,878.271475324159,1208.87617600378,1208.87626169637,0.813050373894208,0.70410524443538,0.51154581758571,0.511545781324193,-117.684466610474,-142.191542592538,-330.604700679617,78.2757944594246,-88.2743537254017,142.191456899946,-8.56925920504339e-05,760.587008713685
0,1,1,1,1,1,0,1,619.338269892962,760.587008713685,555.582731002432,711.19425590051,711.194344466029,0.814289835084608,1.11475435670129,0.870842621062454,0.870842512615827,205.004277711253,-141.248827386241,-155.611524898078,-132.83076354241,-82.761641130048,141.248738820723,-8.85655183016927e-05,760.587008713685
0,1,1,1,1,1,0,2,619.091278026934,760.587008713685,749.368274711657,1016.25316233923,1016.25325090475,0.81396509660867,0.826150904593804,0.609190013836607,0.609189960746268,11.2187340020278,-141.49581925227,-266.884887627577,2.1238252938658,-87.8182299234628,141.495730686751,-8.85655183016927e-05,760.587008713685
0,1,1,1,1,1,0,3,619.091278026934,760.587008713685,878.107918705093,1207.53194443401,1207.53203299952,0.81396509660867,0.705028692760088,0.512691428893928,0.512691391290965,-117.520909991408,-141.49581925227,-329.424025728913,78.042428730137,-87.8182299234628,141.495730686751,-8.85655183016927e-05,760.587008713685
0,1,1,1,1,2,0,1,631.57434579593,760.587008713685,596.372441137947,750.134704296201,750.134716048702,0.830377509161058,1.05902671255367,0.841947909060537,0.841947895869581,164.214567575738,-129.012674670256,-153.762263158253,-112.074526559418,-65.4845414152195,129.012662917755,-1.17525012191913e-05,760.587008713685
0,1,1,1,1,2,0,2,631.339257173522,760.587008713685,792.365592969924,1055.39249073698,1055.39250248948,0.830068420759975,0.796777728330117,0.598203287132221,0.598203280470828,-31.7785842562392,-129.247763292664,-263.026897767053,15.3083962025217,-65.6558280835035,129.247751540163,-1.17525012191913e-05,760.587008713685
0,1,1,1,1,2,0,3,631.339257173522,760.587008713685,918.667395642957,1242.96359414039,1242.96360589289,0.830068420759975,0.687233769444556,0.507930610477892,0.507930605675294,-158.080386929271,-129.247763292664,-324.296198497431,86.8026633473285,-65.6558280835035,129.247751540163,-1.17525012191913e-05,760.587008713685
0,1,1,0,0,0,1,1,691.976401975709,760.587008713685,836.572339901063,815.979450346787,815.97949553433,0.909792560283128,0.827156683255324,0.848031652857952,0.848031605895416,-75.9853311873781,-68.6106519255187,20.5928895542764,65.539978657875,9.92763931258741,68.6106067379761,-4.51875426086756e-05,760.587008713685
0,1,1,0,0,0,1,2,691.962754163322,760.587008713685,846.430006152615,831.518638235458,831.518683423,0.909774616494671,0.817507353394273,0.832167461251039,0.83216741602824,-85.8429974389293,-68.6242997379058,14.9113679171567,72.4572552369765,9.64175466805873,68.6242545503632,-4.51875426086756e-05,760.587008713685
0,1,1,0,0,0,1,3,691.962754163322,760.587008713685,852.98846922242,841.263832025587,841.26387721313,0.909774616494671,0.811221697749457,0.822527639750327,0.82252759556918,-92.4014605087348,-68.6242997379058,11.7246371968326,76.3416324584738,9.64175466805873,68.6242545503632,-4.51875426086756e-05,760.587008713685
0,1,1,0,0,1,1,1,691.841193577154,760.587008713685,746.119780374703,771.721293301218,771.721355457583,0.909614791800355,0.927252180916192,0.896490999513104,0.89649092730748,14.4672283389824,-68.7458772928966,-25.601512926515,-1.69335302961864,-15.0207832701029,68.7458151365316,-6.21563650135922e-05,760.587008713685
0,1,1,0,0,1,1,2,691.810544865927,760.587008713685,800.729337615957,858.196964860814,858.197027017179,0.909574495672659,0.863975518776022,0.806120940987163,0.806120882602497,-40.1423289022715,-68.7765260041236,-57.4676272448569,36.9363722451495,-16.8680371332891,68.7764638477585,-6.21563650135922e-05,760.587008713685
0,1,1,0,0,1,1,3,691.810544865927,760.587008713685,835.354020601439,909.63507613006,909.635138286425,0.909574495672659,0.828164500085648,0.760536354654613,0.760536302686331,-74.7670118877537,-68.7765260041236,-74.2810555286207,57.3341202601487,-16.8680371332891,68.7764638477585,-6.21563650135922e-05,760.587008713685
0,1,1,0,0,2,1,1,666.111201607683,760.587008713685,691.35704467906,744.165309721507,744.165455337874,0.875785668143634,0.963483639509167,0.895111869507818,0.895111694354648,69.2299640346248,-94.4759527223692,-52.8082650424469,-33.4306573737518,-38.346557526441,94.4758071060023,-0.000145616366820122,760.587008713685
0,1,1,0,0,2,1,2,665.980260197404,760.587008713685,768.74960918304,868.297210583489,868.297356199856,0.875613509785973,0.866316226040297,0.766995738417576,0.766995609789828,-8.16260046935434,-94.6068941326478,-99.5476014004496,26.4933921272173,-43.6860472314856,94.6067485162809,-0.000145616366820122,760.587008713685
0,1,1,0,0,2,1,3,665.980260197404,760.587008713685,822.763425242659,948.628296617061,948.628442233428,0.875613509785973,0.809443200517798,0.702045535192637,0.702045427427241,-62.1764165289739,-94.6068941326478,-125.864871374402,60.265997355666,-43.6860472314856,94.6067485162809,-0.000145616366820122,760.587008713685
0,2,0,0,0,0,0,1,631.794164438335,760.587008713685,580.464758572518,718.423596279132,718.42367404232,0.83066652098993,1.08842811748304,0.879417334996416,0.879417239807047,180.122250141167,-128.792922038539,-137.958837706614,-116.042165694119,-73.5310889883296,128.792844275351,-7.77631882131083e-05,760.587008713685
0,2,0,0,0,0,0,2,631.552972507861,760.587008713685,753.685599683342,991.124479855377,991.124557618565,0.83034940811828,0.837952818487186,0.637208529649087,0.637208479653992,6.90140903034315,-129.034113969012,-237.438880172035,4.63944871378488,-78.07094768471,129.034036205824,-7.77631882131083e-05,760.587008713685
0,2,0,0,0,0,0,3,631.552972507861,760.587008713685,868.777170808021,1162.12867297876,1162.12875074195,0.83034940811828,0.726944714627428,0.543444961984347,0.543444925620034,-108.190162094335,-129.034113969012,-293.351502170739,72.535509751771,-78.07094768471,129.034036205824,-7.77631882131083e-05,760.587008713685
0,2,0,0,0,1,0,1,632.287214693649,760.587008713685,595.830379371439,721.88495587629,721.885048593785,0.831314770630886,1.06118660038897,0.875883628750957,0.875883516254187,164.756629342246,-128.299886737531,-126.054576504851,-105.325977868672,-67.7426815469041,128.299794020036,-9.271749500455e-05,760.587008713685
0,2,0,0,0,1,0,2,632.137671412085,760.587008713685,764.301603873594,987.596338728402,987.596431445897,0.831118155017089,0.827078823606175,0.640076969327372,0.640076909235688,-3.71459515990849,-128.449430019096,-223.294734854808,12.4090474516998,-72.4671836355653,128.449337301601,-9.271749500455e-05,760.587008713685
0,2,0,0,0,1,0,3,632.137671412085,760.587008713685,873.884682873744,1150.39587011005,1150.39596282755,0.831118155017089,0.723365089010736,0.549495776051083,0.549495731763835,-113.297674160059,-128.449430019096,-276.511187236308,76.8952082886242,-72.4671836355653,128.449337301601,-9.271749500455e-05,760.587008713685
0,2,0,0,0,2,0,1,632.273453795919,760.587008713685,656.613970187205,751.08998528494,751.090023845574,0.831296678160765,0.962930248979707,0.841807860819839,0.84180781760179,103.97303852648,-128.3135934784,-94.4760150977345,-60.8772256499441,-49.4216404630492,128.313554917766,-3.85606342597486e-05,760.587008713685
0,2,0,0,0,2,0,2,632.084261106967,760.587008713685,800.136057915404,972.386586413014,972.386624973648,0.831047932538259,0.789970974128747,0.650033916488533,0.650033890711009,-39.5490492017182,-128.502786167352,-172.25052849761,35.5967885796198,-49.8226543021853,128.502747606718,-3.85606342597486e-05,760.587008713685
0,2,0,0,0,2,0,3,632.084261106967,760.587008713685,891.313930477462,1107.31379617411,1107.31383473475,0.831047932538259,0.709160083213745,0.570826682816457,0.570826662938227,-130.726921763776,-128.502786167352,-215.99986569665,89.9134083587239,-49.8226543021853,128.502747606718,-3.85606342597486e-05,760.587008713685
0,2,0,0,1,0,0,1,598.617989540166,760.587008713685,544.44325498738,712.262059209072,712.262156999371,0.787047349852263,1.09950483187461,0.840446268056028,0.840446152666644,216.143753726306,-161.969116963818,-167.818804221692,-138.250642509102,-89.5077628029117,161.969019173519,-9.77902989780069e-05,760.587008713685
0,2,0,0,1,0,0,2,598.321581216983,760.587008713685,757.319775993654,1047.39272246401,1047.39282025431,0.786657639904832,0.790051442182327,0.571248556901773,0.571248503566896,3.26723272003133,-162.265525287001,-290.072946470353,10.0587760333177,-95.0869374504198,162.265427496702,-9.77902989780069e-05,760.587008713685
0,2,0,0,1,0,0,3,598.321581216983,760.587008713685,898.759415133224,1257.54513528078,1257.54523307108,0.786657639904832,0.665719402926415,0.475785372970642,0.475785335972217,-138.172406419539,-162.265525287001,-358.785720147557,93.4983735500451,-95.0869374504198,162.265427496702,-9.77902989780069e-05,760.587008713685
0,2,0,0,1,1,0,1,597.771314028225,760.587008713685,555.24840412157,716.324345290965,716.324456672268,0.785934162929214,1.07658357879286,0.834498112423382,0.834497982667255,205.338604592115,-162.815806066763,-161.075941169394,-130.42373682153,-86.0217898182211,162.81569468546,-0.000111381303065614,760.587008713685
0,2,0,0,1,1,0,2,597.545718527953,760.587008713685,765.044569585966,1046.78211822083,1046.78222960214,0.785637555837997,0.781060009159124,0.570840586715002,0.57084052597556,-4.45756087228043,-163.041401567036,-281.737548634867,15.8128833928481,-91.6160982640259,163.041290185733,-0.000111381303065614,760.587008713685
0,2,0,0,1,1,0,3,597.545718527953,760.587008713685,903.451607364024,1252.41508436404,1252.41519574534,0.785637555837997,0.661403127358858,0.477114756910947,0.4771147144796,-142.864598650339,-163.041401567036,-348.963477000018,97.3577142836813,-91.6160982640259,163.041290185733,-0.000111381303065614,760.587008713685
0,2,0,0,1,2,0,1,602.288072532163,760.587008713685,643.326964750593,758.555578367722,758.555627570052,0.791872679433166,0.936208344330258,0.793993333788647,0.793993282287715,117.260043963092,-158.298985383853,-115.228613617129,-68.0060979429974,-57.8004891294017,158.298936181522,-4.92023302013087e-05,760.587008713685
0,2,0,0,1,2,0,2,602.06112480361,760.587008713685,818.883763255033,1029.67539177104,1029.67544097337,0.791574294467406,0.735221714997058,0.58470963724603,0.584709609306084,-58.2967545413475,-158.525933112405,-210.79162851601,49.123009187216,-58.1350841662589,158.525883910075,-4.92023302013087e-05,760.587008713685
0,2,0,0,1,2,0,3,602.06112480361,760.587008713685,930.625853360939,1195.13921535579,1195.13926455812,0.791574294467406,0.646942186947931,0.503758153918812,0.503758133179743,-170.038844647254,-158.525933112405,-264.513361994851,115.029418613807,-58.1350841662589,158.525883910075,-4.92023302013087e-05,760.587008713685
0,2,0,1,0,0,0,1,628.995751986558,760.587008713685,569.568931798633,714.345376979962,714.345456435592,0.826987241144605,1.1043364847873,0.880520504865257,0.880520406926211,191.018076915053,-131.591336182758,-144.776445181329,-123.733259654575,-77.1234300749676,131.591256727127,-7.94556309527378e-05,760.587008713685
0,2,0,1,0,0,0,2,628.744667926223,760.587008713685,749.894169194839,998.230683469037,998.230762924668,0.826657122358117,0.838444534915249,0.62985908802284,0.629859037888288,10.6928395188463,-131.842420243093,-248.336514274198,1.89793245780899,-81.8494843529644,131.842340787462,-7.94556309527378e-05,760.587008713685
0,2,0,1,0,0,0,3,628.744667926223,760.587008713685,869.70605067671,1176.2483603431,1176.24843979873,0.826657122358117,0.722939282113771,0.534533937835053,0.534533901727263,-109.119041963025,-131.842420243093,-306.542309666393,72.5786498958974,-81.8494843529644,131.842340787462,-7.94556309527378e-05,760.587008713685
0,2,0,1,0,1,0,1,639.491466260042,760.587008713685,579.799457272984,711.630783435052,711.630872537245,0.840786733054458,1.10295285419516,0.89862816666419,0.898628054148357,180.787551440701,-121.095631555836,-131.831326162068,-118.344376337289,-70.7268825869671,121.095542453643,-8.91021928277627e-05,760.587008713685
0,2,0,1,0,1,0,2,639.36016210955,760.587008713685,751.877618031202,983.144802976568,983.144892078761,0.840614097775407,0.850351369394025,0.650321458419782,0.650321399481299,8.70939068248277,-121.226935706328,-231.267184945365,1.9932985241038,-75.6239400457528,121.226846604135,-8.91021928277627e-05,760.587008713685
0,2,0,1,0,1,0,3,639.36016210955,760.587008713685,863.251906387204,1148.60033115712,1148.60042025931,0.840614097775407,0.74064147136997,0.556642850229241,0.556642807047907,-102.664897673519,-121.226935706328,-285.348424769917,67.4931863994614,-75.6239400457528,121.226846604135,-8.91021928277627e-05,760.587008713685
0,2,0,1,0,2,0,1,630.441359383129,760.587008713685,617.393320757247,726.018944233149,726.018995664834,0.828887888118598,1.02113407804587,0.868353869263049,0.868353807748264,143.193687956438,-130.145700762241,-108.625623475902,-86.9345065208319,-62.7018038503376,130.145649330557,-5.14316847052572e-05,760.587008713685
0,2,0,1,0,2,0,2,630.225436466629,760.587008713685,769.859435036466,963.680892362434,963.680943794118,0.828603998288735,0.818624034187197,0.653977308735105,0.653977273832314,-9.27242632278096,-130.361623678741,-193.821457325968,19.4927589973622,-65.7609820433904,130.361572247057,-5.14316847052572e-05,760.587008713685
0,2,0,1,0,2,0,3,630.225436466629,760.587008713685,869.320935192096,1111.09537514101,1111.0954265727,0.828603998288735,0.724962911801228,0.567210925872718,0.567210899616995,-108.733926478411,-130.361623678741,-241.774439948916,79.4493616950712,-65.7609820433904,130.361572247057,-5.14316847052572e-05,760.587008713685
0,2,0,1,1,0,0,1,603.43234187732,760.587008713685,532.461045150942,705.362304505924,705.362399396903,0.793377134981378,1.13328918119495,0.855492756024153,0.85549264093644,228.125963562743,-157.154761727344,-172.901259354982,-147.770145838144,-92.1057162927045,157.154666836365,-9.48909792429739e-05,760.587008713685
0,2,0,1,1,0,0,2,603.132481287558,760.587008713685,747.816938164062,1044.39623328391,1044.39632817488,0.792982886083715,0.806524231409208,0.577493926219096,0.577493873749585,12.7700705496233,-157.454622317107,-296.579295119844,2.26663192147634,-97.7498715654922,157.454527426128,-9.48909792429739e-05,760.587008713685
0,2,0,1,1,0,0,3,603.132481287558,760.587008713685,890.903924227019,1256.99629043011,1256.99638532109,0.792982886083715,0.676989364269393,0.479820414649898,0.479820378428132,-130.316915513334,-157.454622317107,-366.092366203087,86.6780501038531,-97.7498715654922,157.454527426128,-9.48909792429739e-05,760.587008713685
0,2,0,1,1,1,0,1,609.827384718264,760.587008713685,539.22548046875,704.552500731958,704.552606050091,0.801785170837472,1.13093206238722,0.865552792850377,0.865552663465569,221.361528244935,-150.759729313554,-165.327020263208,-144.118347695345,-88.1281815995197,150.759623995421,-0.000105318132675272,760.587008713685
0,2,0,1,1,1,0,2,609.63231374949,760.587008713685,749.495338433192,1035.89079317535,1035.89089849349,0.801528696605676,0.813390400831467,0.588510215329515,0.58851015549619,11.0916702804933,-150.954800282328,-286.395454742162,2.53599226863271,-93.8168837557286,150.954694964195,-0.000105318132675272,760.587008713685
0,2,0,1,1,1,0,3,609.63231374949,760.587008713685,887.538055598082,1240.9755406892,1240.97564600733,0.801528696605676,0.686880196183452,0.49125248142354,0.491252439732316,-126.951046884397,-150.954800282328,-353.43748509112,83.811347237708,-93.8168837557286,150.954694964195,-0.000105318132675272,760.587008713685
0,2,0,1,1,2,0,1,607.371825627657,760.587008713685,606.378398461422,731.327084503369,731.327143409052,0.798556665666499,1.00163829577168,0.830506401988533,0.830506335094328,154.208610252263,-153.215241991713,-124.948686041947,-93.0090126660312,-69.3459828842091,153.215183086029,-5.89056839235456e-05,760.587008713685
0,2,0,1,1,2,0,2,607.126343258875,760.587008713685,783.896226770019,1007.90429053456,1007.90434944024,0.798233911838246,0.774498361550341,0.602365074700572,0.602365039496114,-23.3092180563342,-153.460724360494,-224.008063764537,29.5665546228997,-72.3311744301451,153.46066545481,-5.89056839235456e-05,760.587008713685
0,2,0,1,1,2,0,3,607.126343258875,760.587008713685,899.401226432738,1179.13539829159,1179.13545719727,0.798233911838246,0.675033928591467,0.514891117795736,0.514891092073489,-138.814217719053,-153.460724360494,-279.734171858847,98.5854837024905,-72.3311744301451,153.46066545481,-5.89056839235456e-05,760.587008713685
0,2,0,0,0,0,1,1,670.301142728115,760.587008713685,768.521837125281,791.062652183426,791.062711686039,0.881294493659229,0.872195310982225,0.847342673652971,0.84734260991706,-7.93482841159543,-90.2859254881825,-22.5408150581457,18.2703601322961,-13.294208969756,90.2858659855703,-5.95026122469168e-05,760.587008713685
0,2,0,0,0,0,1,2,670.223112526509,760.587008713685,824.882201933693,879.906631669356,879.906691171968,0.881191901581384,0.812507665888981,0.761697989768486,0.761697938259593,-64.2951932200081,-90.3639556897889,-55.0244297356629,57.8192981395555,-14.928730006236,90.3638961871766,-5.95026122469168e-05,760.587008713685
0,2,0,0,0,0,1,3,670.223112526509,760.587008713685,862.379654349327,935.623944786338,935.62400428895,0.881191901581384,0.777178716063516,0.716338135915881,0.716338090359129,-101.792645635642,-90.3639556897889,-73.2442904370108,80.0278931224328,-14.928730006236,90.3638961871766,-5.95026122469168e-05,760.587008713685
0,2,0,0,0,1,1,1,670.272812247826,760.587008713685,772.361625878053,787.099871950902,787.099951244681,0.881257245481223,0.867822519646586,0.851572762407508,0.85157267661863,-11.7746171643677,-90.3142757596384,-14.738246072849,20.0331314888744,-9.96441277478403,90.3141964658597,-7.92937786388591e-05,760.587008713685
0,2,0,0,0,1,1,2,670.271769928909,760.587008713685,831.301452471646,880.878232633412,880.878311927191,0.881255875067445,0.806292071228844,0.760913080943222,0.76091301244832,-70.7144437579605,-90.3153180785545,-49.5767801617662,62.1252351728216,-12.2720544387937,90.3152387847759,-7.92937786388591e-05,760.587008713685
0,2,0,0,0,1,1,3,670.271769928909,760.587008713685,866.774007011935,933.565507571094,933.565586864873,0.881255875067445,0.773294727929791,0.717969724130865,0.717969663149041,-106.18699829825,-90.3153180785545,-66.7915005591591,82.9264756375538,-12.2720544387937,90.3152387847759,-7.92937786388591e-05,760.587008713685
0,2,0,0,0,2,1,1,636.691104323288,760.587008713685,643.638467355649,721.830745985363,721.830920652048,0.837104890077031,0.989206109664477,0.882050408443253,0.882050195007092,116.948541358036,-123.896079057082,-78.1922786297144,-62.3561387638869,-57.390716648812,123.895904390398,-0.000174666684285145,760.587008713685
0,2,0,0,0,2,1,2,636.502725464049,760.587008713685,755.154458925448,899.07872734248,899.078902009164,0.836857214456648,0.842877530472064,0.707949933756569,0.707949796221068,5.43254978823741,-124.084457916321,-143.924268417032,23.4203160926826,-64.1666866214988,124.084283249636,-0.000174666684285145,760.587008713685
0,2,0,0,0,2,1,3,636.502725464049,760.587008713685,831.636136770304,1012.60810298772,1012.6082776544,0.836857214456648,0.765362034333833,0.628577554915903,0.628577446491392,-71.0491280566183,-124.084457916321,-180.971966217412,71.801452314596,-64.1666866214988,124.084283249636,-0.000174666684285145,760.587008713685
0,2,1,0,0,0,0,1,626.616601397737,760.587008713685,566.11535303154,713.509335071832,713.509415964009,0.823859195882769,1.10687088425038,0.87821780402446,0.878217704458921,194.471655682145,-133.970488208125,-147.393982040292,-125.970338810786,-78.5178103600896,133.970407315948,-8.08921770870932e-05,760.587008713685
0,2,1,0,0,0,0,2,626.36097777448,760.587008713685,749.700844227283,1002.52724619506,1002.52732708723,0.823523108597122,0.83548122240688,0.624781999842639,0.624781949430071,10.8861644864023,-134.226111831382,-252.826401967773,1.93224679781033,-83.3293110051016,134.226030939205,-8.08921770870932e-05,760.587008713685
0,2,1,0,0,0,0,3,626.36097777448,760.587008713685,871.678906924114,1183.76345651343,1183.76353740561,0.823523108597122,0.718568469190926,0.529126806819426,0.529126770661682,-111.091898210429,-134.226111831382,-312.084549589321,73.8908612230808,-83.3293110051016,134.226030939205,-8.08921770870932e-05,760.587008713685
0,2,1,0,0,1,0,1,627.1210585309,760.587008713685,570.082426019235,711.585763322145,711.585859516086,0.824522442989784,1.10005330792242,0.881300738231596,0.881300619095176,190.504582694451,-133.466046376727,-141.50333730291,-123.773451939124,-75.8471916701655,133.465950182786,-9.61939416797784e-05,760.587008713685
0,2,1,0,0,1,0,2,626.963737107332,760.587008713685,754.729886898375,1002.80434999279,1002.80444618674,0.824315600877355,0.830712746362664,0.625210428247381,0.625210368274117,5.85712181531068,-133.623367800295,-248.07446309442,5.24961432502635,-81.0182473073645,133.623271606354,-9.61939416797784e-05,760.587008713685
0,2,1,0,0,1,0,3,626.963737107332,760.587008713685,874.834353695047,1181.23363391229,1181.23373010623,0.824315600877355,0.716665657286112,0.530770305812241,0.530770262588883,-114.247344981361,-133.623367800295,-306.399280217246,75.9190456081482,-81.0182473073645,133.623271606354,-9.61939416797784e-05,760.587008713685
0,2,1,0,0,2,0,1,629.605239035247,760.587008713685,637.807907811306,751.030101791243,751.030142021659,0.82778857885049,0.987139280219639,0.838322242388963,0.838322197482574,122.779100902379,-130.981809908854,-113.222193979938,-76.2372266665193,-55.0513815291901,130.981769678439,-4.02304151665441e-05,760.587008713685
0,2,1,0,0,2,0,2,629.399523865423,760.587008713685,798.162511597401,999.514169556368,999.514209786783,0.827518109900235,0.788560618570992,0.62970545394547,0.629705428599846,-37.5755028837156,-131.187525078678,-201.351657958967,30.6125417682089,-55.6657565969194,131.187484848262,-4.02304151665441e-05,760.587008713685
0,2,1,0,0,2,0,3,629.399523865423,760.587008713685,900.874180514538,1151.7425471359,1151.74258736632,0.827518109900235,0.698654193314696,0.546475881637423,0.546475862548998,-140.287171800853,-131.187525078678,-250.868366621363,90.7045478911567,-55.6657565969194,131.187484848262,-4.02304151665441e-05,760.587008713685
0,2,1,0,1,0,0,1,593.611691321314,760.587008713685,518.205373232305,701.911293263299,701.911394084049,0.780465199274489,1.14551435007063,0.845707565925485,0.845707444450223,242.38163548138,-166.975418213121,-183.705920030994,-157.004354367233,-97.8614349877346,166.975317392371,-0.000100820750002075,760.587008713685
0,2,1,0,1,0,0,2,593.293092337542,760.587008713685,747.01893195166,1062.13157182131,1062.13167264206,0.780046313624167,0.79421426547719,0.558587192093522,0.558587139070737,13.5680767620254,-167.294017196893,-315.112639869646,2.4082745496465,-103.858295514103,167.293916376143,-0.000100820750002075,760.587008713685
0,2,1,0,1,0,0,3,593.293092337542,760.587008713685,899.047474237695,1288.01708151849,1288.01718233924,0.780046313624167,0.659912973828882,0.460625174037357,0.460625137981491,-138.46046552401,-167.294017196893,-388.969607280792,92.0945920245094,-103.858295514103,167.293916376143,-0.000100820750002075,760.587008713685
0,2,1,0,1,1,0,1,593.120804647301,760.587008713685,524.058208291136,703.504416176025,703.50453076567,0.779819794253907,1.1317842088217,0.843094643060342,0.843094505733699,236.528800422549,-167.46631865603,-179.446207884889,-152.97240633895,-95.6063214958684,167.466204066385,-0.000114589645024082,760.587008713685
0,2,1,0,1,1,0,2,592.888633526148,760.587008713685,752.308929691811,1063.04597050079,1063.04608509043,0.779514541707528,0.78809197940669,0.557726241365503,0.557726181246141,8.27807902187415,-167.698489777183,-310.737040808977,6.12203295607906,-101.697700294804,167.698375187538,-0.000114589645024082,760.587008713685
0,2,1,0,1,1,0,3,592.888633526148,760.587008713685,902.777025850275,1286.59568112667,1286.59579571631,0.779514541707528,0.656738725675633,0.460819698234147,0.460819657191602,-142.190017136589,-167.698489777183,-383.818655276392,94.7535648047151,-101.697700294804,167.698375187538,-0.000114589645024082,760.587008713685
0,2,1,0,1,2,0,1,599.273359038579,760.587008713685,614.02148075157,749.880725036572,749.8807755329,0.787909012608667,0.975981098096211,0.799158238144276,0.799158184329646,146.565527962115,-161.313700171434,-135.859244285002,-90.0362177235258,-66.8478833324476,161.313649675106,-5.04963279111878e-05,760.587008713685
0,2,1,0,1,2,0,2,599.023236501426,760.587008713685,807.716479215467,1050.4266399844,1050.42669048073,0.787580158007829,0.741625622252075,0.570266607585581,0.570266580171608,-47.1294705017821,-161.563822708587,-242.710160768935,39.4900839511778,-67.9394432453454,161.563772212259,-5.04963279111878e-05,760.587008713685
0,2,1,0,1,2,0,3,599.023236501426,760.587008713685,932.164349124978,1234.91111709069,1234.91116758702,0.787580158007829,0.642615475547556,0.485073968653433,0.48507394881844,-171.577340411292,-161.563822708587,-302.746767965713,112.336785487829,-67.9394432453454,161.563772212259,-5.04963279111878e-05,760.587008713685
0,2,1,1,0,0,0,1,620.945449160226,760.587008713685,557.883099451439,711.516472173526,711.516556489981,0.816402912548266,1.11303864514052,0.872707060826538,0.872706957408614,202.703909262247,-139.641643869914,-153.633372722088,-131.302837107385,-81.8415776369777,139.641559553459,-8.43164545844568e-05,760.587008713685
0,2,1,1,0,0,0,2,620.679004636204,760.587008713685,749.240017860312,1012.76891035527,1012.76899467172,0.816052598223975,0.828411443383317,0.612853532814784,0.612853481792648,11.3469908533729,-139.908088393936,-263.528892494953,2.01404147150258,-86.8567557447625,139.908004077482,-8.43164545844568e-05,760.587008713685
0,2,1,1,0,0,0,3,620.679004636204,760.587008713685,876.381580296,1201.67709958494,1201.67718390139,0.816052598223975,0.708229176184383,0.51651063738386,0.516510601142558,-115.794571582315,-139.908088393936,-325.295519288937,77.018763357234,-86.8567557447625,139.908004077482,-8.43164545844568e-05,760.587008713685
0,2,1,1,0,1,0,1,631.618789241151,760.587008713685,568.27684472066,708.732217975329,708.732311947449,0.830435942245915,1.11146318050602,0.891195254316966,0.89119513615175,192.310163993025,-128.968313444654,-140.45537325467,-125.829109733021,-75.3375808943813,128.968219472534,-9.39721200339019e-05,760.587008713685
0,2,1,1,0,1,0,2,631.47307666654,760.587008713685,751.244650134805,997.402042597895,997.402136570015,0.830244363145901,0.840569149548322,0.633117889975206,0.633117830324812,9.34235857888001,-129.114026019266,-246.157392463089,2.10666476003561,-80.5284418368839,129.113932047146,-9.39721200339019e-05,760.587008713685
0,2,1,1,0,1,0,3,631.47307666654,760.587008713685,869.800237583491,1173.52735476538,1173.5274487375,0.830244363145901,0.725997820397152,0.538098301758621,0.538098258669524,-109.213228869806,-129.114026019266,-303.727117181891,71.8408388493835,-80.5284418368839,129.113932047146,-9.39721200339019e-05,760.587008713685
0,2,1,1,0,2,0,1,623.008743942085,760.587008713685,586.40857898642,721.031800670103,721.031858148419,0.819115678817241,1.06241410215882,0.864051687266888,0.864051618387496,174.178429727265,-137.578322249917,-134.623221683683,-110.504660925041,-72.5252605145475,137.5782647716,-5.74783164357325e-05,760.587008713685
0,2,1,1,0,2,0,2,622.763890161345,760.587008713685,764.133953397714,998.896630402267,998.896687880583,0.818793751440183,0.814993087785502,0.623451787909778,0.623451752035238,-3.54694468402851,-137.823176030656,-234.762677004553,12.254932455809,-75.9440949008068,137.82311855234,-5.74783164357325e-05,760.587008713685
0,2,1,1,0,2,0,3,622.763890161345,760.587008713685,880.542203678794,1171.61319894351,1171.61325642182,0.818793751440183,0.707250473128394,0.531543935082772,0.531543909005694,-119.955194965108,-137.823176030656,-291.070995264712,81.348532474502,-75.9440949008068,137.82311855234,-5.74783164357325e-05,760.587008713685
0,2,1,1,1,0,0,1,595.73342686409,760.587008713685,521.285287910404,702.656878616351,702.656978155983,0.78325480193463,1.14281649737731,0.847829780073013,0.847829659967943,239.301720803281,-164.853681389228,-181.371590705946,-155.009318668341,-96.6179213467776,164.853581849595,-9.95396326964187e-05,760.587008713685
0,2,1,1,1,0,0,2,595.418876279796,760.587008713685,747.191339892921,1058.29988084285,1058.29998038249,0.782841239014556,0.796876040299295,0.562618296626463,0.562618243708747,13.3956688207639,-165.168231973522,-311.108540949933,2.37767289073938,-102.538580478098,165.168132433889,-9.95396326964187e-05,760.587008713685
0,2,1,1,1,0,0,3,595.418876279796,760.587008713685,897.28807353369,1281.31509017465,1281.31518971428,0.782841239014556,0.663576050816015,0.464693564327444,0.464693528227484,-136.701064820004,-165.168231973522,-384.027016640955,90.9243569727221,-102.538580478098,165.168132433889,-9.95396326964187e-05,760.587008713685
0,2,1,1,1,1,0,1,602.572051169496,760.587008713685,528.353146558215,701.717926715289,701.718036570494,0.792246047153203,1.14047215407868,0.858709786694647,0.858709652262105,232.23386215547,-158.015067399394,-173.364780157074,-151.210394346834,-92.4329810229086,158.014957544189,-0.00010985520500137,760.587008713685
0,2,1,1,1,1,0,2,602.363929399137,760.587008713685,748.81108136447,1049.11331536906,1049.11342522427,0.791972414067212,0.804427103698199,0.574164792853892,0.574164732731707,11.7759273492157,-158.223189169753,-300.302234004593,2.55856374620495,-98.4010331148605,158.223079314548,-0.00010985520500137,760.587008713685
0,2,1,1,1,1,0,3,602.363929399137,760.587008713685,893.543499967292,1264.1372989093,1264.13740876451,0.791972414067212,0.674129384211498,0.476501982750493,0.476501941341844,-132.956491253607,-158.223189169753,-370.593798942013,87.7771356792851,-98.4010331148605,158.223079314548,-0.00010985520500137,760.587008713685
0,2,1,1,1,2,0,1,599.999567892952,760.587008713685,566.517787239552,719.000899098001,719.000963459501,0.788863813106247,1.05910102278791,0.834490705986129,0.834490631286544,194.069221474133,-160.587505182233,-152.483111858449,-122.265875424359,-82.0224223233804,160.587440820733,-6.43614996294543e-05,760.587008713685
0,2,1,1,1,2,0,2,599.719846346774,760.587008713685,770.142031425399,1037.32065918937,1037.32072355087,0.788496042498844,0.77871330465732,0.578143162419452,0.578143126548038,-9.5550227117139,-160.867226728411,-267.178627763974,18.1942255199648,-85.8506713349956,160.867162366911,-6.43614996294543e-05,760.587008713685
0,2,1,1,1,2,0,3,599.719846346774,760.587008713685,903.457696596268,1235.12573816051,1235.12580252201,0.788496042498844,0.663805121818309,0.485553679125775,0.485553653823929,-142.870687882583,-160.867226728411,-331.668041564241,97.2458538857917,-85.8506713349956,160.867162366911,-6.43614996294543e-05,760.587008713685
0,2,1,0,0,0,1,1,671.957471490171,760.587008713685,778.202271648234,795.031067453062,795.031125859854,0.883472191599216,0.863474055488124,0.845196494827346,0.845196432735166,-17.615262934549,-88.629595630306,-16.8287958048279,25.1908085266436,-10.2368542912302,88.6295372235141,-5.84067919267565e-05,760.587008713685
0,2,1,0,0,0,1,2,671.887284735282,760.587008713685,828.897400313929,874.94461993843,874.944678345222,0.883379911880939,0.810579553610396,0.767919785348887,0.767919734086524,-68.3103916002437,-88.6997823851947,-46.0472196245009,60.7643628796902,-11.7070763973648,88.6997239784027,-5.84067919267565e-05,760.587008713685
0,2,1,0,0,0,1,3,671.887284735282,760.587008713685,862.625680485788,925.06133523958,925.061393646372,0.883379911880939,0.778886253834814,0.726316471287032,0.726316425428654,-102.038671772103,-88.6997823851947,-62.4356547537922,80.7405923446424,-11.7070763973648,88.6997239784027,-5.84067919267565e-05,760.587008713685
0,2,1,0,0,1,1,1,671.981442219615,760.587008713685,763.911851761767,783.76716818143,783.767245499016,0.8835037076903,0.879658354127983,0.857373808829999,0.857373724251225,-3.32484304808173,-88.6056438116552,-19.8553164196635,13.7817190130707,-12.5360753625816,88.6055664940697,-7.73175854545969e-05,760.587008713685
0,2,1,0,0,1,1,2,671.960706358729,760.587008713685,824.803906991961,880.452986751438,880.453064069024,0.883476444720187,0.814691468678116,0.763198849308272,0.763198782287445,-64.2168982782759,-88.6263796725419,-55.6490797594771,57.1032474257951,-14.784118087668,88.6263023549564,-7.73175854545969e-05,760.587008713685
0,2,1,0,0,1,1,3,671.960706358729,760.587008713685,862.310514878741,936.166951958187,936.167029275773,0.883476444720187,0.779256073959878,0.717778709185561,0.717778649904562,-101.723506165056,-88.6263796725419,-73.8564370794461,79.1521266982212,-14.784118087668,88.6263023549564,-7.73175854545969e-05,760.587008713685
0,2,1,0,0,2,1,1,637.113052111643,760.587008713685,661.937489896395,732.367803066105,732.367984974786,0.837659656045319,0.962497308033366,0.869935911224291,0.869935695145901,98.6495188172901,-123.474138510723,-70.4303131697094,-49.3813834381183,-51.9777608884412,123.473956602042,-0.000181908681567926,760.587008713685
0,2,1,0,0,2,1,2,636.936858086581,760.587008713685,766.381553449831,898.48515040339,898.485332312072,0.837428000727724,0.831096279939724,0.708900818005303,0.708900674480186,-5.79454473614561,-123.650332535786,-132.103596953559,30.9403281301847,-58.365578391138,123.650150627104,-0.000181908681567926,760.587008713685
0,2,1,0,0,2,1,3,636.936858086581,760.587008713685,838.096404985848,1004.95601127373,1004.95619318241,0.837428000727724,0.759980420268401,0.633795759158947,0.633795644434592,-77.5093962721631,-123.650332535786,-166.859606287882,76.2403972147453,-58.365578391138,123.650150627104,-0.000181908681567926,760.587008713685
1,0,0,0,0,0,0,1,644.584742564854,760.587008713685,681.447359929585,758.580650508919,758.580726998229,0.8474832401555,0.945905407325167,0.84972473544166,0.849724649762106,79.1396487841,-116.002342638141,-77.1332905793338,-42.491247197705,-42.6599017387367,116.002266148831,-7.64893099331554e-05,760.587008713685
1,0,0,0,0,0,0,2,644.426191545754,760.587008713685,795.967034277151,939.104386170613,939.104462659922,0.847274781402874,0.809614172188654,0.686213589283223,0.686213533391673,-35.3800255634656,-116.160893657242,-143.137351893462,37.868976104245,-45.9811154577792,116.160817167932,-7.64893099331554e-05,760.587008713685
1,0,0,0,0,0,0,3,644.426191545754,760.587008713685,872.158805819069,1052.31743181658,1052.31750830589,0.847274781402874,0.738886298282059,0.612387642798336,0.612387598286002,-111.571797105384,-116.160893657242,-180.158625997509,82.9950336413399,-45.9811154577792,116.160817167932,-7.64893099331554e-05,760.587008713685
1,0,0,0,0,1,0,1,644.699083815262,760.587008713685,680.606618521516,757.062893576062,757.062976093182,0.847633573055088,0.947241866697893,0.851579293194469,0.851579200375413,79.9803901921688,-115.888007415543,-76.4562750545455,-43.7959577383372,-41.9224417525944,115.887924898423,-8.25171198039176e-05,760.587008713685
1,0,0,0,0,1,0,2,644.636722009816,760.587008713685,798.170085388627,942.688654253095,942.688736770215,0.847551581376646,0.807643300357397,0.68382781430691,0.683827754448869,-37.5830766749421,-115.950369220989,-144.518568864468,38.7785003078533,-45.4882803088554,115.950286703869,-8.25171198039176e-05,760.587008713685
1,0,0,0,0,1,0,3,644.636722009816,760.587008713685,874.904495311433,1056.69235222199,1056.69243473911,0.847551581376646,0.736808103586609,0.610051469242007,0.610051421603084,-114.317486597748,-115.950369220989,-181.787856910554,84.0229152096409,-45.4882803088554,115.950286703869,-8.25171198039176e-05,760.587008713685
1,0,0,0,0,2,0,1,641.058972430285,760.587008713685,676.259119265001,747.813210259655,747.813274644906,0.842847649362895,0.947948728775779,0.857244782032798,0.85724470822571,84.3278894486842,-119.528100668651,-71.5540909946544,-44.4460826228701,-43.6902036685237,119.5280362834,-6.43852506644259e-05,760.587008713685
1,0,0,0,0,2,0,2,640.894754217587,760.587008713685,792.851254400747,928.049637157354,928.049701542605,0.84263173953165,0.808341729498792,0.690582409127024,0.690582361216528,-32.2642456870617,-119.692318881349,-135.198382756607,36.833892196903,-45.3297283960155,119.692254496099,-6.43852506644259e-05,760.587008713685
1,0,0,0,0,2,0,3,640.894754217587,760.587008713685,867.56643461072,1038.55609566159,1038.55616004684,0.84263173953165,0.738727005390841,0.61710172122125,0.617101682964051,-106.979425897035,-119.692318881349,-170.989661050867,82.5835951582007,-45.3297283960155,119.692254496099,-6.43852506644259e-05,760.587008713685
1,0,0,0,1,0,0,1,627.247256043247,760.587008713685,565.399962638476,710.259901125578,710.259989091622,0.824688364193935,1.10938680136475,0.883123565119223,0.883123455743941,195.187046075209,-133.339840636482,-144.859938487102,-125.798581261957,-78.8767680400376,133.339752670438,-8.79660442235273e-05,760.587008713685
1,0,0,0,1,0,0,2,626.997000005735,760.587008713685,746.157173043486,995.197550974849,995.197638940893,0.8243593340703,0.840301511072109,0.630022651675095,0.63002259598706,14.4298356701989,-133.590096673995,-249.040377931363,1.04154358418039,-84.1189531093994,133.59000870795,-8.79660442235273e-05,760.587008713685
1,0,0,0,1,0,0,3,626.997000005735,760.587008713685,866.417837057729,1173.89238598033,1173.89247394638,0.8243593340703,0.723665849418516,0.534117954502381,0.534117914478065,-105.830828344044,-133.590096673995,-307.474548922604,72.2682591983491,-84.1189531093994,133.59000870795,-8.79660442235273e-05,760.587008713685
1,0,0,0,1,1,0,1,627.567977617764,760.587008713685,581.349966393017,718.353687241676,718.353778733102,0.825110040571314,1.07950118499448,0.873619762470337,0.873619651203826,179.237042320669,-133.019122587348,-137.00372084866,-114.082467398786,-74.3899262127243,133.019031095922,-9.14914261259731e-05,760.587008713685
1,0,0,0,1,1,0,2,627.353948200369,760.587008713685,754.49263974367,991.211327608203,991.21141909963,0.824828640264784,0.831491144053446,0.632916443473438,0.632916385053582,6.09436897001521,-133.233152004743,-236.718687864533,7.26857217729139,-79.3342384770432,133.233060513317,-9.14914261259731e-05,760.587008713685
1,0,0,0,1,1,0,3,627.353948200369,760.587008713685,869.939549282724,1162.75157175679,1162.75166324822,0.824828640264784,0.721146600034025,0.539542550136058,0.539542507682008,-109.352540569039,-133.233152004743,-292.812022474067,75.6034895519189,-79.3342384770432,133.233060513317,-9.14914261259731e-05,760.587008713685
1,0,0,0,1,2,0,1,633.400416692244,760.587008713685,647.001785887707,752.808379410859,752.808422422515,0.832778379640561,0.978977849069146,0.841383324117536,0.841383276045159,113.585222825978,-127.186635033098,-105.806593523151,-69.4174316506546,-52.2494242655218,127.186592021442,-4.30116562151582e-05,760.587008713685
1,0,0,0,1,2,0,2,633.208585833797,760.587008713685,798.547928202807,988.269495152687,988.269538164343,0.832526165421478,0.79295000772074,0.640724608965054,0.640724581079315,-37.9609194891221,-127.378465891545,-189.721566949879,32.1091984855669,-53.2997630689576,127.378422879889,-4.30116562151582e-05,760.587008713685
1,0,0,0,1,2,0,3,633.208585833797,760.587008713685,895.961801495257,1132.71306205008,1132.71310506174,0.832526165421478,0.706736140733952,0.559019408399654,0.559019387172434,-135.374792781571,-127.378465891545,-236.751260554824,89.0729532163069,-53.2997630689576,127.378422879889,-4.30116562151582e-05,760.587008713685
1,0,0,1,0,0,0,1,637.965229128027,760.587008713685,655.511147669042,748.596421141456,748.59650200473,0.838780076203197,0.97323322630987,0.852215173771818,0.852215081715672,105.075861044644,-122.621860448932,-93.0852734724147,-60.7328690390544,-51.2274559679969,122.621779585658,-8.08632736573721e-05,760.587008713685
1,0,0,1,0,0,0,2,637.783652857512,760.587008713685,786.661710349853,955.336351587097,955.33643245037,0.838541344449388,0.810747039631394,0.667601156177052,0.667601099668775,-26.0747016361674,-122.803436719447,-168.674641237244,31.2975053332984,-55.0309862392556,122.803355856173,-8.08632736573721e-05,760.587008713685
1,0,0,1,0,0,0,3,637.783652857512,760.587008713685,873.918277977202,1084.99053305301,1084.99061391629,0.838541344449388,0.729797818548601,0.58782416383199,0.587824120022038,-113.331269263517,-122.803436719447,-211.07225507581,82.9769034041894,-55.0309862392556,122.803355856173,-8.08632736573721e-05,760.587008713685
1,0,0,1,0,1,0,1,638.831785316056,760.587008713685,658.531164153044,748.854713046365,748.854799068193,0.839919401721647,0.970085882173361,0.853078406513951,0.853078308519836,102.055844560641,-121.755309419457,-90.3235488933215,-59.2429221028893,-49.3482207039506,121.755223397629,-8.60218272949621e-05,760.587008713685
1,0,0,1,0,1,0,2,638.745950996277,760.587008713685,790.214094626526,956.702360091452,956.702446113279,0.839806548992379,0.808320118990238,0.667653784124896,0.667653724092857,-29.6270859128408,-121.841143739236,-166.488265464925,33.2110593065033,-53.2996095179886,121.841057717408,-8.60218272949621e-05,760.587008713685
1,0,0,1,0,1,0,3,638.745950996277,760.587008713685,876.496513792996,1084.89434578031,1084.89443180214,0.839806548992379,0.728748992089124,0.588763277715174,0.588763231031836,-115.909505079311,-121.841143739236,-208.397831987318,84.1201059753731,-53.2996095179886,121.841057717408,-8.60218272949621e-05,760.587008713685
1,0,0,1,0,2,0,1,640.72824750163,760.587008713685,674.88309716616,768.193500843881,768.193548099606,0.842412820835894,0.949391457857003,0.834071424449404,0.834071373141175,85.7039115475247,-119.85880846778,-93.3104036777207,-50.9330643744695,-42.675266150216,119.858761212055,-4.72557252606734e-05,760.587008713685
1,0,0,1,0,2,0,2,640.560887767451,760.587008713685,811.837128365377,980.834568294295,980.83461555002,0.842192780613984,0.78902635194477,0.65307739803809,0.653077366573411,-51.2501196516915,-120.02616820196,-168.997439928918,39.5238873133956,-43.0598762979726,120.026120946234,-4.72557252606734e-05,760.587008713685
1,0,0,1,0,2,0,3,640.560887767451,760.587008713685,899.55806909916,1110.9398735572,1110.93992081293,0.842192780613984,0.712083977423408,0.576593660029854,0.576593635503459,-138.971060385475,-120.02616820196,-211.381804458043,90.2357548558496,-43.0598762979726,120.026120946234,-4.72557252606734e-05,760.587008713685
1,0,0,1,1,0,0,1,623.559695887417,760.587008713685,560.001992718582,708.868086359289,708.868176758066,0.819840056092977,1.11349549465045,0.879655478764729,0.879655366586213,200.585015995103,-137.027403225046,-148.866093640707,-129.277587534513,-81.0581342209393,137.027312826268,-9.03987776975903e-05,760.587008713685
1,0,0,1,1,0,0,2,623.302518926668,760.587008713685,745.758110603314,1001.68579225664,1001.68588265542,0.81950192651963,0.835797170777559,0.622253528746241,0.622253472589956,14.8288981103709,-137.284580185795,-255.927681653324,1.07034785705974,-86.445293856431,137.284489787017,-9.03987776975903e-05,760.587008713685
1,0,0,1,1,0,0,3,623.302518926668,760.587008713685,869.344627741259,1185.32249898771,1185.32258938649,0.81950192651963,0.716979778831946,0.525850576074428,0.525850535970367,-108.757619027573,-137.284580185795,-315.977871246451,74.266864624067,-86.445293856431,137.284489787017,-9.03987776975903e-05,760.587008713685
1,0,0,1,1,1,0,1,623.769477746609,760.587008713685,573.556914570472,715.935385483275,715.935479279434,0.820115871820551,1.08754591201074,0.871265047648885,0.871264933502685,187.030094143214,-136.817624763235,-142.378470912803,-119.298944644743,-77.3020930021046,136.817530967077,-9.37961588285237e-05,760.587008713685
1,0,0,1,1,1,0,2,623.544782720474,760.587008713685,752.834275110571,998.454379026608,998.454472822767,0.819820448649289,0.828263009981702,0.624510038534126,0.624509979866811,7.75273360311448,-137.04231978937,-245.620103916037,6.35249895920715,-82.4190275507881,137.042225993211,-9.37961588285237e-05,760.587008713685
1,0,0,1,1,1,0,3,623.544782720474,760.587008713685,872.405062069308,1176.12264969105,1176.12274348721,0.819820448649289,0.714742279511139,0.530169861862851,0.530169819581637,-111.818053355622,-137.04231978937,-303.717587621742,77.134437742961,-82.4190275507881,137.042225993211,-9.37961588285237e-05,760.587008713685
1,0,0,1,1,2,0,1,633.911642426551,760.587008713685,635.658294577456,761.261313021616,761.261344513401,0.833450525928166,0.997252215276973,0.832712278403344,0.832712243955784,124.928714136229,-126.675397778919,-125.60301844416,-81.5901944113402,-54.2915059576594,126.675366287134,-3.14917847652583e-05,760.587008713685
1,0,0,1,1,2,0,2,633.711634353079,760.587008713685,805.684387528126,1025.70578583908,1025.70581733087,0.833187560519631,0.786550719069205,0.617829832981462,0.61782981401251,-45.0973788144403,-126.875405852391,-220.021398310956,29.2386347101268,-54.3955201819797,126.875374360606,-3.14917847652583e-05,760.587008713685
1,0,0,1,1,2,0,3,633.711634353079,760.587008713685,914.718013789031,1187.55583366599,1187.55586515777,0.833187560519631,0.692794527712491,0.533626812641565,0.533626798490769,-154.131005075346,-126.875405852391,-272.837819876959,91.3019800904742,-54.3955201819797,126.875374360606,-3.14917847652583e-05,760.587008713685
1,0,0,0,0,0,1,1,688.097450546226,760.587008713685,854.224678180192,825.265322052359,825.265369788874,0.904692615917731,0.805522795258179,0.83378936707893,0.833789318849355,-93.6376694665068,-72.4896059039737,28.9593561278327,79.1078766303964,14.3132423933792,72.489558167459,-4.77365146481686e-05,760.587008713685
1,0,0,0,0,0,1,2,688.091746890482,760.587008713685,858.344366606499,831.759416178248,831.759463914763,0.904685116899633,0.801649982990955,0.827272566449699,0.827272518970697,-97.7573578928139,-72.4953095597174,26.5849504282512,81.998725593761,14.1937662789248,72.4952618232028,-4.77365146481686e-05,760.587008713685
1,0,0,0,0,0,1,3,688.091746890482,760.587008713685,861.085261227352,835.832100426713,835.832148163228,0.904685116899633,0.799098275018327,0.823241589476157,0.823241542458722,-100.498252513667,-72.4953095597174,25.2531608006392,83.622073704202,14.1937662789248,72.4952618232028,-4.77365146481686e-05,760.587008713685
1,0,0,0,0,1,1,1,687.997053005605,760.587008713685,752.834463666551,776.290585186352,776.290647730794,0.904560615844799,0.913875607732985,0.886262265876184,0.886262194471512,7.7525450471347,-72.5900182525229,-23.4561215198012,3.94380049427282,-13.9910930944964,72.5899557080804,-6.2544442557889e-05,760.587008713685
1,0,0,0,0,1,1,2,687.94642267633,760.587008713685,806.21589558505,860.753425567721,860.753488112163,0.904494048405841,0.853302975597008,0.799237507794507,0.799237449719965,-45.628886871365,-72.6406485817981,-54.5375299826704,41.6827477134657,-15.7604560746331,72.6405860373555,-6.2544442557889e-05,760.587008713685
1,0,0,0,0,1,1,3,687.94642267633,760.587008713685,840.389539245429,911.524875750835,911.524938295278,0.904494048405841,0.818604219293383,0.754720404212402,0.754720352427129,-79.8025305317433,-72.6406485817981,-71.135336505407,61.8580159529765,-15.7604560746331,72.6405860373555,-6.2544442557889e-05,760.587008713685
1,0,0,0,0,2,1,1,661.560719620589,760.587008713685,706.020610260734,752.758339953564,752.758481703458,0.869802812881894,0.93702748900811,0.878848741365521,0.878848575871915,54.5663984529511,-99.0264308429899,-46.7377296928303,-22.2467072610821,-34.695886038621,99.0262890930964,-0.000141749893485616,760.587008713685
1,0,0,0,0,2,1,2,661.435014598183,760.587008713685,780.223867983909,871.689364079325,871.689505829219,0.869637539190698,0.847750295447031,0.758796701961356,0.758796578569539,-19.6368592702233,-99.1521358653953,-91.4654960954168,35.214251756116,-39.7808852882011,99.1519941155018,-0.000141749893485616,760.587008713685
1,0,0,0,0,2,1,3,661.435014598183,760.587008713685,831.946074276743,948.599203827273,948.599345577166,0.869637539190698,0.795045538466187,0.697275532099879,0.697275427905487,-71.3590655630577,-99.1521358653953,-116.65312955053,67.6019244325531,-39.7808852882011,99.1519941155018,-0.000141749893485616,760.587008713685
1,0,1,0,0,0,0,1,650.804957601244,760.587008713685,638.344822311999,736.872678099579,736.872750507762,0.85566141696516,1.01951944286807,0.883198654182285,0.88319856739551,122.242186401686,-109.782123520624,-98.52785578758,-75.1736881657696,-53.9289727090906,109.782051112441,-7.24081828392607e-05,760.587008713685
1,0,1,0,0,0,0,2,650.624012634835,760.587008713685,769.039400912605,942.893815464206,942.893887872389,0.855423515233555,0.846021688697291,0.690028932170394,0.690028879180613,-8.45239219891982,-109.963068487033,-173.854414551601,16.5367151385883,-57.7192788719901,109.96299607885,-7.24081828392607e-05,760.587008713685
1,0,1,0,0,0,0,3,650.624012634835,760.587008713685,855.992595036112,1072.09721546589,1072.09728787407,0.855423515233555,0.760081356319895,0.606870350234145,0.60687030924684,-95.405586322427,-109.963068487033,-216.104620429775,68.0364343555482,-57.7192788719901,109.96299607885,-7.24081828392607e-05,760.587008713685
1,0,1,0,0,1,0,1,650.974231035629,760.587008713685,654.179945129688,741.902976357286,741.90305622344,0.855883973270284,0.995099644802741,0.877438495033253,0.877438400576657,106.407063583998,-109.61285754421,-87.7230312275988,-64.3201073996242,-48.0390092459925,109.612777678056,-7.9866153485476e-05,760.587008713685
1,0,1,0,0,1,0,2,650.903299829491,760.587008713685,780.626640229517,941.68482441317,941.684904279324,0.855790714766884,0.833821530402952,0.691211414854343,0.69121135623134,-20.0396315158321,-109.683788750348,-161.058184183653,24.6428390994677,-51.9755732666305,109.683708884195,-7.9866153485476e-05,760.587008713685
1,0,1,0,0,1,0,3,650.903299829491,760.587008713685,862.637178584984,1063.52574666884,1063.52582653499,0.855790714766884,0.754550483086286,0.61202401716013,0.612023971199794,-102.050169871299,-109.683788750348,-200.888568083857,72.9943540166798,-51.9755732666305,109.683708884195,-7.9866153485476e-05,760.587008713685
1,0,1,0,0,2,0,1,649.2923054586,760.587008713685,657.63193611371,737.432333195457,737.432392574278,0.85367262130429,0.98731869576713,0.880477131569582,0.88047706067265,102.955072599976,-111.294762633906,-79.8003970817476,-59.1974220120347,-48.1431877244257,111.294703255085,-5.93788210073465e-05,760.587008713685
1,0,1,0,0,2,0,2,649.123413632864,760.587008713685,776.335468971857,922.184539165998,922.184598544819,0.853450566728283,0.836137777515863,0.703897523829576,0.703897478506107,-15.7484602581721,-111.463654459642,-145.84907019414,24.3009830272605,-50.6419130366522,111.463595080821,-5.93788210073465e-05,760.587008713685
1,0,1,0,0,2,0,3,649.123413632864,760.587008713685,853.494684970246,1036.46898810658,1036.4690474854,0.853450566728283,0.760547692989434,0.626283488538023,0.626283452658538,-92.9076762565609,-111.463654459642,-182.974303136335,71.2803239408563,-50.6419130366522,111.463595080821,-5.93788210073465e-05,760.587008713685
1,0,1,0,1,0,0,1,623.469324791134,760.587008713685,559.869704582592,708.833977132337,708.834067590734,0.819721238528059,1.11359718107262,0.879570315341605,0.879570203094573,200.717304131093,-137.117774380948,-148.964272549745,-129.362847597412,-81.1115929971581,137.117683922551,-9.04583967361215e-05,760.587008713685
1,0,1,0,1,0,0,2,623.211978219207,760.587008713685,745.748330773649,1001.8447996905,1001.8448901489,0.819382885954351,0.835686722319148,0.622064394017652,0.622064337850327,14.8386779400361,-137.375120952875,-256.096468916851,1.07105376384031,-86.5023055266828,137.375030494478,-9.04583967361215e-05,760.587008713685
1,0,1,0,1,0,0,3,623.211978219207,760.587008713685,869.4163546478,1185.60261695175,1185.60270741014,0.819382885954351,0.716816488311483,0.525649968470482,0.525649928364759,-108.829345934115,-137.375120952875,-316.186262303948,74.3158444795074,-86.5023055266828,137.375030494478,-9.04583967361215e-05,760.587008713685
1,0,1,0,1,1,0,1,624.873428836451,760.587008713685,567.375641974449,711.815722190768,711.815815646671,0.821567317976211,1.1013398930238,0.877858425089666,0.877858309833656,193.211366739236,-135.713673333136,-144.440080216319,-124.186406023581,-78.5159437599016,135.713579877234,-9.34559023108729e-05,760.587008713685
1,0,1,0,1,1,0,2,624.654446531109,760.587008713685,749.507737609092,998.976909170227,998.977002626129,0.821279405741537,0.833419610214751,0.625294179271832,0.625294120774558,11.0792711045935,-135.932655638479,-249.469171561135,3.5969425698399,-83.8161924328799,135.932562182576,-9.34559023108729e-05,760.587008713685
1,0,1,0,1,1,0,3,624.654446531109,760.587008713685,870.373906016497,1178.56690404415,1178.56699750005,0.821279405741537,0.717685172100356,0.530011868132103,0.530011826104168,-109.786897302812,-135.932655638479,-308.192998027652,75.1183878722967,-83.8161924328799,135.932562182576,-9.34559023108729e-05,760.587008713685
1,0,1,0,1,2,0,1,630.899120889077,760.587008713685,627.021855729838,743.271348327509,743.271390518901,0.8294897410305,1.00618362043334,0.848813992774928,0.848813944592469,133.565152983847,-129.687930015999,-116.249492597671,-83.4470624283317,-58.7291479038545,129.687887824608,-4.21913915290008e-05,760.587008713685
1,0,1,0,1,2,0,2,630.692010779147,760.587008713685,787.978965940238,994.088022516513,994.088064707904,0.829217438049306,0.800391936892108,0.634442822460091,0.634442795532874,-27.3919572265524,-129.89504012593,-206.109056576275,25.3146082657127,-60.5214890669062,129.894997934538,-4.21913915290008e-05,760.587008713685
1,0,1,0,1,2,0,3,630.692010779147,760.587008713685,892.156774440961,1148.63256364974,1148.63260584114,0.829217438049306,0.706929576558277,0.549080733681399,0.549080713512652,-131.569765727276,-129.89504012593,-256.475789208783,86.3449855781565,-60.5214890669062,129.894997934538,-4.21913915290008e-05,760.587008713685
1,0,1,1,0,0,0,1,641.106479265981,760.587008713685,619.939044244872,731.272838723992,731.272917532201,0.842910110113803,1.03414438115749,0.876699427787659,0.876699333307049,140.647964468813,-119.480608255914,-111.33379447912,-87.4315050601087,-60.8711908641156,119.480529447704,-7.88082090928839e-05,760.587008713685
1,0,1,1,0,0,0,2,640.904585434266,760.587008713685,765.764760105946,961.146029795822,961.146108604031,0.84264466535942,0.836947087178045,0.66681291454787,0.666812859873215,-5.17775139226047,-119.682502087629,-195.381269689876,14.8966508355925,-65.1003189232567,119.682423279419,-7.88082090928839e-05,760.587008713685
1,0,1,1,0,0,0,3,640.904585434266,760.587008713685,862.784941931671,1105.30792617032,1105.30800497853,0.84264466535942,0.74283237257173,0.579842567179333,0.57984252583669,-102.197933217986,-119.682502087629,-242.522984238653,72.3587391782734,-65.1003189232567,119.682423279419,-7.88082090928839e-05,760.587008713685
1,0,1,1,0,1,0,1,642.611509284388,760.587008713685,641.016893660351,738.495038626139,738.495123452563,0.84488888440414,1.00248763431948,0.870163610685687,0.870163510735309,119.570115053334,-117.975584255721,-97.4781449657886,-72.8534066856395,-53.3224418373757,117.975499429298,-8.48264233135139e-05,760.587008713685
1,0,1,1,0,1,0,2,642.520892178784,760.587008713685,779.078590382713,956.558287915858,956.558372742282,0.844769743392573,0.824718969447169,0.67170072153021,0.671700661964614,-18.4915816690282,-118.066201361324,-177.479697533145,24.2388394689347,-57.5773217049282,118.066116534901,-8.48264233135139e-05,760.587008713685
1,0,1,1,0,1,0,3,642.520892178784,760.587008713685,868.939719862629,1090.06517130857,1090.06525613499,0.844769743392573,0.739430915047089,0.589433466081179,0.589433420212794,-108.352711148943,-118.066201361324,-221.125451445942,77.2485436400579,-57.5773217049282,118.066116534901,-8.48264233135139e-05,760.587008713685
1,0,1,1,0,2,0,1,644.812758518044,760.587008713685,644.782902780783,749.816047438155,749.816094370521,0.847783029595206,1.00004630354982,0.859961267461708,0.859961213635153,115.804105932902,-115.774297128007,-105.033144657372,-72.72247022463,-51.1023730052523,115.774250195642,-4.69323658053228e-05,760.587008713685
1,0,1,1,0,2,0,2,644.629840277559,760.587008713685,789.549559736055,975.21262991388,975.212676846246,0.847542533454213,0.816452662570108,0.661014655167545,0.661014623356042,-28.9625510223701,-115.957215368492,-185.663070177825,24.3407760242847,-52.338596811122,115.957168436127,-4.69323658053228e-05,760.587008713685
1,0,1,1,0,2,0,3,644.629840277559,760.587008713685,882.983520763422,1113.8232970462,1113.82334397857,0.847542533454213,0.730058744154382,0.578754136304277,0.578754111917734,-122.396512049737,-115.957215368492,-230.839776282783,78.7864295861105,-52.338596811122,115.957168436127,-4.69323658053228e-05,760.587008713685
1,0,1,1,1,0,0,1,618.395983309241,760.587008713685,552.443183100818,706.919119803769,706.919213609118,0.813050941213262,1.11938386104836,0.874776146217264,0.874776030137972,208.143825612867,-142.191119209793,-154.475936702951,-134.149260860506,-84.1127143524991,142.191025404444,-9.38053489556913e-05,760.587008713685
1,0,1,1,1,0,0,2,618.12911493822,760.587008713685,745.199301077581,1010.77131539422,1010.77140919957,0.81270006962597,0.829481608536652,0.611542003145527,0.611541946390943,15.3877076361046,-142.457987580814,-265.572014316639,1.11068265293748,-89.7028827414769,142.457893775465,-9.38053489556913e-05,760.587008713685
1,0,1,1,1,0,0,3,618.12911493822,760.587008713685,873.443030269645,1201.32815470911,1201.32824851446,0.81270006962597,0.70769253805528,0.514538107273357,0.514538067095807,-112.85602155596,-142.457987580814,-327.885124439464,77.0655237752335,-89.7028827414769,142.457893775465,-9.38053489556913e-05,760.587008713685
1,0,1,1,1,1,0,1,619.69710376213,760.587008713685,561.587727113732,710.717705894512,710.717802485942,0.814761620514883,1.10347337351379,0.871931427376185,0.871931308874716,198.999281599953,-140.890001542986,-149.12997878078,-127.752279862837,-81.0666829724794,140.889904951556,-9.65914304321844e-05,760.587008713685
1,0,1,1,1,1,0,2,619.470362937572,760.587008713685,749.902118885403,1007.62223561915,1007.62233221058,0.814463507581109,0.826068292563708,0.614784331904832,0.614784272971146,10.6848898282821,-141.116742367544,-257.720116733746,4.36499122309931,-86.5440053290712,141.116645776114,-9.65914304321844e-05,760.587008713685
1,0,1,1,1,1,0,3,619.470362937572,760.587008713685,874.888355900281,1193.33416270641,1193.33425929784,0.814463507581109,0.708056472302826,0.519108881901655,0.519108839883697,-114.301347186596,-141.116742367544,-318.445806806128,78.3253391344782,-86.5440053290712,141.116645776114,-9.65914304321844e-05,760.587008713685
1,0,1,1,1,2,0,1,629.199412114798,760.587008713685,619.873358243706,752.623653964216,752.62368793473,0.82725500817968,1.01504509549743,0.836008021805694,0.836007984071536,140.713650469979,-131.387630569401,-132.75029572051,-91.7986574983378,-60.0101557774929,131.387596598887,-3.39705132620384e-05,760.587008713685
1,0,1,1,1,2,0,2,628.984988456589,760.587008713685,797.398814137358,1029.26104149539,1029.2610754659,0.82697308953559,0.788795991798705,0.611103464620356,0.611103444451034,-36.811805423673,-131.60205422761,-231.862227358031,25.2475979600141,-60.861572223284,131.602020257097,-3.39705132620384e-05,760.587008713685
1,0,1,1,1,2,0,3,628.984988456589,760.587008713685,911.857531304586,1199.18575675703,1199.18579072754,0.82697308953559,0.689784277546851,0.524510056021312,0.524510041163,-151.270522590901,-131.60205422761,-287.328225452444,90.8228386450164,-60.861572223284,131.602020257097,-3.39705132620384e-05,760.587008713685
1,0,1,0,0,0,1,1,693.277476350888,760.587008713685,836.383563134607,815.505982332474,815.50602666258,0.911503179002976,0.828898972802162,0.850119424468238,0.850119378256582,-75.7965544209221,-67.309576692903,20.8775808021332,65.2217309434177,10.0979052158151,67.3095323627973,-4.43301056703187e-05,760.587008713685
1,0,1,0,0,0,1,2,693.264904431334,760.587008713685,845.464123710158,829.820175298354,829.820219628459,0.911486649770409,0.819981457508892,0.835439924296945,0.835439879666627,-84.877114996473,-67.322148612457,15.6439484118045,71.5937004736791,9.83455760736321,67.3221042823513,-4.43301056703187e-05,760.587008713685
1,0,1,0,0,0,1,3,693.264904431334,760.587008713685,851.505565940819,838.797129911504,838.797174241609,0.911486649770409,0.814163679206669,0.826498899089552,0.826498855409406,-90.918557227134,-67.322148612457,12.7084360293156,75.1718620545245,9.83455760736321,67.3221042823513,-4.43301056703187e-05,760.587008713685
1,0,1,0,0,1,1,1,693.135197557834,760.587008713685,742.016127584558,769.411397828094,769.41145804603,0.911316114549568,0.934124167643306,0.900864218432982,0.900864147926904,18.5708811291274,-67.4518713737873,-27.3952702435363,-4.89154515180647,-15.9760276697231,67.4518111558513,-6.02179359958606e-05,760.587008713685
1,0,1,0,0,1,1,2,693.099990124845,760.587008713685,797.656621585639,857.513414062279,857.513474280215,0.911269824733169,0.868920248849751,0.808267227962579,0.808267171202906,-37.0696128719542,-67.487078806776,-59.8567924766391,34.4706472153558,-17.8564076437564,67.48701858884,-6.02179359958606e-05,760.587008713685
1,0,1,0,0,1,1,3,693.099990124845,760.587008713685,832.969708565467,909.974761232247,909.974821450183,0.911269824733169,0.832083067364473,0.761669465630322,0.76166941522655,-72.3826998517821,-67.487078806776,-77.0050526667798,55.2816739810577,-17.8564076437564,67.48701858884,-6.02179359958606e-05,760.587008713685
1,0,1,0,0,2,1,1,667.174568405159,760.587008713685,682.271661371765,737.676955085955,737.677099425266,0.877183755128152,0.977872314180173,0.904426475309126,0.90442629834241,78.3153473419204,-93.4125846478366,-55.4052937141905,-39.7706869702463,-40.9229958813014,93.4124403085261,-0.000144339310488698,760.587008713685
1,0,1,0,0,2,1,2,667.038843227675,760.587008713685,761.33636966947,864.488796032831,864.488940372141,0.877005307197897,0.876142096715105,0.771599176633335,0.771599047803355,-0.749360955784318,-93.5483098253203,-103.152426363361,21.8538051258441,-46.5339764600034,93.5481654860098,-0.000144339310488698,760.587008713685
1,0,1,0,0,2,1,3,667.038843227675,760.587008713685,816.577596504813,946.626892935493,946.627037274803,0.877005307197897,0.81687134949917,0.704648101808291,0.70464799436532,-55.9905877911281,-93.5483098253203,-130.04929643068,56.5983152960235,-46.5339764600034,93.5481654860098,-0.000144339310488698,760.587008713685
1,1,0,0,0,0,0,1,649.202282885258,760.587008713685,669.837225816833,751.859431483021,751.85950493397,0.853554261968263,0.969194093525615,0.863462311837633,0.86346222748394,90.749782896852,-111.384799279376,-82.0222056661879,-51.6990474187993,-45.1881077188449,111.384725828427,-7.34509490766252e-05,760.587008713685
1,1,0,0,0,0,0,2,649.04041123546,760.587008713685,786.755355553354,936.163985847692,936.164059298641,0.853341437336835,0.824958364317667,0.693297778003879,0.693297723608093,-26.1683468396689,-111.546670929175,-149.408630294338,30.3442090539512,-48.5788796425164,111.546597478225,-7.34509490766252e-05,760.587008713685
1,1,0,0,0,0,0,3,649.04041123546,760.587008713685,864.542857838395,1051.74812136076,1051.74819481171,0.853341437336835,0.75073248867991,0.617106318569626,0.617106275472766,-103.95584912471,-111.546670929175,-187.205263522367,76.4153691378247,-48.5788796425164,111.546597478225,-7.34509490766252e-05,760.587008713685
1,1,0,0,0,1,0,1,649.332114859213,760.587008713685,669.054280964598,750.390565043839,750.390645429204,0.853724961667926,0.970522322827154,0.865325531939862,0.865325439242133,91.5327277490868,-111.254974239837,-81.3362840792402,-53.0289150073406,-44.3619869370899,111.254893854472,-8.0385364943493e-05,760.587008713685
1,1,0,0,0,1,0,2,649.278240013958,760.587008713685,789.234261225262,940.156475883337,940.156556268702,0.853654128423816,0.822668593993846,0.690606571000768,0.690606511952453,-28.6472525115771,-111.308849085092,-150.922214658075,31.368432785765,-48.0066142298378,111.308768699727,-8.0385364943493e-05,760.587008713685
1,1,0,0,0,1,0,3,649.278240013958,760.587008713685,867.616754904066,1056.60746031116,1056.60754069653,0.853654128423816,0.748346820579497,0.614493333051756,0.61449328630188,-107.029746190381,-111.308849085092,-188.990705407098,77.5659936569417,-48.0066142298378,111.308768699727,-8.0385364943493e-05,760.587008713685
1,1,0,0,0,2,0,1,646.131272981859,760.587008713685,672.203223236366,745.019014909227,745.019077441566,0.849516578089606,0.961214184411402,0.867268163699934,0.867268090906756,88.3837854773188,-114.455798264164,-72.8157916728607,-48.1594621077879,-44.1578169235085,114.455735731826,-6.25323385678553e-05,760.587008713685
1,1,0,0,0,2,0,2,645.96901370201,760.587008713685,787.121379911128,923.069388049456,923.069450581794,0.849303243812278,0.820672681734227,0.699805477318462,0.6998054299109,-26.5343711974429,-114.618057544013,-135.948008138328,32.1626027348244,-46.0281904086497,114.617995011675,-6.25323385678553e-05,760.587008713685
1,1,0,0,0,2,0,3,645.96901370201,760.587008713685,861.109268024376,1032.55383937957,1032.55390191191,0.849303243812278,0.750159169908882,0.625603226743271,0.62560318885621,-100.52225931069,-114.618057544013,-171.444571355192,77.3659866915968,-46.0281904086497,114.617995011675,-6.25323385678553e-05,760.587008713685
1,1,0,0,1,0,0,1,625.837132924348,760.587008713685,563.335778772314,709.727671115427,709.727760011749,0.822834371024523,1.11094866775237,0.881798975007929,0.88179886455898,197.251229941371,-134.749964685659,-146.391892343113,-127.128953369371,-79.7109225358255,134.749875789337,-8.88963215800803e-05,760.587008713685
1,1,0,0,1,0,0,2,625.584230325574,760.587008713685,746.004571553886,997.678654643892,997.678743540214,0.822501861271033,0.838579620259587,0.627039806267949,0.627039750396725,14.5824371597993,-135.002867284433,-251.674083090006,1.05255833903016,-85.0085458838087,135.002778388112,-8.88963215800803e-05,760.587008713685
1,1,0,0,1,0,0,3,625.584230325574,760.587008713685,867.537041906631,1178.26326155177,1178.26335044809,0.822501861271033,0.721103768607614,0.530937567807792,0.530937527750196,-106.950033192946,-135.002867284433,-310.726219645141,73.0325259756398,-85.0085458838087,135.002778388112,-8.88963215800803e-05,760.587008713685
1,1,0,0,1,1,0,1,623.241566923644,760.587008713685,580.307513203636,719.339566779831,719.339660814432,0.819421788412714,1.07398500405929,0.866408016055094,0.866407902795203,180.279495510049,-137.345535824642,-139.032053576195,-114.35388419104,-75.3552561587085,137.345441790041,-9.40346006712201e-05,760.587008713685
1,1,0,0,1,1,0,2,623.040819857137,760.587008713685,757.171622290903,998.072218292865,998.072312327466,0.819157851395374,0.822852840115773,0.624244226457687,0.624244167643755,3.41538642278186,-137.546282891149,-240.900596001962,9.57237372197621,-80.4005328520261,137.546188856548,-9.40346006712201e-05,760.587008713685
1,1,0,0,1,1,0,3,623.040819857137,760.587008713685,875.014748435637,1173.17077291693,1173.17086695153,0.819157851395374,0.712034649668497,0.531074276857436,0.531074234289589,-114.427739721952,-137.546282891149,-298.156024481292,79.2926263079839,-80.4005328520261,137.546188856548,-9.40346006712201e-05,760.587008713685
1,1,0,0,1,2,0,1,632.544681356464,760.587008713685,654.509940169757,760.29374673938,760.293792101675,0.831653281096968,0.966440144808808,0.831974068008866,0.831974018369827,106.077068543928,-128.042372719516,-105.783806569623,-64.7268356171279,-49.9480789693621,128.042327357221,-4.53622948860556e-05,760.587008713685
1,1,0,0,1,2,0,2,632.356653546215,760.587008713685,806.692475802882,996.666947402873,996.666992765168,0.831406067026657,0.783888126534024,0.634471380027217,0.634471351149891,-46.1054670891968,-128.230400529765,-189.974471599991,36.2439287829282,-50.5895966747082,128.230355167471,-4.53622948860556e-05,760.587008713685
1,1,0,0,1,2,0,3,632.356653546215,760.587008713685,904.305495577445,1141.43725987603,1141.43730523832,0.831406067026657,0.699273261789063,0.554000360576012,0.554000338559272,-143.71848686376,-128.230400529765,-237.131764298584,92.8634165609066,-50.5895966747082,128.230355167471,-4.53622948860556e-05,760.587008713685
1,1,0,1,0,0,0,1,640.048873148154,760.587008713685,657.849986977886,749.055133212963,749.055212701934,0.841519597120931,0.972940466394917,0.85447498424149,0.854474893565481,102.7370217358,-120.538215054502,-91.2051462350774,-59.2922743431263,-50.1985380256975,120.538135565531,-7.94889710462791e-05,760.587008713685
1,1,0,1,0,0,0,2,639.870743386634,760.587008713685,786.511173746948,951.870921875845,951.871001364816,0.841285396747431,0.813555820622716,0.672224278188523,0.672224222052328,-25.9241650332628,-120.716344816022,-165.359748128897,30.991266524064,-53.9298732835049,120.716265327051,-7.94889710462791e-05,760.587008713685
1,1,0,1,0,0,0,3,639.870743386634,760.587008713685,872.111519752725,1079.06413032265,1079.06420981162,0.841285396747431,0.733702891079871,0.59298676084739,0.592986717165182,-111.52451103904,-120.716344816022,-206.952610569925,81.6897351497306,-53.9298732835049,120.716265327051,-7.94889710462791e-05,760.587008713685
1,1,0,1,0,1,0,1,640.71664207665,760.587008713685,662.831344815566,750.207623851043,750.207709326974,0.842397562325234,0.96663600339379,0.854052427230288,0.854052329922668,97.7556638981194,-119.870452112967,-87.3762790354766,-56.4177366080412,-47.6760263555903,119.870366637035,-8.54759310989473e-05,760.587008713685
1,1,0,1,0,1,0,2,640.648752180468,760.587008713685,791.58100888548,953.463416018398,953.46350149433,0.842308302456996,0.809328097805783,0.671917497218484,0.67191743698254,-30.994000171795,-119.938342009148,-161.882407132918,33.9780168660258,-51.556385871934,119.938256533217,-8.54759310989473e-05,760.587008713685
1,1,0,1,0,1,0,3,640.648752180468,760.587008713685,875.747797368078,1078.50976968936,1078.50985516529,0.842308302456996,0.73154480560024,0.594012933573139,0.594012886495397,-115.160788654392,-119.938342009148,-202.761972321284,83.6066899550412,-51.556385871934,119.938256533217,-8.54759310989473e-05,760.587008713685
1,1,0,1,0,2,0,1,643.219728419177,760.587008713685,680.226622317269,771.679294890797,771.679337072861,0.845688555089836,0.945596228251073,0.833532443695021,0.8335323981319,80.3603863964158,-117.367322476573,-91.4526725735275,-47.8719963869774,-40.4731890401086,117.367280294508,-4.21820641577828e-05,760.587008713685
1,1,0,1,0,2,0,2,643.057983290927,760.587008713685,815.014467272525,980.720168622849,980.720210804913,0.845475896805647,0.789014194365094,0.655699764178323,0.655699735975815,-54.4274585588393,-117.529067604822,-165.705701350324,40.4628794335856,-40.4818789907451,117.529025422758,-4.21820641577828e-05,760.587008713685
1,1,0,1,0,2,0,3,643.057983290927,760.587008713685,901.057448198451,1108.33098161285,1108.33102379491,0.845475896805647,0.713670348740404,0.580203922798535,0.580203900716505,-140.470439484766,-117.529067604822,-207.273533414399,89.9684472216937,-40.4818789907451,117.529025422758,-4.21820641577828e-05,760.587008713685
1,1,0,1,1,0,0,1,621.073697834882,760.587008713685,556.362908299232,707.92978334801,707.929875386835,0.816571530567227,1.11631039483467,0.877309745180716,0.877309631120608,204.224100414453,-139.513402917627,-151.566875048779,-131.62298732539,-82.5287196075976,139.513310878803,-9.20388243472146e-05,760.587008713685
1,1,0,1,1,0,0,2,620.811855078604,760.587008713685,745.489079480516,1006.05989179923,1006.05998383806,0.816227266527375,0.832757812510423,0.617072462722221,0.617072406269698,15.0979292331688,-139.775245673906,-260.570812318716,1.08976648706352,-88.0136150016493,139.775153635082,-9.20388243472146e-05,760.587008713685
1,1,0,1,1,0,0,3,620.811855078604,760.587008713685,871.317746994087,1193.02820071888,1193.02829275771,0.816227266527375,0.712497659114955,0.52036645462741,0.520366414482581,-110.730738280402,-139.775245673906,-321.710453724798,75.6142403918264,-88.0136150016493,139.775153635082,-9.20388243472146e-05,760.587008713685
1,1,0,1,1,1,0,1,618.009450715911,760.587008713685,580.572180127456,721.142979391946,721.143076563982,0.812542738221492,1.06448340425171,0.856986018552111,0.856985903075615,180.014828586229,-142.57765516981,-140.570799264491,-113.439252280579,-76.2037077007373,142.577557997774,-9.71720357897494e-05,760.587008713685
1,1,0,1,1,1,0,2,617.806445451909,760.587008713685,760.7916040739,1005.1524359302,1005.15253310223,0.812275832184869,0.812057391463928,0.614639554527042,0.614639495107427,-0.204595360215138,-142.780660433812,-244.360831856299,12.8223150229969,-81.3351733698296,142.780563261776,-9.71720357897494e-05,760.587008713685
1,1,0,1,1,1,0,3,617.806445451909,760.587008713685,880.911888391957,1183.63451128045,1183.63460845248,0.812275832184869,0.701326039065804,0.521957107167795,0.521957064317041,-120.324879678272,-142.780660433812,-302.722622888491,83.88784869271,-81.3351733698296,142.780563261776,-9.71720357897494e-05,760.587008713685
1,1,0,1,1,2,0,1,631.615652428746,760.587008713685,617.892580883909,752.544772927464,752.544804625494,0.83043181804662,1.02220947777882,0.839306410928491,0.839306375575964,142.694427829777,-128.97138798297,-134.652192043556,-94.0296961639335,-59.9780860870567,128.971356284939,-3.16980302069866e-05,760.587008713685
1,1,0,1,1,2,0,2,631.402009644631,760.587008713685,796.275996688683,1030.4432660976,1030.44329779563,0.830150926075461,0.792943668112964,0.612747960434368,0.612747941585292,-35.6889879749979,-129.185030767085,-234.167269408914,23.1806245171238,-60.6454412147848,129.184999069054,-3.16980302069866e-05,760.587008713685
1,1,0,1,1,2,0,3,631.402009644631,760.587008713685,911.167323103531,1201.01648860784,1201.01652030587,0.830150926075461,0.69295945281928,0.52572301515737,0.525723001282137,-150.580314389845,-129.185030767085,-289.84916550431,88.8357883037994,-60.6454412147848,129.184999069054,-3.16980302069866e-05,760.587008713685
1,1,0,0,0,0,1,1,685.990081257846,760.587008713685,846.474264872751,822.320180047015,822.320229175795,0.901921901634898,0.810408667723607,0.834212874623391,0.834212824784097,-85.8872561590655,-74.5969765846192,24.1540848257353,73.6745791218064,11.7307445069404,74.5969274558397,-4.91287795131667e-05,760.587008713685
1,1,0,0,0,0,1,2,685.977377907762,760.587008713685,855.649756288487,836.784017779153,836.784066907933,0.901905199600892,0.80170346904941,0.819778298022904,0.819778249892557,-95.0627475748017,-74.609679934703,18.8657385093333,80.1131630880501,11.4646437854486,74.6096308059234,-4.91287795131667e-05,760.587008713685
1,1,0,0,0,0,1,3,685.977377907762,760.587008713685,861.75435752592,845.854820105409,845.854869234189,0.901905199600892,0.796024263662779,0.810987135856572,0.810987088752974,-101.167348812235,-74.609679934703,15.8995374205112,83.7287318181967,11.4646437854486,74.6096308059234,-4.91287795131667e-05,760.587008713685
1,1,0,0,0,1,1,1,685.876449964006,760.587008713685,752.440936235207,776.554493820008,776.554559505512,0.901772502167726,0.911535267333735,0.883230288952497,0.883230214243739,8.14607247847773,-74.7106244351831,-24.1135575848008,3.87835592153981,-14.3625601875551,74.7105587496795,-6.56855035641041e-05,760.587008713685
1,1,0,0,0,1,1,2,685.832485249489,760.587008713685,807.69589778951,864.007719112928,864.007784798432,0.901714698505537,0.849122159870398,0.793780506907541,0.79378044656101,-47.1088890758245,-74.7545891497,-56.3118213234188,42.9488829412939,-16.207498355984,74.7545234641964,-6.56855035641041e-05,760.587008713685
1,1,0,0,0,1,1,3,685.832485249489,760.587008713685,842.942506785132,916.37191530318,916.371980988684,0.901714698505537,0.813617156246113,0.748421545658765,0.748421492011941,-82.3554980714471,-74.7545891497,-73.4294085180478,63.7402600979749,-16.207498355984,74.7545234641964,-6.56855035641041e-05,760.587008713685
1,1,0,0,0,2,1,1,660.285953431631,760.587008713685,713.310102129797,758.954233136514,758.954374827833,0.868126783480453,0.925664660377238,0.869994427335732,0.869994264914034,47.2769065838887,-100.301196973374,-45.6441310067174,-17.3691181625664,-32.5812789103243,100.301055282054,-0.000141691319417822,760.587008713685
1,1,0,0,0,2,1,2,660.163631105609,760.587008713685,787.525892976547,877.742907371529,877.743049062848,0.867965957270407,0.838275461153972,0.752115027716398,0.752114906304818,-26.9388842628622,-100.423519299395,-90.2170143949813,39.3428606063688,-37.303379561775,100.423377608076,-0.000141691319417822,760.587008713685
1,1,0,0,0,2,1,3,660.163631105609,760.587008713685,839.014146965982,954.314357984926,954.314499676245,0.867965957270407,0.786832538513055,0.691767472198126,0.691767369488332,-78.4271382522967,-100.423519299395,-115.300211018944,71.2889691039642,-37.303379561775,100.423377608076,-0.000141691319417822,760.587008713685
1,1,1,0,0,0,0,1,656.035484673607,760.587008713685,631.996226311835,732.393716464645,732.393785428196,0.862538377802564,1.0380370283254,0.895741552563247,0.895741468218568,128.59078240185,-104.551593003629,-100.397490152809,-80.5805768442726,-54.8449638151138,104.551524040078,-6.89635510421361e-05,760.587008713685
1,1,1,0,0,0,0,2,655.855217423404,760.587008713685,762.20129787782,937.64321664967,937.643285613221,0.862301367114585,0.860475072988575,0.699472044139418,0.699471992693333,-1.61428916413477,-104.731860253833,-175.441918771849,10.7863318174907,-58.6210736620683,104.731791290282,-6.89635510421361e-05,760.587008713685
1,1,1,0,0,0,0,3,655.855217423404,760.587008713685,848.828815139578,1066.36269471767,1066.36276368122,0.862301367114585,0.772658992868376,0.615039536428126,0.61503949665244,-88.2418064258928,-104.731860253833,-217.533879578092,62.0931625833178,-58.6210736620683,104.731791290282,-6.89635510421361e-05,760.587008713685
1,1,1,0,0,1,0,1,656.207855733805,760.587008713685,649.544964277359,738.157297904246,738.157374906421,0.862765006785473,1.01025778325271,0.888981058098173,0.888980965362563,111.042044436326,-104.379229982055,-88.6123336268872,-68.5237864260799,-48.3839031733703,104.37915297988,-7.70021746059165e-05,760.587008713685
1,1,1,0,0,1,0,2,656.147269960888,760.587008713685,774.922094967089,936.27516139605,936.275238398225,0.862685350188367,0.846726753853567,0.700806020510603,0.700805962874146,-14.3350862534034,-104.439815754971,-161.353066428962,19.6903912328703,-52.2996142635869,104.439738752797,-7.70021746059165e-05,760.587008713685
1,1,1,0,0,1,0,3,656.147269960888,760.587008713685,856.109783109261,1056.89209881963,1056.8921758218,0.862685350188367,0.766428889035541,0.620827112525202,0.620827067293494,-95.5227743955753,-104.439815754971,-200.782315710365,67.53697901679,-52.2996142635869,104.439738752797,-7.70021746059165e-05,760.587008713685
1,1,1,0,0,2,0,1,654.875664720009,760.587008713685,657.23110035149,735.731450361524,735.731507833129,0.861013476719176,0.996416122684666,0.890101496134514,0.89010142660431,103.355908362195,-105.711401465282,-78.5003500100343,-60.1764285718007,-47.4901548481575,105.711343993677,-5.74716049540929e-05,760.587008713685
1,1,1,0,0,2,0,2,654.711632925376,760.587008713685,771.862119705395,914.469880305265,914.46993777687,0.860797811985551,0.848223557304855,0.715946634247617,0.715946589252587,-11.2751109917094,-105.875433259914,-142.60776059987,20.7535300278989,-50.1580443429041,105.87537578831,-5.74716049540929e-05,760.587008713685
1,1,1,0,0,2,0,3,654.711632925376,760.587008713685,846.672839339009,1025.31309633278,1025.31315380439,0.860797811985551,0.773275818598958,0.6385480057429,0.638547969950539,-86.0858306253237,-105.875433259914,-178.640256993773,66.2863768265663,-50.1580443429041,105.87537578831,-5.74716049540929e-05,760.587008713685
1,1,1,0,1,0,0,1,623.068269163189,760.587008713685,559.282626372511,708.682604647147,708.682695370125,0.81919394102843,1.1140490331416,0.879192271797633,0.87919215924664,201.304382341174,-137.518830273475,-149.399978274635,-129.741221098128,-81.3488363630937,137.518739550496,-9.07229785761005e-05,760.587008713685
1,1,1,0,1,0,0,2,622.810169878059,760.587008713685,745.70492911218,1002.55045480433,1002.55054552731,0.818854598806998,0.835196530911448,0.621225761649685,0.621225705433615,14.8820796015057,-137.776929558604,-256.845525692152,1.07418648988652,-86.7553161921873,137.776838835626,-9.07229785761005e-05,760.587008713685
1,1,1,0,1,0,0,3,622.810169878059,760.587008713685,869.734669692394,1186.84574545839,1186.84583618136,0.818854598806998,0.716092150377694,0.524760839613169,0.524760799500236,-109.147660978709,-137.776929558604,-317.111075765992,74.5332109549418,-86.7553161921873,137.776838835626,-9.07229785761005e-05,760.587008713685
1,1,1,0,1,1,0,1,621.331624737875,760.587008713685,571.733869581319,715.554838609133,715.554933807401,0.816910646145113,1.08674972359584,0.868321463587047,0.86832134806454,188.853139132367,-139.255479174079,-143.820969027814,-120.463583681338,-78.0197983821655,139.25538397581,-9.51982687729708e-05,760.587008713685
1,1,1,0,1,1,0,2,621.121816259655,760.587008713685,754.073270837638,1002.96993255256,1002.97002775083,0.816634795419534,0.823688944138946,0.619282588740121,0.619282529960069,6.51373787604752,-139.465287652299,-248.896661714925,7.36364107568306,-83.2639077558217,139.46519245403,-9.51982687729708e-05,760.587008713685
1,1,1,0,1,1,0,3,621.121816259655,760.587008713685,875.352546756345,1183.17370065599,1183.17379585426,0.816634795419534,0.709567611999586,0.52496249360114,0.524962451362611,-114.765538042659,-139.465287652299,-307.821153899642,79.1179698254971,-83.2639077558217,139.46519245403,-9.51982687729708e-05,760.587008713685
1,1,1,0,1,2,0,1,630.867055984553,760.587008713685,635.143661950464,750.869467625605,750.86951371755,0.829447582928722,0.993266710789843,0.840182059845205,0.840182008270831,125.443346763221,-129.719998821077,-115.725805675141,-78.3814847235091,-56.1726578724644,129.719952729132,-4.60919451941677e-05,760.587008713685
1,1,1,0,1,2,0,2,630.664904082736,760.587008713685,795.701826375766,1001.0902652132,1001.09031130515,0.829181798870486,0.792589489149805,0.629978060917837,0.629978031912548,-35.1148176620813,-129.922150722895,-205.388438837435,29.1946291911266,-57.6172158040688,129.922104630949,-4.60919451941677e-05,760.587008713685
1,1,1,0,1,2,0,3,630.664904082736,760.587008713685,899.501596865296,1155.11833546087,1155.11838155281,0.829181798870486,0.701127053337717,0.545974282220284,0.545974260434623,-138.914588151611,-129.922150722895,-255.616738595571,89.5261529795288,-57.6172158040688,129.922104630949,-4.60919451941677e-05,760.587008713685
1,1,1,1,0,0,0,1,644.635954884319,760.587008713685,621.873463125283,731.115720866215,731.115797347369,0.84755057278001,1.03660309228286,0.881715351600652,0.881715259365457,138.713545588402,-115.951130310521,-109.242257740932,-86.4882908028834,-59.70879442779,115.951053829367,-7.64811549501567e-05,760.587008713685
1,1,1,1,0,0,0,2,644.438576145509,760.587008713685,764.437976553567,955.84809705824,955.848173539395,0.847291064352246,0.843022711994152,0.67420605651553,0.674206002569663,-3.85096783988127,-116.148509049331,-191.410120504674,13.5514290033428,-63.8433435394964,116.148432568176,-7.64811549501567e-05,760.587008713685
1,1,1,1,0,0,0,3,644.438576145509,760.587008713685,859.28842822483,1096.78600015833,1096.78607663949,0.847291064352246,0.749967711629528,0.58757002373524,0.58756998276277,-98.7014195111443,-116.148509049331,-237.497571933502,69.7284524917911,-63.8433435394964,116.148432568176,-7.64811549501567e-05,760.587008713685
1,1,1,1,0,1,0,1,645.980496155477,760.587008713685,642.299981755752,738.098736659205,738.098819682461,0.849318340643193,1.00573021096725,0.875195233471506,0.875195135027293,118.287026957933,-114.606595581464,-95.7987549034531,-72.4462626024874,-52.2883929363648,114.606512558209,-8.30232554893014e-05,760.587008713685
1,1,1,1,0,1,0,2,645.906312511903,760.587008713685,777.804568181469,952.1510384958,952.151121519055,0.849220805919717,0.830422369493215,0.678365392041477,0.678365332891094,-17.2175594677839,-114.680779225038,-174.346470314331,22.8412213830523,-56.4747558479831,114.680696201782,-8.30232554893014e-05,760.587008713685
1,1,1,1,0,1,0,3,645.906312511903,760.587008713685,865.851938098582,1082.96111931358,1082.96120233684,0.849220805919717,0.745977786837687,0.596426132935686,0.596426087211759,-105.264929384897,-114.680779225038,-217.109181215001,74.7519980472158,-56.4747558479831,114.680696201782,-8.30232554893014e-05,760.587008713685
1,1,1,1,0,2,0,1,648.726387618116,760.587008713685,651.441573101846,753.469486871807,753.469526736338,0.852928567259189,0.995832035295503,0.860985612451866,0.860985566898878,109.145435611839,-111.860660960101,-102.027913769961,-68.9361186921535,-48.1936686955088,111.860621095569,-3.98645315121796e-05,760.587008713685
1,1,1,1,0,2,0,2,648.551260445094,760.587008713685,792.770279261918,973.087442081913,973.087481946445,0.852698314610886,0.818082207936587,0.666488161698525,0.666488134394466,-32.1832705482325,-112.035788133122,-180.317162819996,24.9716631933791,-48.8875287637796,112.035748268591,-3.98645315121796e-05,760.587008713685
1,1,1,1,0,2,0,3,648.551260445094,760.587008713685,883.523074357459,1107.69301980466,1107.69305966919,0.852698314610886,0.734051299018707,0.585497289275569,0.58549726820423,-122.936065643773,-112.035788133122,-224.169945447197,77.6319067394781,-48.8875287637796,112.035748268591,-3.98645315121796e-05,760.587008713685
1,1,1,1,1,0,0,1,617.739441364417,760.587008713685,551.482115750173,706.671317806004,706.671412044482,0.812187736954837,1.12014410571432,0.87415383332991,0.874153716756739,209.104892963513,-142.847661587747,-155.189202055831,-134.768671377953,-84.5010899543231,142.847567349268,-9.42384785858006e-05,760.587008713685
1,1,1,1,1,0,0,2,617.471340775829,760.587008713685,745.128251055478,1011.92649724065,1011.92659147913,0.811835245279965,0.828677935511341,0.610193865324771,0.61019380849877,15.4587576582074,-143.115762176335,-266.798246185173,1.11581103390926,-90.1170699584543,143.115667937856,-9.42384785858006e-05,760.587008713685
1,1,1,1,1,0,0,3,617.471340775829,760.587008713685,873.964123015595,1203.36319910332,1203.36329334179,0.811835245279965,0.706517950239487,0.513121342946117,0.513121302762263,-113.37711430191,-143.115762176335,-329.399076087721,77.4213602193014,-90.1170699584543,143.115667937856,-9.42384785858006e-05,760.587008713685
1,1,1,1,1,1,0,1,615.579763942549,760.587008713685,568.725743890575,715.790609162009,715.790707808109,0.809348249299742,1.08238420812719,0.859999776559267,0.859999658039114,191.86126482311,-145.007343417236,-147.064865271434,-121.942398926074,-79.8010792911777,145.007244771136,-9.86460999140996e-05,760.587008713685
1,1,1,1,1,1,0,2,615.368243511209,760.587008713685,756.494037525998,1011.78591572526,1011.78601437136,0.809070147742765,0.813447579208529,0.608200048989719,0.60819998969204,4.09297118768703,-145.218863848576,-255.291878199259,9.70402191360614,-85.2152902074729,145.218765202476,-9.86460999140996e-05,760.587008713685
1,1,1,1,1,1,0,3,615.368243511209,760.587008713685,881.280018273762,1197.19931103305,1197.19940967915,0.809070147742765,0.69826642015166,0.514006513234807,0.514006470882015,-120.693009560076,-145.218863848576,-315.919292759284,83.5231820112403,-85.2152902074729,145.218765202476,-9.86460999140996e-05,760.587008713685
1,1,1,1,1,2,0,1,628.625783327466,760.587008713685,632.281652188438,762.759408924902,762.759442793574,0.82650081598239,0.994217974144405,0.824146875111649,0.824146838517202,128.305356525247,-131.961259254891,-130.477756736464,-83.7797506835966,-56.0069540749503,131.961225386219,-3.38686715676283e-05,760.587008713685
1,1,1,1,1,2,0,2,628.418579161527,760.587008713685,809.044899974,1037.70237142672,1037.70240529539,0.826228389338804,0.77674128986132,0.605586530844605,0.60558651107939,-48.4578912603149,-132.168463420829,-228.65747145272,31.2953183276019,-56.0675427082059,132.168429552158,-3.38686715676283e-05,760.587008713685
1,1,1,1,1,2,0,3,628.418579161527,760.587008713685,922.392374363675,1205.96539674276,1205.96543061143,0.826228389338804,0.681292036477481,0.521091716942169,0.521091702307683,-161.80536564999,-132.168463420829,-283.573022379082,95.730466733652,-56.0675427082059,132.168429552158,-3.38686715676283e-05,760.587008713685
1,1,1,0,0,0,1,1,691.976401975709,760.587008713685,836.572339901063,815.979450346787,815.97949553433,0.909792560283128,0.827156683255324,0.848031652857952,0.848031605895416,-75.9853311873781,-68.6106519255187,20.5928895542764,65.539978657875,9.92763931258741,68.6106067379761,-4.51875426086756e-05,760.587008713685
1,1,1,0,0,0,1,2,691.962754163322,760.587008713685,846.430006152615,831.518638235458,831.518683423,0.909774616494671,0.817507353394273,0.832167461251039,0.83216741602824,-85.8429974389293,-68.6242997379058,14.9113679171567,72.4572552369765,9.64175466805873,68.6242545503632,-4.51875426086756e-05,760.587008713685
1,1,1,0,0,0,1,3,691.962754163322,760.587008713685,852.98846922242,841.263832025587,841.26387721313,0.909774616494671,0.811221697749457,0.822527639750327,0.82252759556918,-92.4014605087348,-68.6242997379058,11.7246371968326,76.3416324584738,9.64175466805873,68.6242545503632,-4.51875426086756e-05,760.587008713685
1,1,1,0,0,1,1,1,691.841193577154,760.587008713685,746.119780374703,771.721293301218,771.721355457583,0.909614791800355,0.927252180916192,0.896490999513104,0.89649092730748,14.4672283389824,-68.7458772928966,-25.601512926515,-1.69335302961864,-15.0207832701029,68.7458151365316,-6.21563650135922e-05,760.587008713685
1,1,1,0,0,1,1,2,691.810544865927,760.587008713685,800.729337615957,858.196964860814,858.197027017179,0.909574495672659,0.863975518776022,0.806120940987163,0.806120882602497,-40.1423289022715,-68.7765260041236,-57.4676272448569,36.9363722451495,-16.8680371332891,68.7764638477585,-6.21563650135922e-05,760.587008713685
1,1,1,0,0,1,1,3,691.810544865927,760.587008713685,835.354020601439,909.63507613006,909.635138286425,0.909574495672659,0.828164500085648,0.760536354654613,0.760536302686331,-74.7670118877537,-68.7765260041236,-74.2810555286207,57.3341202601487,-16.8680371332891,68.7764638477585,-6.21563650135922e-05,760.587008713685
1,1,1,0,0,2,1,1,666.111201607683,760.587008713685,691.35704467906,744.165309721507,744.165455337874,0.875785668143634,0.963483639509167,0.895111869507818,0.895111694354648,69.2299640346248,-94.4759527223692,-52.8082650424469,-33.4306573737518,-38.346557526441,94.4758071060023,-0.000145616366820122,760.587008713685
1,1,1,0,0,2,1,2,665.980260197404,760.587008713685,768.74960918304,868.297210583489,868.297356199856,0.875613509785973,0.866316226040297,0.766995738417576,0.766995609789828,-8.16260046935434,-94.6068941326478,-99.5476014004496,26.4933921272173,-43.6860472314856,94.6067485162809,-0.000145616366820122,760.587008713685
1,1,1,0,0,2,1,3,665.980260197404,760.587008713685,822.763425242659,948.628296617061,948.628442233428,0.875613509785973,0.809443200517798,0.702045535192637,0.702045427427241,-62.1764165289739,-94.6068941326478,-125.864871374402,60.265997355666,-43.6860472314856,94.6067485162809,-0.000145616366820122,760.587008713685
1,2,0,0,0,0,0,1,639.922886336598,760.587008713685,604.143494204892,724.34635003024,724.346429625324,0.841353952940695,1.05922333431529,0.883448762197646,0.883448665119541,156.443514508793,-120.664201972172,-120.202855825347,-98.9324051691251,-65.5979748651438,120.664122377088,-7.95950841167096e-05,760.587008713685
1,2,0,0,0,0,0,2,639.709594319082,760.587008713685,758.201995534105,967.197338987689,967.197418582773,0.841073522148331,0.843719217421009,0.661405453191828,0.661405398761759,2.38501317958067,-120.877493989687,-208.995343453584,9.17282337706859,-70.0658639948039,120.877414394603,-7.95950841167096e-05,760.587008713685
1,2,0,0,0,0,0,3,639.709594319082,760.587008713685,860.699581247988,1119.49808767999,1119.49816727508,0.841073522148331,0.743243761535846,0.571425356915788,0.571425316288075,-100.112572534303,-120.877493989687,-258.798506432005,69.8790106297606,-70.0658639948039,120.877414394603,-7.95950841167096e-05,760.587008713685
1,2,0,0,0,1,0,1,640.458136112245,760.587008713685,625.267252558831,730.901059904169,730.901154821316,0.842057685412476,1.02429502503329,0.876258321743599,0.876258207949909,135.319756154854,-120.128967518587,-105.633807345338,-84.0779415028314,-58.1690501034098,120.12887260144,-9.4917146833654e-05,760.587008713685
1,2,0,0,0,1,0,2,640.325022478033,760.587008713685,771.832301906448,962.430085943559,962.430180860706,0.841882671071334,0.829616771540155,0.665321078206178,0.665321012590635,-11.2452931927626,-120.262081152799,-190.597784037112,19.1230798241089,-62.7396807423502,120.261986235652,-9.4917146833654e-05,760.587008713685
1,2,0,0,0,1,0,3,640.325022478033,760.587008713685,867.173211835872,1104.08199202714,1104.08208694429,0.841882671071334,0.738404984999959,0.579961476685593,0.57996142682672,-106.586203122187,-120.262081152799,-236.908780191272,75.4292443108412,-62.7396807423502,120.261986235652,-9.4917146833654e-05,760.587008713685
1,2,0,0,0,2,0,1,636.632010235832,760.587008713685,673.882056532118,750.085262981427,750.085332615667,0.83702719470914,0.944723196091644,0.848746191473429,0.848746112680001,86.7049521815671,-123.955068112092,-76.2032064493093,-46.0785529455557,-45.0307696548361,123.954998477853,-6.96342391558715e-05,760.587008713685
1,2,0,0,0,2,0,2,636.461994939385,760.587008713685,796.292768237976,939.552877808889,939.552947443128,0.836803663023087,0.79928139539398,0.677409446527016,0.67740939632134,-35.7057595242904,-124.12508340854,-143.260109570913,38.833376274193,-46.6899917654818,124.125013774301,-6.96342391558715e-05,760.587008713685
1,2,0,0,0,2,0,3,636.461994939385,760.587008713685,874.856303712335,1055.80655890071,1055.80662853495,0.836803663023087,0.727504611029998,0.602820648890512,0.602820609132325,-114.26929499865,-124.12508340854,-180.950255188375,86.6045936681942,-46.6899917654818,124.125013774301,-6.96342391558715e-05,760.587008713685
1,2,0,0,1,0,0,1,610.705354858398,760.587008713685,568.103382201127,716.419342016616,716.419440884011,0.80293950312303,1.07498982402148,0.852441187781657,0.852441070142975,192.483626512558,-149.881752722682,-148.315959815489,-121.528405455908,-80.9546890126761,149.881653855287,-9.88673945319398e-05,760.587008713685
1,2,0,0,1,0,0,2,610.441617807023,760.587008713685,758.597782099546,1016.7062655362,1016.70636440359,0.802592748513297,0.804697340555787,0.600410992338169,0.60041093395251,1.98922661413901,-150.145489774056,-258.108483436654,12.1444555683717,-86.4792647499703,150.145390906662,-9.88673945319398e-05,760.587008713685
1,2,0,0,1,0,0,3,610.441617807023,760.587008713685,885.336754068896,1205.02719217058,1205.02729103797,0.802592748513297,0.689502175303929,0.506579122673119,0.506579081110444,-124.749745355211,-150.145489774056,-319.690438101681,87.208074979486,-86.4792647499703,150.145390906662,-9.88673945319398e-05,760.587008713685
1,2,0,0,1,1,0,1,606.50379704556,760.587008713685,590.28094666314,726.853200792803,726.853315830191,0.797415404282657,1.02748326957549,0.834424057545631,0.834423925483271,170.306062050546,-154.083326705513,-136.572254129663,-104.903715846182,-74.7862594594149,154.083211668125,-0.000115037387919589,760.587008713685
1,2,0,0,1,1,0,2,606.296614560661,760.587008713685,774.52565302113,1017.48190124492,1017.48201628231,0.797143006144738,0.782797331754899,0.595879507850546,0.595879440479898,-13.9386443074447,-154.290509190412,-242.956248223791,24.473102685575,-80.2409230820661,154.290394153024,-0.000115037387919589,760.587008713685
1,2,0,0,1,1,0,3,606.296614560661,760.587008713685,896.201071198661,1198.27077091599,1198.27088595338,0.797143006144738,0.676518511353423,0.505976302916238,0.505976254341084,-135.614062484976,-154.290509190412,-302.069699717327,96.4373593907756,-80.2409230820661,154.290394153024,-0.000115037387919589,760.587008713685
1,2,0,0,1,2,0,1,611.168613115674,760.587008713685,665.519847977013,759.437696430925,759.437780898662,0.803548583020489,0.918332661262395,0.804764651515114,0.804764562005939,95.0671607366726,-149.418480065748,-93.9178484539122,-50.2066278988241,-51.4902907691993,149.418395598011,-8.44677370427282e-05,760.587008713685
1,2,0,0,1,2,0,2,610.9692601061,760.587008713685,814.468061695085,990.717448107798,990.717532575535,0.803286478872915,0.750145142382305,0.616693751859331,0.616693699280544,-53.8810529813997,-149.617833075323,-176.249386412713,51.7815696954305,-53.3122191280741,149.617748607585,-8.44677370427282e-05,760.587008713685
1,2,0,0,1,2,0,3,610.9692601061,760.587008713685,910.435358001998,1132.89696016107,1132.89704462881,0.803286478872915,0.671073739322808,0.5392981723768,0.539298132167236,-149.848349288313,-149.617833075323,-222.461602159077,109.088137062909,-53.3122191280741,149.617748607585,-8.44677370427282e-05,760.587008713685
1,2,0,1,0,0,0,1,630.926112655587,760.587008713685,570.78519202968,711.648430868752,711.648516407805,0.829525229102476,1.1053652432924,0.886569948429981,0.886569841865642,189.801816684005,-129.660981597151,-140.863238839072,-122.327786294741,-76.7005504166164,129.660896058099,-8.553905259521e-05,760.587008713685
1,2,0,1,0,0,0,2,630.68276120624,760.587008713685,746.555293598738,988.724623528709,988.724709067762,0.829205276951626,0.844790421572207,0.637875042451522,0.637874987266063,14.0317151149472,-129.904333046497,-242.169329929971,1.01280729642702,-81.7981030952672,129.904247507445,-8.553905259521e-05,760.587008713685
1,2,0,1,0,0,0,3,630.68276120624,760.587008713685,863.497954315745,1162.48925083405,1162.4893363731,0.829205276951626,0.730381303226141,0.542527821873402,0.542527781952764,-102.91094560206,-129.904333046497,-298.991296518306,70.2743709700485,-81.7981030952672,129.904247507445,-8.553905259521e-05,760.587008713685
1,2,0,1,0,1,0,1,637.902580391709,760.587008713685,598.286319044342,719.903713693767,719.903810087676,0.838697707275514,1.0662162247177,0.886094304360069,0.886094185713533,162.300689669344,-122.684524715885,-121.617394649425,-103.640801842394,-66.4650635657042,122.684428321976,-9.63939083397505e-05,760.587008713685
1,2,0,1,0,1,0,2,637.763504604392,760.587008713685,759.253565916553,974.068655405261,974.06875179917,0.83851485405067,0.839987499873641,0.6547418409014,0.654741776108103,1.33344279713226,-122.823600503202,-214.815089488708,9.55995634845215,-71.392304188171,122.823504109293,-9.63939083397505e-05,760.587008713685
1,2,0,1,0,1,0,3,637.763504604392,760.587008713685,864.417111105261,1130.31531934186,1130.31541573576,0.83851485405067,0.737796020475502,0.564235035738292,0.564234987620024,-103.830102391576,-122.823600503202,-265.898208236595,71.6634152787019,-71.392304188171,122.823504109293,-9.63939083397505e-05,760.587008713685
1,2,0,1,0,2,0,1,627.903082407647,760.587008713685,596.428609155194,710.518246855831,710.518324046933,0.825550627625845,1.05277156858226,0.883725485145848,0.883725389137424,164.158399558491,-132.684003497142,-114.089637700637,-99.9439716240353,-70.0235165759518,132.683926306039,-7.71911028874403e-05,760.587008713685
1,2,0,1,0,2,0,2,627.674920614486,760.587008713685,752.17310283247,954.354971121804,954.355048312907,0.825250646439542,0.834482007201323,0.657695448347359,0.657695395150976,8.4139058812157,-132.912165290302,-202.181868289335,11.4253806136324,-74.6235875535198,132.912088099199,-7.71911028874403e-05,760.587008713685
1,2,0,1,0,2,0,3,627.674920614486,760.587008713685,854.805537189807,1106.51125771938,1106.51133491048,0.825250646439542,0.734289722406317,0.56725579268681,0.567255753114599,-94.2185284761216,-132.912165290302,-251.705720529573,74.0971960458414,-74.6235875535198,132.912088099199,-7.71911028874403e-05,760.587008713685
1,2,0,1,1,0,0,1,606.334383793404,760.587008713685,534.787023303842,702.366648358749,702.366750121299,0.797192664148767,1.13378664285373,0.863273313461356,0.863273188385826,225.799985409843,-154.252726682831,-167.579625054907,-145.528703798221,-91.2477207414336,154.252624920281,-0.000101762549829155,760.587008713685
1,2,0,1,1,0,0,2,606.044877851513,760.587008713685,743.894012178752,1031.99363166731,1031.99373342986,0.79681202927258,0.814692507171149,0.587256412495855,0.587256354587838,16.6929965349333,-154.542232624722,-288.099619488558,1.20489822885597,-97.3120848269553,154.542130862173,-0.000101762549829155,760.587008713685
1,2,0,1,1,0,0,3,606.044877851513,760.587008713685,883.016237376682,1238.71478426626,1238.71488602881,0.79681202927258,0.686334919108609,0.48925296246504,0.489252922272071,-122.429228662996,-154.542232624722,-355.698546889582,83.6027400419505,-97.3120848269553,154.542130862173,-0.000101762549829155,760.587008713685
1,2,0,1,1,1,0,1,606.640835708422,760.587008713685,565.399152912164,715.792456494107,715.792571482047,0.797595579149296,1.07294259742668,0.847509400531684,0.847509264384196,195.187855801521,-153.946287993203,-150.393303581943,-123.330868261812,-81.9252138223845,153.946173005263,-0.000114987940428745,760.587008713685
1,2,0,1,1,1,0,2,606.434148454332,760.587008713685,761.438942720452,1024.98264490195,1024.98275988989,0.797323832127953,0.796431748404774,0.591653089416305,0.59165302304156,-0.851934006766603,-154.152975247294,-263.543702181494,14.247109032948,-87.6855265104776,154.152860259353,-0.000114987940428745,760.587008713685
1,2,0,1,1,1,0,3,606.434148454332,760.587008713685,891.05131750926,1217.56353461,1217.56364959794,0.797323832127953,0.680582741462621,0.498071871582933,0.498071824544523,-130.464308795575,-154.152975247294,-326.512217100737,90.884140760204,-87.6855265104776,154.152860259353,-0.000114987940428745,760.587008713685
1,2,0,1,1,2,0,1,606.458400609097,760.587008713685,591.075051613425,719.133322020006,719.133411805226,0.797355718229724,1.02602605025146,0.843318452975575,0.843318347685608,169.51195710026,-154.128697889808,-128.058270406581,-102.173057572163,-74.9622704411991,154.128608104588,-8.97852197284095e-05,760.587008713685
1,2,0,1,1,2,0,2,606.206640162185,760.587008713685,768.402980384472,996.931039300497,996.931129085716,0.797024710147771,0.788917606564811,0.608072791662234,0.608072736898221,-7.81597167078642,-154.38045833672,-228.528058916025,23.0159005745772,-79.6483497445032,154.3803685515,-8.97852197284095e-05,760.587008713685
1,2,0,1,1,2,0,3,606.206640162185,760.587008713685,885.144121654702,1170.1009767874,1170.10106657262,0.797024710147771,0.684867724172345,0.518080620551715,0.518080580797899,-124.557112941017,-154.38045833672,-284.9568551327,93.4035246770667,-79.6483497445032,154.3803685515,-8.97852197284095e-05,760.587008713685
1,2,0,0,0,0,1,1,670.301142728115,760.587008713685,768.521837125281,791.062652183426,791.062711686039,0.881294493659229,0.872195310982225,0.847342673652971,0.84734260991706,-7.93482841159543,-90.2859254881825,-22.5408150581457,18.2703601322961,-13.294208969756,90.2858659855703,-5.95026122469168e-05,760.587008713685
1,2,0,0,0,0,1,2,670.223112526509,760.587008713685,824.882201933693,879.906631669356,879.906691171968,0.881191901581384,0.812507665888981,0.761697989768486,0.761697938259593,-64.2951932200081,-90.3639556897889,-55.0244297356629,57.8192981395555,-14.928730006236,90.3638961871766,-5.95026122469168e-05,760.587008713685
1,2,0,0,0,0,1,3,670.223112526509,760.587008713685,862.379654349327,935.623944786338,935.62400428895,0.881191901581384,0.777178716063516,0.716338135915881,0.716338090359129,-101.792645635642,-90.3639556897889,-73.2442904370108,80.0278931224328,-14.928730006236,90.3638961871766,-5.95026122469168e-05,760.587008713685
1,2,0,0,0,1,1,1,670.272812247826,760.587008713685,772.361625878053,787.099871950902,787.099951244681,0.881257245481223,0.867822519646586,0.851572762407508,0.85157267661863,-11.7746171643677,-90.3142757596384,-14.738246072849,20.0331314888744,-9.96441277478403,90.3141964658597,-7.92937786388591e-05,760.587008713685
1,2,0,0,0,1,1,2,670.271769928909,760.587008713685,831.301452471646,880.878232633412,880.878311927191,0.881255875067445,0.806292071228844,0.760913080943222,0.76091301244832,-70.7144437579605,-90.3153180785545,-49.5767801617662,62.1252351728216,-12.2720544387937,90.3152387847759,-7.92937786388591e-05,760.587008713685
1,2,0,0,0,1,1,3,670.271769928909,760.587008713685,866.774007011935,933.565507571094,933.565586864873,0.881255875067445,0.773294727929791,0.717969724130865,0.717969663149041,-106.18699829825,-90.3153180785545,-66.7915005591591,82.9264756375538,-12.2720544387937,90.3152387847759,-7.92937786388591e-05,760.587008713685
1,2,0,0,0,2,1,1,636.691104323288,760.587008713685,643.638467355649,721.830745985363,721.830920652048,0.837104890077031,0.989206109664477,0.882050408443253,0.882050195007092,116.948541358036,-123.896079057082,-78.1922786297144,-62.3561387638869,-57.390716648812,123.895904390398,-0.000174666684285145,760.587008713685
1,2,0,0,0,2,1,2,636.502725464049,760.587008713685,755.154458925448,899.07872734248,899.078902009164,0.836857214456648,0.842877530472064,0.707949933756569,0.707949796221068,5.43254978823741,-124.084457916321,-143.924268417032,23.4203160926826,-64.1666866214988,124.084283249636,-0.000174666684285145,760.587008713685
1,2,0,0,0,2,1,3,636.502725464049,760.587008713685,831.636136770304,1012.60810298772,1012.6082776544,0.836857214456648,0.765362034333833,0.628577554915903,0.628577446491392,-71.0491280566183,-124.084457916321,-180.971966217412,71.801452314596,-64.1666866214988,124.084283249636,-0.000174666684285145,760.587008713685
1,2,1,0,0,0,0,1,640.067968344102,760.587008713685,584.167336302119,715.098888407308,715.098967915354,0.84154470298749,1.09569284102025,0.895076161801457,0.895076062282705,176.419672411566,-120.51911987763,-130.931552105189,-113.702957969468,-71.2927105477309,120.519040369583,-7.95080463448187e-05,760.587008713685
1,2,1,0,0,0,0,2,639.841774603048,760.587008713685,747.544612032769,972.639580040914,972.63965954896,0.841247309344866,0.855924535210215,0.657840568832427,0.657840515057509,13.0423966809166,-120.745313618683,-225.094968008145,0.941398425860041,-76.0308557845888,120.745234110637,-7.95080463448187e-05,760.587008713685
1,2,1,0,0,0,0,3,639.841774603048,760.587008713685,856.242127446855,1134.15277923733,1134.15285874538,0.841247309344866,0.74726733723197,0.564158362362178,0.564158322812722,-95.65511873317,-120.745313618683,-277.91065179048,65.3196145435504,-76.0308557845888,120.745234110637,-7.95080463448187e-05,760.587008713685
1,2,1,0,0,1,0,1,640.61130321063,760.587008713685,604.661697250159,721.570064521296,721.570159703306,0.842259065526297,1.05945408171869,0.887801940114608,0.887801823005036,155.925311463526,-119.975800685065,-116.908367271137,-99.3673860261355,-64.0186995745865,119.975705503055,-9.51820092713606e-05,760.587008713685
1,2,1,0,0,1,0,2,640.480174358507,760.587008713685,761.074988183733,968.620289281688,968.620384463697,0.842086660724978,0.841546738892287,0.661229360406518,0.661229295430455,-0.487979470047968,-120.106929537188,-207.545301097955,10.7023712168902,-68.8610845653412,120.106834355179,-9.51820092713606e-05,760.587008713685
1,2,1,0,0,1,0,3,640.480174358507,760.587008713685,862.943492675321,1119.96978866992,1119.96988385193,0.842086660724978,0.742204072218996,0.571872724459062,0.57187267585776,-102.356483961636,-120.106929537188,-257.026295994598,70.8466922147606,-68.8610845653412,120.106834355179,-9.51820092713606e-05,760.587008713685
1,2,1,0,0,2,0,1,638.43279619026,760.587008713685,667.999709795151,746.703789891876,746.703860462641,0.83939482120525,0.955738134057037,0.855001413991358,0.855001333185422,92.5872989185347,-122.15428309419,-78.7040800967256,-50.4039183266557,-46.8438007078389,122.154212523425,-7.05707650048165e-05,760.587008713685
1,2,1,0,0,2,0,2,638.260613755291,760.587008713685,790.685027383304,937.398439869937,937.398510440702,0.839168440221883,0.807224864074577,0.680885082168314,0.680885030908811,-30.0980186696188,-122.326465529159,-146.713412486633,35.3216151341102,-49.0942401614513,122.326394958394,-7.05707650048165e-05,760.587008713685
1,2,1,0,0,2,0,3,638.260613755291,760.587008713685,870.145900102997,1055.07768772289,1055.07775829366,0.839168440221883,0.733509878837264,0.604941817254054,0.604941776791438,-109.558891389311,-122.326465529159,-184.931787619893,83.5434506276169,-49.0942401614513,122.326394958394,-7.05707650048165e-05,760.587008713685
1,2,1,0,1,0,0,1,608.06000557854,760.587008713685,547.150453870896,707.550717492639,707.550818112545,0.799461466751712,1.11132139483159,0.859387165535404,0.859387043323042,213.436554842789,-152.527103755052,-160.400263621742,-136.636627784061,-87.4102002289128,152.527003135145,-0.000100619906691484,760.587008713685
1,2,1,0,1,0,0,2,607.78015773205,760.587008713685,749.281505621575,1026.18114290334,1026.18124352324,0.799093530087946,0.811150619856631,0.592273753942194,0.592273695868115,11.3055030921107,-152.806951601542,-276.899637281763,5.20185147710357,-93.272253417096,152.806850981635,-0.000100619906691484,760.587008713685
1,2,1,0,1,0,0,3,607.78015773205,760.587008713685,883.762528242844,1226.00595133638,1226.00605195629,0.799093530087946,0.687718859205854,0.495739973423093,0.49573993273707,-123.175519529159,-152.806951601542,-342.243423093535,84.8508508590905,-93.272253417096,152.806850981635,-0.000100619906691484,760.587008713685
1,2,1,0,1,1,0,1,604.232288986345,760.587008713685,566.098093218774,716.687886574937,716.688003327393,0.794428884616673,1.06736322949039,0.84308985864681,0.84308972130279,194.488915494911,-156.354836479797,-150.589793356163,-122.488039963512,-82.1101874822421,156.354719727341,-0.000116752456140173,760.587008713685
1,2,1,0,1,1,0,2,604.021877767958,760.587008713685,763.433055192065,1027.93502667631,1027.93514342876,0.794152241424012,0.791191675105026,0.587607058902336,0.587606992162165,-2.84604647838009,-156.565247698183,-264.50197148424,16.0199705432604,-87.9210685300399,156.565130945727,-0.000116752456140173,760.587008713685
1,2,1,0,1,1,0,3,604.021877767958,760.587008713685,893.849227226065,1221.71028209742,1221.71039884988,0.794152241424012,0.675753649910796,0.494406805458801,0.494406758210935,-133.26221851238,-156.565247698183,-327.861054871358,93.1354416523911,-87.9210685300399,156.565130945727,-0.000116752456140173,760.587008713685
1,2,1,0,1,2,0,1,609.587396549135,760.587008713685,652.845890575101,751.336060363161,751.336145723958,0.801469640639902,0.933738582641826,0.81133786691203,0.811337774734318,107.741118138584,-150.999697525347,-98.4901697880602,-58.490860983331,-55.9027435505289,150.99961216455,-8.53607969138718e-05,760.587008713685
1,2,1,0,1,2,0,2,609.378543381849,760.587008713685,805.452415043461,988.982219536685,988.982304897481,0.80119504593227,0.75656678408366,0.616167339861103,0.61616728667862,-44.8654063297761,-151.208550692633,-183.529804493223,47.1748235705914,-58.5194306474347,151.208465331837,-8.53607969138718e-05,760.587008713685
1,2,1,0,1,2,0,3,609.378543381849,760.587008713685,904.491242248891,1135.76680002231,1135.7668853831,0.80119504593227,0.673725200331088,0.536534914887353,0.536534874563015,-143.904233535206,-151.208550692633,-231.275557773414,106.564374113584,-58.5194306474347,151.208465331837,-8.53607969138718e-05,760.587008713685
1,2,1,1,0,0,0,1,628.311144968027,760.587008713685,566.957317683922,710.661450185831,710.661537450013,0.82608713765784,1.10821595448268,0.884121609246892,0.884121500683047,193.629691029763,-132.27595100984,-143.704132501909,-124.794861705881,-78.2474274401069,132.275863745658,-8.72641822631454e-05,760.587008713685
1,2,1,1,0,0,0,2,628.062885669082,760.587008713685,746.272305568097,993.325644416231,993.325731680414,0.825760732794095,0.841600151825239,0.632282967020537,0.63228291147415,14.3147031455882,-132.524210308786,-247.053338848134,1.03323333414848,-83.4477862534179,132.524123044603,-8.72641822631454e-05,760.587008713685
1,2,1,1,0,0,0,3,628.062885669082,760.587008713685,865.573435865132,1170.59471214624,1170.59479941042,0.825760732794095,0.725603235549089,0.536533164853918,0.536533124857048,-104.986427151447,-132.524210308786,-305.021276281106,71.6916464550791,-83.4477862534179,132.524123044603,-8.72641822631454e-05,760.587008713685
1,2,1,1,0,1,0,1,635.581327060015,760.587008713685,577.788142363852,711.382384386835,711.382482438304,0.835645783820208,1.10002487150345,0.893445411370207,0.89344528822459,182.798866349833,-125.005779705139,-133.594242022983,-118.48795365624,-72.7411710138245,125.00568165367,-9.80514689112261e-05,760.587008713685
1,2,1,1,0,1,0,2,635.438247473286,760.587008713685,750.103849556875,983.424016991514,983.424115042983,0.835457666504123,0.84713369735227,0.646148798986236,0.646148734562517,10.4831591568102,-125.148859291868,-233.320167434639,2.63384901598081,-77.9794417866151,125.148761240399,-9.80514689112261e-05,760.587008713685
1,2,1,1,0,1,0,3,635.438247473286,760.587008713685,862.840832475947,1150.92286397552,1150.92296202699,0.835457666504123,0.736448975936707,0.552111933269234,0.552111886232735,-102.253823762261,-125.148859291868,-288.082031499571,69.2026176021849,-77.9794417866151,125.148761240399,-9.80514689112261e-05,760.587008713685
1,2,1,1,0,2,0,1,625.229794998139,760.587008713685,593.84905101687,709.575816164026,709.575897783673,0.822035858928929,1.05284296392751,0.881131770214685,0.881131668861661,166.737957696815,-135.357295335193,-115.726765147156,-101.258266194122,-71.379055166326,135.357213715546,-8.16196462783913e-05,760.587008713685
1,2,1,1,0,2,0,2,624.997543680193,760.587008713685,751.712053044443,956.949800549427,956.949882169073,0.821730500941894,0.831432117057249,0.653114242065105,0.653114186360042,8.87495566924175,-135.589546653139,-205.237747504984,11.9002053437523,-76.243037568444,135.589465033492,-8.16196462783913e-05,760.587008713685
1,2,1,1,0,2,0,3,624.997543680193,760.587008713685,855.954504774408,1111.51478784594,1111.51486946559,0.821730500941894,0.730176125242678,0.562293502987401,0.562293461697628,-95.3674960607231,-135.589546653139,-255.560283071535,75.580354125942,-76.243037568444,135.589465033492,-8.16196462783913e-05,760.587008713685
1,2,1,1,1,0,0,1,601.526364023159,760.587008713685,527.74888833186,700.551932766311,700.552037700777,0.790871204913779,1.13979655347925,0.858646355663992,0.858646227048855,232.838120381825,-159.060749624992,-172.803044434451,-150.064800901019,-94.0918917598608,159.060644690526,-0.000104934465715202,760.587008713685
1,2,1,1,1,0,0,2,601.227834245901,760.587008713685,743.373695215549,1040.45331531685,1040.45342025131,0.790478705733753,0.808782767153966,0.577851812661878,0.577851754382891,17.2133134981361,-159.35927940225,-297.079620101298,1.24245463678398,-100.345280715671,159.359174467784,-0.000104934465715202,760.587008713685
1,2,1,1,1,0,0,3,601.227834245901,760.587008713685,886.832329013188,1253.61791994222,1253.61802487669,0.790478705733753,0.677949838516723,0.47959416077397,0.4795941206294,-126.245320299503,-159.35927940225,-366.785590929036,86.2086187242489,-100.345280715671,159.359174467784,-0.000104934465715202,760.587008713685
1,2,1,1,1,1,0,1,602.227607735596,760.587008713685,542.214392462705,706.783417509299,706.783535411831,0.791793181892617,1.11068170839272,0.852068105754154,0.852067963615887,218.37261625098,-158.359518880621,-164.569025046594,-139.854993736853,-89.3763151342237,158.359400978089,-0.000117902531678652,760.587008713685
1,2,1,1,1,1,0,2,602.012465569815,760.587008713685,752.181699467269,1037.89741945936,1037.8975373619,0.791510318573475,0.80035510834176,0.580030795223868,0.580030729333839,8.4053092464163,-158.574661046402,-285.715719992095,7.4362267303036,-95.5091750927432,158.57454314387,-0.000117902531678652,760.587008713685
1,2,1,1,1,1,0,3,602.012465569815,760.587008713685,891.160654232373,1244.39527117777,1244.3953890803,0.791510318573475,0.675537528178212,0.483779133136721,0.483779087300176,-130.573645518688,-158.574661046402,-353.234616945396,89.6035092353819,-95.5091750927432,158.57454314387,-0.000117902531678652,760.587008713685
1,2,1,1,1,2,0,1,601.198996065803,760.587008713685,572.343097662825,707.657781942702,707.657875931976,0.790440790045255,1.05041713357043,0.849561767575504,0.849561654738925,188.24391105086,-159.388106637156,-135.314684279877,-114.049620035395,-81.7253509179248,159.388012647883,-9.3989274016311e-05,760.587008713685
1,2,1,1,1,2,0,2,600.930530056489,760.587008713685,757.317894240707,997.872908306019,997.873002295293,0.790087817924724,0.793498390341068,0.602211489113001,0.602211432390933,3.26911447297789,-159.656572646471,-240.555014065311,17.8913769861904,-87.326480004467,159.656478657197,-9.3989274016311e-05,760.587008713685
1,2,1,1,1,2,0,3,600.930530056489,760.587008713685,879.641869697689,1179.331520162,1179.33161415128,0.790087817924724,0.683153622806761,0.509551826422768,0.50955178581298,-119.054860984004,-159.656572646471,-299.689650464316,92.1065945291753,-87.326480004467,159.656478657197,-9.3989274016311e-05,760.587008713685
1,2,1,0,0,0,1,1,671.957471490171,760.587008713685,778.202271648234,795.031067453062,795.031125859854,0.883472191599216,0.863474055488124,0.845196494827346,0.845196432735166,-17.615262934549,-88.629595630306,-16.8287958048279,25.1908085266436,-10.2368542912302,88.6295372235141,-5.84067919267565e-05,760.587008713685
1,2,1,0,0,0,1,2,671.887284735282,760.587008713685,828.897400313929,874.94461993843,874.944678345222,0.883379911880939,0.810579553610396,0.767919785348887,0.767919734086524,-68.3103916002437,-88.6997823851947,-46.0472196245009,60.7643628796902,-11.7070763973648,88.6997239784027,-5.84067919267565e-05,760.587008713685
1,2,1,0,0,0,1,3,671.887284735282,760.587008713685,862.625680485788,925.06133523958,925.061393646372,0.883379911880939,0.778886253834814,0.726316471287032,0.726316425428654,-102.038671772103,-88.6997823851947,-62.4356547537922,80.7405923446424,-11.7070763973648,88.6997239784027,-5.84067919267565e-05,760.587008713685
1,2,1,0,0,1,1,1,671.981442219615,760.587008713685,763.911851761767,783.76716818143,783.767245499016,0.8835037076903,0.879658354127983,0.857373808829999,0.857373724251225,-3.32484304808173,-88.6056438116552,-19.8553164196635,13.7817190130707,-12.5360753625816,88.6055664940697,-7.73175854545969e-05,760.587008713685
1,2,1,0,0,1,1,2,671.960706358729,760.587008713685,824.803906991961,880.452986751438,880.453064069024,0.883476444720187,0.814691468678116,0.763198849308272,0.763198782287445,-64.2168982782759,-88.6263796725419,-55.6490797594771,57.1032474257951,-14.784118087668,88.6263023549564,-7.73175854545969e-05,760.587008713685
1,2,1,0,0,1,1,3,671.960706358729,760.587008713685,862.310514878741,936.166951958187,936.167029275773,0.883476444720187,0.779256073959878,0.717778709185561,0.717778649904562,-101.723506165056,-88.6263796725419,-73.8564370794461,79.1521266982212,-14.784118087668,88.6263023549564,-7.73175854545969e-05,760.587008713685
1,2,1,0,0,2,1,1,637.113052111643,760.587008713685,661.937489896395,732.367803066105,732.367984974786,0.837659656045319,0.962497308033366,0.869935911224291,0.869935695145901,98.6495188172901,-123.474138510723,-70.4303131697094,-49.3813834381183,-51.9777608884412,123.473956602042,-0.000181908681567926,760.587008713685
1,2,1,0,0,2,1,2,636.936858086581,760.587008713685,766.381553449831,898.48515040339,898.485332312072,0.837428000727724,0.831096279939724,0.708900818005303,0.708900674480186,-5.79454473614561,-123.650332535786,-132.103596953559,30.9403281301847,-58.365578391138,123.650150627104,-0.000181908681567926,760.587008713685
1,2,1,0,0,2,1,3,636.936858086581,760.587008713685,838.096404985848,1004.95601127373,1004.95619318241,0.837428000727724,0.759980420268401,0.633795759158947,0.633795644434592,-77.5093962721631,-123.650332535786,-166.859606287882,76.2403972147453,-58.365578391138,123.650150627104,-0.000181908681567926,760.587008713685
2,0,0,0,0,0,0,1,643.254093785671,760.587008713685,591.878007262604,723.916696935201,723.916763065804,0.845733737779128,1.08680181708504,0.888574744178403,0.888574663006111,168.709001451081,-117.332981058617,-132.038689672597,-110.273746811679,-67.9750908756468,117.332914928014,-6.61306024652542e-05,760.587008713685
2,0,0,0,0,0,0,2,643.031416976268,760.587008713685,755.836188249909,982.037101522069,982.037167652671,0.845440968106688,0.850755000849016,0.654793404423955,0.654793360330021,4.75082046377653,-117.555657868019,-226.20091327216,2.97158778666978,-71.886723977963,117.555591737417,-6.61306024652542e-05,760.587008713685
2,0,0,0,0,0,0,3,643.031416976268,760.587008713685,864.586874654639,1143.66019538993,1143.66026152053,0.845440968106688,0.743744134715356,0.562257407898182,0.562257375386411,-103.999865940954,-117.555657868019,-279.073320735287,66.6074333664458,-71.886723977963,117.555591737417,-6.61306024652542e-05,760.587008713685
2,0,0,0,0,1,0,1,643.321903743941,760.587008713685,598.270020255415,725.115443437635,725.115512496817,0.845822892547081,1.07530359530516,0.887199286080674,0.887199201584817,162.316988458271,-117.265174028926,-126.84542318222,-105.745596277565,-65.5638329284059,117.265104969744,-6.90591814782269e-05,760.587008713685
2,0,0,0,0,1,0,2,643.135274937465,760.587008713685,760.267421531307,980.354048016667,980.354117075849,0.845577517850514,0.845932966116162,0.656023480740022,0.656023434527696,0.319587182377834,-117.451802835401,-220.08662648536,6.31532543321087,-69.5605459719079,117.45173377622,-6.90591814782269e-05,760.587008713685
2,0,0,0,0,1,0,3,643.135274937465,760.587008713685,866.658271502623,1138.46110036483,1138.46116942401,0.845577517850514,0.742086351777834,0.564916337265602,0.564916302997714,-106.071262788938,-117.451802835401,-271.802828862204,68.514101031501,-69.5605459719079,117.45173377622,-6.90591814782269e-05,760.587008713685
2,0,0,0,0,2,0,1,636.064182323896,760.587008713685,592.499078338171,717.365624206246,717.365666738223,0.836280629351816,1.07352771603952,0.886666660432315,0.886666607862633,168.087930375514,-124.522868921766,-124.866545868075,-107.875175623579,-67.4214203834359,124.522826389789,-4.25319764828668e-05,760.587008713685
2,0,0,0,0,2,0,2,635.836853459888,760.587008713685,759.278476237316,975.931167633099,975.931210165076,0.835981743279081,0.837422465352691,0.651518134216337,0.651518105822579,1.30853247636946,-124.750197785774,-216.652691395784,6.42943476256235,-69.3235861614382,124.750155253797,-4.25319764828668e-05,760.587008713685
2,0,0,0,0,2,0,3,635.836853459888,760.587008713685,866.57692612535,1134.83311086938,1134.83315340135,0.835981743279081,0.733733883618215,0.560291066034179,0.560291045035245,-105.989917411665,-124.750197785774,-268.256184744029,70.7369565608706,-69.3235861614382,124.750155253797,-4.25319764828668e-05,760.587008713685
2,0,0,0,1,0,0,1,640.893591064747,760.587008713685,588.483920810272,723.178963872119,723.179031333136,0.842630210248574,1.0890587973624,0.886217137225907,0.886217054556046,172.103087903413,-119.693485109956,-134.695043061846,-112.492233240276,-69.3426132547294,119.693417648939,-6.74610174400409e-05,760.587008713685
2,0,0,0,1,0,0,2,640.666434444928,760.587008713685,755.740611278705,986.492232863039,986.492300324056,0.842331550638014,0.847733236620601,0.649438903928882,0.649438859517173,4.84639743498063,-119.920641729775,-230.751621584334,3.03137016794108,-73.3329405630741,119.920574268758,-6.74610174400409e-05,760.587008713685
2,0,0,0,1,0,0,3,640.666434444928,760.587008713685,866.679143193949,1151.3668589465,1151.36692640752,0.842331550638014,0.739219859478673,0.556439877930077,0.556439845327091,-106.092134480264,-119.920641729775,-284.687715752552,67.9474412218013,-73.3329405630741,119.920574268758,-6.74610174400409e-05,760.587008713685
2,0,0,0,1,1,0,1,645.546425684499,760.587008713685,593.665614657527,722.607249317493,722.607317433575,0.848747636087363,1.0873906282359,0.893357250836082,0.893357166624375,166.921394056158,-115.040651145269,-128.941634659966,-109.405704451872,-66.6099137173658,115.040583029186,-6.81160821958737e-05,760.587008713685
2,0,0,0,1,1,0,2,645.349670362284,760.587008713685,756.110320916544,978.514394517612,978.514462633694,0.848488947311508,0.853512579460629,0.659519853747709,0.659519807837393,4.47668779714129,-115.237406467484,-222.404073601068,2.94109362198032,-70.5962928148843,115.237338351402,-6.81160821958737e-05,760.587008713685
2,0,0,0,1,1,0,3,645.349670362284,760.587008713685,862.990179350263,1137.35026481714,1137.35033293323,0.848488947311508,0.747806505571316,0.567415061415613,0.56741502743304,-102.403170636578,-115.237406467484,-274.360085466881,65.4407366096546,-70.5962928148843,115.237338351402,-6.81160821958737e-05,760.587008713685
2,0,0,0,1,2,0,1,642.333950143067,760.587008713685,610.31213598824,739.004829442295,739.004843194008,0.844523956870353,1.05246792955047,0.869187757037822,0.869187740863611,150.274872725445,-118.253072322331,-128.692693454055,-99.8307655884817,-60.0028961725241,118.253058570618,-1.37517130257938e-05,760.587008713685
2,0,0,0,1,2,0,2,642.1204980674,760.587008713685,780.34199196788,1002.28828914786,1002.28830289957,0.844243315637697,0.822870619134681,0.640654495338192,0.64065448654821,-19.7549832541948,-118.466524397998,-221.946297179976,12.3241476381964,-60.1056114969167,118.466510646285,-1.37517130257938e-05,760.587008713685
2,0,0,0,1,2,0,3,642.1204980674,760.587008713685,888.895481851247,1163.19301670405,1163.19303045577,0.844243315637697,0.722380202372157,0.552032628159056,0.552032621632715,-128.308473137562,-118.466524397998,-274.297534852806,75.3321368650059,-60.1056114969167,118.466510646285,-1.37517130257938e-05,760.587008713685
2,0,0,1,0,0,0,1,659.504039443511,760.587008713685,615.243250572638,728.99532788903,728.995384860918,0.867098743323099,1.07194030788583,0.904675262258886,0.904675191557399,145.343758141048,-101.083026242062,-113.752077316393,-95.0014560459074,-58.5609249232056,101.082969270174,-5.69718877342693e-05,760.587008713685
2,0,0,1,0,0,0,2,659.312202113842,760.587008713685,756.494150036794,951.367515104075,951.367572075962,0.866846520595822,0.871536418466389,0.693015256088197,0.693015214587532,4.09285867689101,-101.274863571731,-194.87336506728,2.560039670947,-61.9308189458692,101.274806599843,-5.69718877342693e-05,760.587008713685
2,0,0,1,0,0,0,3,659.312202113842,760.587008713685,850.183480935153,1090.60672381902,1090.60678079091,0.866846520595822,0.775494016172411,0.604537078045055,0.60453704646482,-89.5964722214679,-101.274863571731,-240.42324288387,57.3826802502636,-61.9308189458692,101.274806599843,-5.69718877342693e-05,760.587008713685
2,0,0,1,0,1,0,1,661.212941784827,760.587008713685,615.758264181256,726.914647064979,726.914707198903,0.869345563636538,1.07381902971941,0.909615653577168,0.909615578329332,144.828744532429,-99.3741270627822,-111.156382883723,-95.0505031897709,-57.5234038889352,99.3740669288581,-6.01339241165948e-05,760.587008713685
2,0,0,1,0,1,0,2,661.051421448569,760.587008713685,756.789338587008,949.159074947941,949.159135081865,0.869133200903008,0.873494627557532,0.69646009704414,0.69646005291995,3.79767012667768,-99.53564739904,-192.369736360934,2.5496325212795,-61.0312843643019,99.5355872651159,-6.01339241165948e-05,760.587008713685
2,0,0,1,0,1,0,3,661.051421448569,760.587008713685,849.217272327879,1086.51491296934,1086.51497310326,0.869133200903008,0.778424371464433,0.608414494414975,0.608414460741853,-88.6302636141938,-99.53564739904,-237.297640641458,56.5816892236974,-61.0312843643019,99.5355872651159,-6.01339241165948e-05,760.587008713685
2,0,0,1,0,2,0,1,657.145729231742,760.587008713685,612.516020397602,725.453604947941,725.453628897897,0.863998098446508,1.07286292496508,0.905841152004336,0.905841122099109,148.070988316083,-103.441303431899,-112.937584550339,-97.1218207699475,-58.1569686127602,103.441279481944,-2.39499557629808e-05,760.587008713685
2,0,0,1,0,2,0,2,656.950130922189,760.587008713685,759.618966466957,953.857690343842,953.857714293798,0.863740930880784,0.864841663943322,0.688729710493161,0.688729693200177,0.968042246728717,-103.636901741452,-194.238723876886,2.63949189435067,-59.5736113812985,103.636877791496,-2.39499557629808e-05,760.587008713685
2,0,0,1,0,2,0,3,656.950130922189,760.587008713685,854.394548800102,1094.31428455712,1094.31430850707,0.863740930880784,0.768907212534069,0.60033039885618,0.600330385717463,-93.8075400864164,-103.636901741452,-239.919735757015,58.7329877959527,-59.5736113812985,103.636877791496,-2.39499557629808e-05,760.587008713685
2,0,0,1,1,0,0,1,654.282649412449,760.587008713685,607.735591712654,727.363475475975,727.363535390717,0.860233795629748,1.07659096872806,0.899526401135687,0.899526327039462,152.851417001032,-106.304419215978,-119.627883763321,-99.9087085644661,-61.585860100827,106.304359301236,-5.99147419936391e-05,760.587008713685
2,0,0,1,1,0,0,2,654.080902821825,760.587008713685,756.282735476573,961.22218638431,961.222246299052,0.859968544464117,0.864862930408763,0.680467962648871,0.680467920234057,4.30427323711177,-106.506165806603,-204.939450907736,2.69227723493543,-65.1298243074466,106.506105891861,-5.99147419936391e-05,760.587008713685
2,0,0,1,1,0,0,3,654.080902821825,760.587008713685,854.811541727719,1107.6537265233,1107.65378643804,0.859968544464117,0.765175563142042,0.590510271540233,0.5905102395986,-94.2245330140341,-106.506165806603,-252.84218479558,60.3467537908173,-65.1298243074466,106.506105891861,-5.99147419936391e-05,760.587008713685
2,0,0,1,1,1,0,1,660.268785810927,760.587008713685,614.476802149745,726.724215197551,726.724275734064,0.868104211939647,1.07452190790764,0.908554816260582,0.90855474057749,146.11020656394,-100.318283439271,-112.247413047806,-95.8733643289249,-58.0721339822071,100.318222902758,-6.05365126725932e-05,760.587008713685
2,0,0,1,1,1,0,2,660.104649997317,760.587008713685,756.744782595355,950.907292323584,950.907352860097,0.867888410444579,0.872294946961382,0.694184023328207,0.694183979135174,3.84222611833033,-100.48241925288,-194.162509728229,2.57314310910315,-61.6037396028117,100.482358716368,-6.05365126725932e-05,760.587008713685
2,0,0,1,1,1,0,3,660.104649997317,760.587008713685,850.036635418449,1089.54737872223,1089.54743925874,0.867888410444579,0.776560235750741,0.605852175764452,0.605852142102607,-89.4496267047639,-100.48241925288,-239.510743303779,57.112464204393,-61.6037396028117,100.482358716368,-6.05365126725932e-05,760.587008713685
2,0,0,1,1,2,0,1,658.678881755396,760.587008713685,619.967835999892,740.224932549248,740.224934413678,0.866013847474679,1.06244040982073,0.889836119795348,0.889836117554087,140.619172713793,-101.908128822719,-120.257096549356,-95.1533456597575,-54.7488132440488,101.908126958289,-1.86442993450598e-06,760.587008713685
2,0,0,1,1,2,0,2,658.486722220046,760.587008713685,774.933689581247,980.615408537315,980.615410401745,0.865761201119761,0.849732991445854,0.671503544087936,0.671503542811216,-14.3466808675618,-102.100288358069,-205.681718956068,6.62412111262772,-54.8590944992754,102.100286493639,-1.86442993450598e-06,760.587008713685
2,0,0,1,1,2,0,3,658.486722220046,760.587008713685,874.158815398836,1127.77934832589,1127.77935019032,0.865761201119761,0.753280422985394,0.583879039102394,0.583879038137133,-113.571806685151,-102.100288358069,-253.620532927055,63.781402769436,-54.8590944992754,102.100286493639,-1.86442993450598e-06,760.587008713685
2,0,0,0,0,0,1,1,669.106166689092,760.587008713685,888.630634581204,846.430636332622,846.430692712152,0.879723370269883,0.752963200514047,0.790503247363737,0.790503194709453,-128.043625867519,-91.4808984041231,42.1999982485816,107.169567250617,20.8443589037089,91.4808420245932,-5.63795299270299e-05,760.587008713685
2,0,0,0,0,0,1,2,669.10545838951,760.587008713685,889.154453843825,847.25625968653,847.25631606606,0.879722439016031,0.752518817734039,0.789732091961253,0.789732039409595,-128.56744513014,-91.481606703705,41.8981941572949,107.53396939885,20.8304528201961,91.4815503241751,-5.63795299270299e-05,760.587008713685
2,0,0,0,0,0,1,3,669.10545838951,760.587008713685,889.50236464967,847.77333727489,847.77339365442,0.879722439016031,0.752224485263776,0.789250415140802,0.789250362653229,-128.915355935985,-91.481606703705,41.7290273747799,107.738426287219,20.8304528201961,91.4815503241751,-5.63795299270299e-05,760.587008713685
2,0,0,0,0,1,1,1,669.411611172614,760.587008713685,773.021616217084,794.358130096674,794.358197558614,0.880124960725705,0.865967519056577,0.842707572076018,0.842707500507942,-12.4346075033989,-91.1754650030116,-21.3365138795901,21.5384296200204,-12.2717866675111,91.1753975410716,-6.74619399222114e-05,760.587008713685
2,0,0,0,0,1,1,2,669.315540060926,760.587008713685,828.551519873855,881.83888807906,881.838955541,0.879998648928913,0.807814027259075,0.758999800427173,0.758999742362604,-67.9645111601698,-91.2715361146988,-53.2873682052046,60.1748576141427,-13.7301180787003,91.2714686527589,-6.74619399222114e-05,760.587008713685
2,0,0,0,0,1,1,3,669.315540060926,760.587008713685,865.656023894039,936.987579575535,936.987647037475,0.879998648928913,0.773188797381781,0.714327014200267,0.714326962769614,-105.069015180354,-91.2715361146988,-71.3315556814953,82.020680844212,-13.7301180787003,91.2714686527589,-6.74619399222114e-05,760.587008713685
2,0,0,0,0,2,1,1,645.430854350836,760.587008713685,760.151900894597,795.174544447317,795.174671793984,0.848595685906333,0.849081418583904,0.811684502299354,0.811684372308648,0.435107819087807,-115.156281709517,-35.0226435527191,15.858733876572,-19.9525757840406,115.15615436285,-0.000127346667893867,760.587008713685
2,0,0,0,0,2,1,2,645.324773614489,760.587008713685,835.024764313509,913.26713958863,913.267266935298,0.848456213715602,0.772821120035912,0.70661118268765,0.706611084157261,-74.4377555998237,-115.262362445864,-78.2423752751207,69.0152691147099,-22.3896791783188,115.262235099196,-0.000127346667893867,760.587008713685
2,0,0,0,0,2,1,3,645.324773614489,760.587008713685,884.972076820344,987.464903024617,987.465030371285,0.848456213715602,0.729203542707365,0.653516668428267,0.653516584148654,-124.385068106659,-115.262362445864,-102.492826204273,98.8700113981927,-22.3896791783188,115.262235099196,-0.000127346667893867,760.587008713685
2,0,1,0,0,0,0,1,628.572854633422,760.587008713685,570.768353599265,719.328337246552,719.328411651722,0.826431226713263,1.10127488791143,0.873833021842955,0.873832931456291,189.81865511442,-132.014228485434,-148.559983647287,-124.071710069901,-76.4804498889593,132.014154080263,-7.44051705237597e-05,760.587008713685
2,0,1,0,0,0,0,2,628.322315467625,760.587008713685,755.241743533003,1009.74596543977,1009.74603984494,0.82610182433993,0.83194860565883,0.622257812333991,0.622257766481671,5.3452651806822,-132.26476765123,-254.504221906767,3.34340664913277,-80.8815246887411,132.26469324606,-7.44051705237597e-05,760.587008713685
2,0,1,0,0,0,0,3,628.322315467625,760.587008713685,877.599820805493,1191.59209131068,1191.59216571585,0.82610182433993,0.71595538259218,0.527296480103783,0.527296447178436,-117.012812091808,-132.26476765123,-313.992270505185,74.9416647214771,-80.8815246887411,132.26469324606,-7.44051705237597e-05,760.587008713685
2,0,1,0,0,1,0,1,628.704673273494,760.587008713685,583.465899422367,721.83619875228,721.836278682939,0.826604538429821,1.07753456353818,0.870979696446691,0.870979600001024,177.121109291318,-131.88241537085,-138.370299329913,-115.060609368435,-71.7348085967928,131.882335440191,-7.99306588323152e-05,760.587008713685
2,0,1,0,0,1,0,2,628.523524577226,760.587008713685,763.956123034964,1006.37468439441,1006.37476432507,0.826366368839501,0.822722019793878,0.624542264748485,0.624542215144623,-3.36911432127844,-132.063564067118,-242.418561359446,9.92735563047163,-76.2925233009096,132.06348413646,-7.99306588323152e-05,760.587008713685
2,0,1,0,0,1,0,3,628.523524577226,760.587008713685,881.649000473398,1181.27045705818,1181.27053698884,0.826366368839501,0.712895408762152,0.532074192511757,0.532074156508963,-121.061991759713,-132.063564067118,-299.621456584782,78.6881256127766,-76.2925233009096,132.06348413646,-7.99306588323152e-05,760.587008713685
2,0,1,0,0,2,0,1,625.578996611461,760.587008713685,583.26584789573,716.049099274254,716.04915088781,0.822494980119958,1.072545219077,0.873653772130307,0.873653709156449,177.321160817955,-135.00806371578,-132.783251378524,-112.855489276017,-72.6089666204714,135.008012102224,-5.16135557337709e-05,760.587008713685
2,0,1,0,0,2,0,2,625.335891479065,760.587008713685,759.611720599779,990.919069332967,990.919120946523,0.822175351820223,0.823230967243776,0.631066563185637,0.631066530315558,0.975288113906134,-135.251168848176,-231.307348733188,9.0456939034334,-75.6619146598081,135.25111723462,-5.16135557337709e-05,760.587008713685
2,0,1,0,0,2,0,3,625.335891479065,760.587008713685,874.383993791061,1161.07159485706,1161.07164647061,0.822175351820223,0.715173077182944,0.538585126230784,0.538585102288857,-113.796985077376,-135.251168848176,-286.687601065994,77.6145665154566,-75.6619146598081,135.25111723462,-5.16135557337709e-05,760.587008713685
2,0,1,0,1,0,0,1,617.196078354737,760.587008713685,554.41007453591,715.772728546048,715.772809363342,0.811473337414147,1.11324830969456,0.862279399228369,0.862279301869142,206.176934177775,-143.391011176241,-161.362654010138,-134.764018768262,-83.0714171541122,143.390930358948,-8.08172934125794e-05,760.587008713685
2,0,1,0,1,0,0,2,616.923948109876,760.587008713685,754.781096820273,1031.21810021389,1031.21818103119,0.811115547652104,0.81735479426928,0.598247788689818,0.598247741804718,5.80591189341191,-143.663141421102,-276.437003393619,3.63153627978377,-87.8517697952112,143.663060603809,-8.08172934125794e-05,760.587008713685
2,0,1,0,1,0,0,3,616.923948109876,760.587008713685,887.683804558469,1228.73544486882,1228.73552568611,0.811115547652104,0.694981642046215,0.502080371072668,0.50208033804947,-127.096795844784,-143.663141421102,-341.051640310349,81.4000218531684,-87.8517697952112,143.663060603809,-8.08172934125794e-05,760.587008713685
2,0,1,0,1,1,0,1,623.720224875599,760.587008713685,561.583725338325,714.863910673117,714.863992851189,0.820051115427862,1.11064512152634,0.872502046282211,0.872501945982663,199.00328337536,-136.866866016158,-153.280185334793,-130.517413927117,-79.2365337908757,136.866783838087,-8.21780715477925e-05,760.587008713685
2,0,1,0,1,1,0,2,623.493830026744,760.587008713685,755.329648023546,1020.12674568239,1020.12682786047,0.819753457373936,0.825459230493899,0.611192513739721,0.611192464504057,5.25736069013938,-137.093260865013,-264.797097658848,3.51332652797814,-84.0197364100288,137.093178686942,-8.21780715477925e-05,760.587008713685
2,0,1,0,1,1,0,3,623.493830026744,760.587008713685,882.567848705659,1209.21536789088,1209.21545006895,0.819753457373936,0.70645427537513,0.515618513114209,0.515618478072864,-121.980839991974,-137.093260865013,-326.647519185216,77.904117120138,-84.0197364100288,137.093178686942,-8.21780715477925e-05,760.587008713685
2,0,1,0,1,2,0,1,622.769783126773,760.587008713685,569.151033108009,732.120103509122,732.12012846733,0.818801499357725,1.09420829779745,0.850638822976964,0.850638793978417,191.435975605676,-137.81725054512,-162.969070401113,-128.825718231365,-75.4425640527667,137.817225586912,-2.49582073925126e-05,760.587008713685
2,0,1,0,1,2,0,2,622.509430946533,760.587008713685,775.599764794138,1054.10793323713,1054.10795819534,0.818459195088448,0.802616838224238,0.590555683453428,0.590555669470789,-15.0127560804525,-138.077602725359,-278.508168442991,8.25403824335908,-76.918845026652,138.077577767152,-2.49582073925126e-05,760.587008713685
2,0,1,0,1,2,0,3,622.509430946533,760.587008713685,909.377945154593,1252.71808957617,1252.71811453437,0.818459195088448,0.68454423626989,0.496926991097532,0.496926981197135,-148.790936440908,-138.077602725359,-343.340144421573,85.229508461442,-76.918845026652,138.077577767152,-2.49582073925126e-05,760.587008713685
2,0,1,1,0,0,0,1,634.224971616504,760.587008713685,578.895340070924,721.094805693238,721.09487691279,0.833862482990754,1.09557795289698,0.879530633987551,0.879530547119956,181.691668642761,-126.362108316734,-142.199465622313,-118.7596446744,-73.2059794149201,126.362037097182,-7.12195520506775e-05,760.587008713685
2,0,1,1,0,0,0,2,633.985159154096,760.587008713685,755.470598266931,999.078354980802,999.078426200355,0.833547183807806,0.839192366464656,0.634570007440786,0.634569962205306,5.11641044675391,-126.601920779142,-243.607756713871,3.20026044155702,-77.4186244982599,126.60184955959,-7.12195520506775e-05,760.587008713685
2,0,1,1,0,0,0,3,633.985159154096,760.587008713685,872.589978436166,1173.13883405116,1173.13890527071,0.833547183807806,0.726555627295088,0.540417843781351,0.540417810973372,-112.00296972248,-126.601920779142,-300.548855614993,71.7330765298266,-77.4186244982599,126.60184955959,-7.12195520506775e-05,760.587008713685
2,0,1,1,0,1,0,1,636.679581656253,760.587008713685,579.61452676838,718.090404358895,718.090480339067,0.837089740374364,1.09845345872547,0.886628727791837,0.886628633978864,180.972481945305,-123.907503037604,-138.475877590515,-118.84963009807,-71.7145950911355,123.907427057432,-7.59801720823031e-05,760.587008713685
2,0,1,1,0,1,0,2,636.48489651555,760.587008713685,755.910784512296,995.950256635761,995.950332615933,0.836833773419272,0.842010604368083,0.639072978067744,0.639072929313431,4.67622420138974,-124.102188178307,-240.039472123465,3.19049790509177,-76.1268967840341,124.102112198135,-7.59801720823031e-05,760.587008713685
2,0,1,1,0,1,0,3,636.48489651555,760.587008713685,871.229718872224,1167.3221747896,1167.32225076977,0.836833773419272,0.730559211569891,0.545252125130125,0.545252089640053,-110.642710158539,-124.102188178307,-296.092455917379,70.5921210672862,-76.1268967840341,124.102112198135,-7.59801720823031e-05,760.587008713685
2,0,1,1,0,2,0,1,633.892447774714,760.587008713685,580.003667944517,721.929237657741,721.929279424759,0.833425289299591,1.09291110178867,0.878053436139174,0.878053385339636,180.583340769168,-126.69460270599,-141.925569713223,-118.891150148406,-71.5722687543727,126.694560938971,-4.17670183962172e-05,760.587008713685
2,0,1,1,0,2,0,2,633.652639258606,760.587008713685,761.01539643627,1004.48204666486,1004.48208843188,0.833109995305136,0.832641024381259,0.630825251046046,0.630825224815922,-0.428387722584703,-126.934411222098,-243.466650228589,4.06635744882675,-74.0427929240191,126.934369455079,-4.17670183962172e-05,760.587008713685
2,0,1,1,0,2,0,3,633.652639258606,760.587008713685,878.866889947569,1179.35924947986,1179.35929124688,0.833109995305136,0.72098817978728,0.537285512907172,0.537285493879201,-118.279881233884,-126.934411222098,-300.492359532295,73.170722225145,-74.0427929240191,126.934369455079,-4.17670183962172e-05,760.587008713685
2,0,1,1,1,0,0,1,623.179625787976,760.587008713685,563.013613561734,717.642779674096,717.642857118972,0.819340349819944,1.10686422277717,0.868370230201412,0.868370136490698,197.573395151951,-137.407460370585,-154.629166112362,-129.140462964731,-79.6049373450778,137.40738292571,-7.74448757335142e-05,760.587008713685
2,0,1,1,1,0,0,2,622.918851242001,760.587008713685,755.023371203461,1019.92495936568,1019.92503681055,0.818997490235193,0.825032542037879,0.610749688515726,0.610749642140324,5.56363751022414,-137.66823491656,-264.901588162214,3.47999622399909,-84.1858110741979,137.668157471684,-7.74448757335142e-05,760.587008713685
2,0,1,1,1,0,0,3,622.918851242001,760.587008713685,882.380193621249,1209.20012023902,1209.2001976839,0.818997490235193,0.705952893939708,0.51514951149597,0.515149478502517,-121.793184907564,-137.66823491656,-326.819926617772,78.0032875506164,-84.1858110741979,137.668157471684,-7.74448757335142e-05,760.587008713685
2,0,1,1,1,1,0,1,630.82695546215,760.587008713685,571.631237394843,716.853779509096,716.853858030617,0.829394859805735,1.10355577896178,0.879993903211534,0.879993806820257,188.955771318842,-129.760131773055,-145.222542114253,-123.983825375163,-75.1152232526981,129.760053251535,-7.85215202856312e-05,760.587008713685
2,0,1,1,1,1,0,2,630.616325935553,760.587008713685,755.636171015867,1006.80056570282,1006.80064422434,0.829117929587122,0.834550210966954,0.626356745732795,0.626356696882525,4.95083769781858,-129.970761299653,-251.164394686949,3.33583927032821,-79.6787187151075,129.970682778132,-7.85215202856312e-05,760.587008713685
2,0,1,1,1,1,0,3,630.616325935553,760.587008713685,876.315203578524,1186.14033111297,1186.14040963449,0.829117929587122,0.719622714932214,0.531654062672195,0.531654027477133,-115.728194864838,-129.970761299653,-309.825127534447,73.8840307680516,-79.6787187151075,129.970682778132,-7.85215202856312e-05,760.587008713685
2,0,1,1,1,2,0,1,629.956630964354,760.587008713685,580.365356040696,737.121129876387,737.121149669702,0.828250579811697,1.08544837214608,0.854617518656663,0.854617495708314,180.22165267299,-130.630397542646,-156.755773835692,-121.984989119125,-70.968240312043,130.630377749332,-1.97933146216829e-05,760.587008713685
2,0,1,1,1,2,0,2,629.7099568737,760.587008713685,778.350659810566,1045.96108612167,1045.96110591499,0.827926259138548,0.809031185284738,0.60203956459662,0.602039553203885,-17.7636510968806,-130.8770716333,-267.610426311106,8.78503282476102,-72.1390172563392,130.877051839986,-1.97933146216829e-05,760.587008713685
2,0,1,1,1,2,0,3,629.7099568737,760.587008713685,906.595200818082,1236.39472147193,1236.39474126524,0.827926259138548,0.694587789903884,0.509311424529562,0.509311416376049,-146.008192104397,-130.8770716333,-329.799520653848,82.1999167899494,-72.1390172563392,130.877051839986,-1.97933146216829e-05,760.587008713685
2,0,1,0,0,0,1,1,665.867964594808,760.587008713685,843.684782831561,827.272601096144,827.272659491273,0.875465866450878,0.789237850610548,0.804895464581477,0.8048954077659,-83.0977741178759,-94.7191025140058,16.4121817354171,74.2624050869475,7.46888708860294,94.7190441188773,-5.8395128459591e-05,760.587008713685
2,0,1,0,0,0,1,2,665.834943739451,760.587008713685,868.10518423492,865.763078917702,865.763137312831,0.875422451489829,0.766998004194924,0.769072925322499,0.769072873449059,-107.518175521235,-94.752123369363,2.34210531721797,91.2507966317444,6.82058687216614,94.7520649742346,-5.8395128459591e-05,760.587008713685
2,0,1,0,0,0,1,3,665.834943739451,760.587008713685,884.324751054213,889.869184144274,889.869242539402,0.875422451489829,0.752930349337957,0.748239129529739,0.748239080428683,-123.737742340528,-94.752123369363,-5.54443309006026,100.782556228857,6.82058687216614,94.7520649742346,-5.8395128459591e-05,760.587008713685
2,0,1,0,0,1,1,1,666.130144073853,760.587008713685,746.378142387462,782.694428976578,782.694500636599,0.875810573205058,0.892483456097847,0.851073061737337,0.85107298381688,14.2088663262234,-94.4569362998532,-36.3162865891158,2.019624945626,-20.0685185780118,94.4568646398323,-7.1660020899795e-05,760.587008713685
2,0,1,0,0,1,1,2,666.040762746971,760.587008713685,817.909404893519,895.52397649287,895.524048152891,0.875693056963184,0.814320948948717,0.743744199184235,0.743744139669669,-57.3223961798341,-94.5463176267349,-77.6145715993507,51.8586974843825,-22.0266097755633,94.546245966714,-7.1660020899795e-05,760.587008713685
2,0,1,0,0,1,1,3,666.040762746971,760.587008713685,865.017318534558,965.53497958817,965.535051248191,0.875693056963184,0.769973905118251,0.689815259754813,0.689815208558146,-104.430309820873,-94.5463176267349,-100.517661053612,79.5256589057561,-22.0266097755633,94.546245966714,-7.1660020899795e-05,760.587008713685
2,0,1,0,0,2,1,1,644.774776627604,760.587008713685,753.45220186102,784.181041921083,784.181179453265,0.847733091994373,0.855760690638392,0.82222693760619,0.822226793401423,7.13480685266508,-115.812369618263,-30.7288400600632,13.1489210887004,-22.6389978234139,115.812232086081,-0.000137532181527111,760.587008713685
2,0,1,0,0,2,1,2,644.664928869094,760.587008713685,825.460649312944,897.339752141526,897.339889673707,0.847588667020962,0.780975967062353,0.718417887239012,0.718417777129587,-64.8736405992583,-115.922217376773,-71.8791028285821,65.8269078671984,-25.4041990156726,115.922079844592,-0.000137532181527111,760.587008713685
2,0,1,0,0,2,1,3,644.664928869094,760.587008713685,873.392156819999,968.410562399874,968.410699932056,0.847588667020962,0.738116233166444,0.665693822330389,0.665693727789587,-112.805148106313,-115.922217376773,-95.0184055798755,95.4711078115022,-25.4041990156726,115.922079844592,-0.000137532181527111,760.587008713685
2,1,0,0,0,0,0,1,654.330618092377,760.587008713685,607.804564243478,727.378467232121,727.378527119828,0.86029686360143,1.07654772041209,0.899573808642272,0.899573734577105,152.782444470208,-106.256450509014,-119.573902988644,-99.8636258520107,-61.5580701547639,106.256390621308,-5.98877061213518e-05,760.587008713685
2,1,0,0,0,0,0,2,654.128962537696,760.587008713685,756.284677732814,961.131651953895,961.131711841601,0.860031732127488,0.864924256430317,0.680582063037784,0.680582020631007,4.30233098087139,-106.458106063696,-204.846974221081,2.69106237426736,-65.1004351862808,106.458046175989,-5.98877061213518e-05,760.587008713685
2,1,0,0,0,0,0,3,654.128962537696,760.587008713685,854.769023937337,1107.49711646131,1107.49717634901,0.860031732127488,0.765269849771311,0.590637169898717,0.59063713796012,-94.1820152236518,-106.458106063696,-252.72809252397,60.3195229779297,-65.1004351862808,106.458046175989,-5.98877061213518e-05,760.587008713685
2,1,0,0,0,1,0,1,654.427277078201,760.587008713685,610.238784832462,727.225838694175,727.225902239823,0.860423948319833,1.07241180558176,0.899895523862721,0.899895445229047,150.348223881224,-106.159795181133,-116.987053861713,-98.2421065930132,-60.3956180709423,106.159731635485,-6.35456480390967e-05,760.587008713685
2,1,0,0,0,1,0,2,654.258621515287,760.587008713685,758.475130477804,960.753695461619,960.753759007267,0.860202204376035,0.862597328805144,0.680984756661208,0.680984711619888,2.11187823588119,-106.328450744047,-202.278564983815,4.26350888614634,-64.0304884781614,106.328387198399,-6.35456480390967e-05,760.587008713685
2,1,0,0,0,1,0,3,654.258621515287,760.587008713685,855.964301807603,1105.63231983843,1105.63238338408,0.860202204376035,0.764352695706632,0.591750629730955,0.591750595720395,-95.3772930939175,-106.328450744047,-249.668018030825,61.2570530046546,-64.0304884781614,106.328387198399,-6.35456480390967e-05,760.587008713685
2,1,0,0,0,2,0,1,647.421343969109,760.587008713685,595.229120362962,712.763618508998,712.76365683964,0.851212729841438,1.08768425774317,0.908325463248846,0.90832541440138,165.357888350723,-113.165703075218,-117.534498146036,-106.589251402972,-65.1729648030002,113.165664744576,-3.83306418769896e-05,760.587008713685
2,1,0,0,0,2,0,2,647.207048621569,760.587008713685,749.801830215787,952.732947401431,952.732985732073,0.850930979896875,0.86317080399138,0.679316329289146,0.679316301958686,10.7851784978979,-113.379998422758,-202.931117185644,0.283020605572769,-67.4402268875674,113.379960092116,-3.83306418769896e-05,760.587008713685
2,1,0,0,0,2,0,3,647.207048621569,760.587008713685,849.6338128731,1100.58708476041,1100.58712309105,0.850930979896875,0.761748224724003,0.588056190721576,0.588056170241079,-89.0468041594146,-113.379998422758,-250.953271887308,60.4220457195337,-67.4402268875674,113.379960092116,-3.83306418769896e-05,760.587008713685
2,1,0,0,1,0,0,1,639.564956922527,760.587008713685,586.57352303685,722.763722946206,722.763791156062,0.840883356664437,1.09034065092356,0.884888016121596,0.884887932611486,174.013485676836,-121.022120001014,-136.190199909356,-113.740931997094,-70.1123378167867,121.022051791158,-6.82098557036671e-05,760.587008713685
2,1,0,0,1,0,0,2,639.335278793617,760.587008713685,755.686814760689,988.999851073014,988.999919282869,0.840581381839363,0.84603206818698,0.646446284193037,0.646446239608597,4.90019395299607,-121.251798129924,-233.313036312324,3.06501931909696,-74.1469589986345,121.251729920068,-6.82098557036671e-05,760.587008713685
2,1,0,0,1,0,0,3,639.335278793617,760.587008713685,867.856798865081,1155.70463675675,1155.70470496661,0.840581381839363,0.736682917769029,0.55319954464125,0.553199511991334,-107.269790151396,-121.251798129924,-287.847837891673,68.7016789406083,-74.1469589986345,121.251729920068,-6.82098557036671e-05,760.587008713685
2,1,0,0,1,1,0,1,641.135479507461,760.587008713685,588.534285068699,722.955769782459,722.955839234571,0.842948238876388,1.0893766017941,0.886825316713888,0.886825231519346,172.052723644986,-119.451598658336,-134.42148471376,-112.53557243921,-69.1899002248328,119.451529206224,-6.94521119856077e-05,760.587008713685
2,1,0,0,1,1,0,2,640.923984280737,760.587008713685,755.902844483783,986.47557323096,986.475642683072,0.842670170457784,0.847892012786952,0.649710952478577,0.649710906736143,4.68416422990172,-119.66309388506,-230.572728747176,3.07160188922621,-73.1968403652254,119.663024432948,-6.94521119856077e-05,760.587008713685
2,1,0,0,1,1,0,3,640.923984280737,760.587008713685,866.734634989458,1151.1887334982,1151.18880295032,0.842670170457784,0.739469681269323,0.556749701965127,0.556749668375986,-106.147626275773,-119.66309388506,-284.454098508747,67.9024006908577,-73.1968403652254,119.663024432948,-6.94521119856077e-05,760.587008713685
2,1,0,0,1,2,0,1,640.977724298094,760.587008713685,611.655898404643,740.414710705727,740.414727956204,0.842740826433684,1.04793843396251,0.865700957895807,0.865700937726361,148.931110309042,-119.609301666068,-128.758812301084,-98.6987643648744,-59.8856733545648,119.609284415591,-1.72504777513136e-05,760.587008713685
2,1,0,0,1,2,0,2,640.763833735743,760.587008713685,782.098052393119,1004.43865479884,1004.43867204932,0.84245960869015,0.819288363875972,0.637932272592666,0.637932261636659,-21.5110436794337,-119.82319222842,-222.340602405719,13.7371925255846,-60.0363914675424,119.823174977942,-1.72504777513136e-05,760.587008713685
2,1,0,0,1,2,0,3,640.763833735743,760.587008713685,890.997845538678,1165.87200815244,1165.87202540292,0.84245960869015,0.719153067478352,0.549600495813568,0.549600487681568,-130.410836824993,-119.82319222842,-274.874162613765,76.9008056458683,-60.0363914675424,119.823174977942,-1.72504777513136e-05,760.587008713685
2,1,0,1,0,0,0,1,665.819402154994,760.587008713685,624.323895483824,730.9690819696,730.969135382054,0.875402017819153,1.06646471001885,0.910872181297929,0.910872114739826,136.263113229862,-94.7676599711451,-106.645186485776,-89.0660481588941,-54.9022128347084,94.7676065586911,-5.34124539543005e-05,760.587008713685
2,1,0,1,0,0,0,2,665.639550250043,760.587008713685,756.749859650966,939.44811755536,939.448170967814,0.875165553216301,0.879603136704981,0.708543173179352,0.708543132895033,3.8371490627193,-94.9475118760957,-182.698257904394,2.40009602075007,-58.0615659204958,94.9474584636418,-5.34124539543005e-05,760.587008713685
2,1,0,1,0,0,0,3,665.639550250043,760.587008713685,844.585760331641,1069.98807541684,1069.98812882929,0.875165553216301,0.788125471105112,0.622099970591474,0.62209993953703,-83.9987516179553,-94.9475118760957,-225.402315085199,53.7975813779811,-58.0615659204958,94.9474584636418,-5.34124539543005e-05,760.587008713685
2,1,0,1,0,1,0,1,667.611031193431,760.587008713685,628.513531817648,730.643090464148,730.643147452958,0.877757605040486,1.0622062969157,0.913730711898371,0.91373064062907,132.073476896037,-92.9760345090643,-102.1295586465,-86.4044157433033,-52.817661117608,92.9759775202538,-5.69888105421801e-05,760.587008713685
2,1,0,1,0,1,0,2,667.472566549552,760.587008713685,758.926100564221,936.160111087498,936.160168076309,0.877575555331126,0.879496127558825,0.712989753188883,0.712989709785586,1.66090814946408,-93.1144991529436,-177.234010523277,3.83471957185394,-56.0600193576854,93.114442164133,-5.69888105421801e-05,760.587008713685
2,1,0,1,0,1,0,3,667.472566549552,760.587008713685,844.343125091097,1063.09549760991,1063.09555459872,0.877575555331126,0.790522888994374,0.627857580104694,0.627857546447459,-83.7561163774118,-93.1144991529436,-218.752372518811,53.7534174768553,-56.0600193576854,93.114442164133,-5.69888105421801e-05,760.587008713685
2,1,0,1,0,2,0,1,664.310222283111,760.587008713685,629.320537392789,733.109585498302,733.109604857655,0.873417787409492,1.05559914671668,0.906154053123684,0.906154029194717,131.266471320896,-96.2768057899265,-103.789048105513,-86.2190003730568,-51.9669496854385,96.2767864305743,-1.93593521454158e-05,760.587008713685
2,1,0,1,0,2,0,2,664.131959355033,760.587008713685,765.72498251235,944.614261407275,944.614280766627,0.873183411952068,0.867324397822322,0.703072128474555,0.703072114065477,-5.13797379866521,-96.4550687180047,-178.889278894924,5.48008460607486,-52.8429207000107,96.4550493586526,-1.93593521454158e-05,760.587008713685
2,1,0,1,0,2,0,3,664.131959355033,760.587008713685,853.270064178487,1074.34676074497,1074.34678010432,0.873183411952068,0.778337348556165,0.618172813119029,0.618172801979772,-92.6830554648019,-96.4550687180047,-221.07669656648,57.0290562504089,-52.8429207000107,96.4550493586526,-1.93593521454158e-05,760.587008713685
2,1,0,1,1,0,0,1,650.941271364298,760.587008713685,602.931138040638,726.319187307811,726.319249105804,0.8558406387524,1.07962788831852,0.896219296886661,0.896219220632929,157.655870673048,-109.645799147381,-123.388049267174,-103.049057349886,-63.5216381100272,109.645737349388,-6.17979931131056e-05,760.587008713685
2,1,0,1,1,0,0,2,650.733183437968,760.587008713685,756.1474427736,967.528587953938,967.528649751931,0.855567050163658,0.860590338110561,0.672572564304372,0.672572521345815,4.43956594008529,-109.85388707371,-211.381145180338,2.77690138498426,-67.1769968472312,109.853825275717,-6.17979931131056e-05,760.587008713685
2,1,0,1,1,0,0,3,650.733183437968,760.587008713685,857.773224468483,1118.56279102221,1118.56285282021,0.855567050163658,0.75863079526782,0.58175829614651,0.581758264005718,-97.1862157547981,-109.85388707371,-260.789566553732,62.2435839840407,-67.1769968472312,109.853825275717,-6.17979931131056e-05,760.587008713685
2,1,0,1,1,1,0,1,653.51636885258,760.587008713685,606.028251630132,726.408784230544,726.408847335151,0.859226309896899,1.07835957662817,0.899653725339823,0.899653647185083,154.558757083553,-107.070702965712,-120.380532600412,-101.161848445326,-62.0097653501662,107.070639861105,-6.31046066839981e-05,760.587008713685
2,1,0,1,1,1,0,2,653.332488885259,760.587008713685,756.438119708678,963.265092208216,963.265155312822,0.858984549302497,0.863695881874479,0.678247861538865,0.678247817106068,4.14888900500742,-107.254582933033,-206.826972499538,2.76259785716337,-65.6349621443873,107.254519828426,-6.31046066839981e-05,760.587008713685
2,1,0,1,1,1,0,3,653.332488885259,760.587008713685,855.844687492027,1110.99695763988,1110.99702074449,0.858984549302497,0.763377395961631,0.588059656142669,0.588059622740893,-95.2576787783421,-107.254582933033,-255.152270147854,60.8997991040504,-65.6349621443873,107.254519828426,-6.31046066839981e-05,760.587008713685
2,1,0,1,1,2,0,1,655.530768456623,760.587008713685,615.441025008887,739.432958161187,739.432963123134,0.861874790058885,1.06513986201547,0.886531714905958,0.886531708956908,145.145983704798,-105.05624521901,-123.9919331523,-98.113306689902,-56.6333482164635,105.056240257063,-4.9619471918192e-06,760.587008713685
2,1,0,1,1,2,0,2,655.332607297149,760.587008713685,774.751599417204,986.794120400466,986.794125362413,0.861614252924799,0.845861573942041,0.664102667161413,0.664102663822071,-14.1645907035186,-105.254406378483,-212.042520983262,6.72408659818439,-56.9268479906061,105.254401416536,-4.9619471918192e-06,760.587008713685
2,1,0,1,1,2,0,3,655.332607297149,760.587008713685,876.97121006073,1138.42547355233,1138.42547851428,0.861614252924799,0.747268097035669,0.575648228647113,0.57564822613809,-116.384201347045,-105.254406378483,-261.4542634916,65.5990185412944,-56.9268479906061,105.254401416536,-4.9619471918192e-06,760.587008713685
2,1,0,0,0,0,1,1,666.044690429197,760.587008713685,877.701169564772,842.477989554698,842.47804782713,0.875698220977532,0.758851319247381,0.790578150037181,0.790578095354555,-117.114160851087,-94.5423765569213,35.2231800100743,99.4706341156853,17.2020966735284,94.5423182844885,-5.82724327655277e-05,760.587008713685
2,1,0,0,0,0,1,2,666.034030044809,760.587008713685,885.585001253733,854.904175503104,854.904233775537,0.875684204981642,0.75208368378179,0.779074484754801,0.779074431651116,-124.997992540048,-94.553036941309,30.6808257506292,104.955131171779,16.992800777614,94.5529786688762,-5.82724327655277e-05,760.587008713685
2,1,0,0,0,0,1,3,666.034030044809,760.587008713685,890.821292531631,862.686540466873,862.686598739306,0.875684204981642,0.747662898977193,0.77204639089925,0.772046338749348,-130.234283817946,-94.553036941309,28.1347520647577,108.032344650872,16.992800777614,94.5529786688762,-5.82724327655277e-05,760.587008713685
2,1,0,0,0,1,1,1,666.400695656251,760.587008713685,769.030463374736,793.969627641956,793.969697926274,0.87616628738279,0.866546551006427,0.839327692717192,0.839327618417663,-8.44345466105031,-94.1863833417522,-24.9391642672205,18.9881231904392,-14.026821691102,94.1863130574342,-7.02843180646549e-05,760.587008713685
2,1,0,0,0,1,1,2,666.306354590749,760.587008713685,828.478748020724,887.583630066642,887.58370035096,0.876042250205687,0.804252802117842,0.750696984509191,0.750696925064402,-67.891739307039,-94.2807244072542,-59.1048820459173,60.2829119063482,-15.5504350885363,94.2806541229361,-7.02843180646549e-05,760.587008713685
2,1,0,0,0,1,1,3,666.306354590749,760.587008713685,868.377547288802,946.885697605907,946.885767890226,0.876042250205687,0.767300302352418,0.703681929376934,0.703681877144863,-107.790538575117,-94.2807244072542,-78.508150317105,83.7595291053774,-15.5504350885363,94.2806541229361,-7.02843180646549e-05,760.587008713685
2,1,0,0,0,2,1,1,642.709588452007,760.587008713685,778.759220738888,802.855592974055,802.855721526845,0.8450178363406,0.825299490954603,0.800529502536301,0.800529374355984,-18.172212025203,-117.877548814468,-24.0963722351666,30.3024448868787,-15.0376090270819,117.877420261678,-0.00012855278983731,760.587008713685
2,1,0,0,0,2,1,2,642.613334844581,760.587008713685,845.990293186836,908.432550615865,908.432679168655,0.844891284603161,0.759598945779702,0.707386953944931,0.707386853842228,-85.4032844731505,-117.973802421894,-62.4422574290291,78.100817301728,-17.0510697342154,117.973673869104,-0.00012855278983731,760.587008713685
2,1,0,0,0,2,1,3,642.613334844581,760.587008713685,890.483569928548,974.455223216104,974.455351768894,0.844891284603161,0.721645358258709,0.65945906957499,0.659458982577363,-129.896561214863,-117.973802421894,-83.971653287556,104.961719786756,-17.0510697342154,117.973673869104,-0.00012855278983731,760.587008713685
2,1,1,0,0,0,0,1,637.224596526287,760.587008713685,583.208398547038,722.032285007783,722.032354536701,0.837806311738048,1.09261903311719,0.882543079800675,0.882542994815196,177.378610166648,-123.362481716316,-138.823886460745,-115.940487935352,-71.4681910376307,123.362412187398,-6.95289181601323e-05,760.587008713685
2,1,1,0,0,0,0,2,636.990476813477,760.587008713685,755.592053354055,993.416966485772,993.41703601469,0.837498497234082,0.843034907508478,0.641211594227992,0.641211549349812,4.99495535963027,-123.596601429126,-237.824913131717,3.12429157338416,-75.5808349226808,123.596531900208,-6.95289181601323e-05,760.587008713685
2,1,1,0,0,0,0,3,636.990476813477,760.587008713685,869.931213939587,1163.34553884726,1163.34560837618,0.837498497234082,0.732230855275085,0.547550538978008,0.547550506252912,-109.344205225902,-123.596601429126,-293.414324907671,70.0302524209625,-75.5808349226808,123.596531900208,-6.95289181601323e-05,760.587008713685
2,1,1,0,0,1,0,1,637.374579891996,760.587008713685,595.774530356565,724.880420061032,724.880495698904,0.838003505963022,1.06982515602091,0.879282378517455,0.879282286768472,164.81247835712,-123.212504459561,-129.105889704466,-107.004734576099,-66.8625659484686,123.212428821689,-7.56378721437821e-05,760.587008713685
2,1,1,0,0,1,0,2,637.213813645574,760.587008713685,764.102120273334,990.228874784052,990.228950421924,0.837792134687178,0.833938025741415,0.643501547846236,0.643501498692868,-3.51511155964913,-123.373270705984,-226.126754510717,9.52877252908571,-71.0973393819594,123.373195068111,-7.56378721437821e-05,760.587008713685
2,1,1,0,0,1,0,3,637.213813645574,760.587008713685,873.922752620359,1153.42541719616,1153.42549283403,0.837792134687178,0.729142034275867,0.552453417572993,0.552453381344904,-113.335743906674,-123.373270705984,-279.502664575801,73.6803374188869,-71.0973393819594,123.373195068111,-7.56378721437821e-05,760.587008713685
2,1,1,0,0,2,0,1,634.463506807516,760.587008713685,592.562141609838,718.627822817392,718.62787141734,0.83417610285052,1.0707121873899,0.882881912810016,0.882881853101763,168.024867103847,-126.123550506117,-126.065681207553,-107.353627351976,-68.4835508847614,126.123501906169,-4.85999480387376e-05,760.587008713685
2,1,1,0,0,2,0,2,634.234663723892,760.587008713685,758.982883318163,978.113393516568,978.113442116516,0.83387522592125,0.835637637770051,0.64842651979609,0.64842648757744,1.6041253955227,-126.352393589741,-219.130510198406,7.57411112877012,-71.3582436658993,126.352344989793,-4.85999480387376e-05,760.587008713685
2,1,1,0,0,2,0,3,634.234663723892,760.587008713685,867.349548108085,1138.787679077,1138.78772767694,0.83387522592125,0.73123305950562,0.556938466561167,0.556938442792751,-106.7625393944,-126.352393589741,-271.43813096891,72.2158395236856,-71.3582436658993,126.352344989793,-4.85999480387376e-05,760.587008713685
2,1,1,0,1,0,0,1,616.509130018461,760.587008713685,553.422334923946,715.558035084436,715.558116288904,0.810570155623759,1.11399394479297,0.86157809680065,0.861577999025236,207.164673789739,-144.077959899692,-162.13570016049,-135.409637833923,-83.4693905242776,144.077878695224,-8.120446786715e-05,760.587008713685
2,1,1,0,1,0,0,2,616.235696068976,760.587008713685,754.753282219268,1032.51462278743,1032.5147039919,0.810210651784813,0.816473025803881,0.596829993947549,0.596829947008496,5.83372649441742,-144.351393849177,-277.76134056816,3.64893401755755,-88.2726445810058,144.351312644709,-8.120446786715e-05,760.587008713685
2,1,1,0,1,0,0,3,616.235696068976,760.587008713685,888.292691970198,1230.9782212323,1230.97830243677,0.810210651784813,0.693730458034266,0.500606497694231,0.500606464670509,-127.705683256512,-144.351393849177,-342.685529262104,81.7899880068496,-88.2726445810058,144.351312644709,-8.120446786715e-05,760.587008713685
2,1,1,0,1,1,0,1,619.958612252355,760.587008713685,557.362572840731,715.396644794624,715.396728182183,0.81510544507043,1.11230757582553,0.866594240779998,0.866594139768663,203.224435872954,-140.62847984889,-158.034071953893,-133.059201573537,-81.4390920076899,140.62839646133,-8.33875594047997e-05,760.587008713685
2,1,1,0,1,1,0,2,619.720438376946,760.587008713685,755.166129081361,1026.91069984477,1026.91078323233,0.814792300259014,0.820641200010943,0.603480359558651,0.603480310554633,5.42087963232477,-140.866653724298,-271.744570763408,3.63302455686215,-86.2229083596685,140.866570336739,-8.33875594047997e-05,760.587008713685
2,1,1,0,1,1,0,3,619.720438376946,760.587008713685,885.766948402895,1221.00049140754,1221.00057479509,0.814792300259014,0.699642766637827,0.507551342311541,0.507551307648603,-125.17993968921,-140.866653724298,-335.233543004641,80.0076250646514,-86.2229083596685,140.866570336739,-8.33875594047997e-05,760.587008713685
2,1,1,0,1,2,0,1,622.176557886084,760.587008713685,568.080776427888,731.740116592129,731.740145490529,0.818021542253682,1.09522550965085,0.850269848240238,0.850269814660779,192.506232285797,-138.410479726002,-163.659340164242,-129.407623968927,-76.0155838854369,138.410450827602,-2.88984000187495e-05,760.587008713685
2,1,1,0,1,2,0,2,621.915002178228,760.587008713685,774.832987185782,1054.49162966462,1054.49165856302,0.817677655617625,0.802643940647189,0.589777087539356,0.589777071376483,-14.2459784720964,-138.672035433857,-279.658642478838,8.14458925094977,-77.7249277278238,138.672006535457,-2.88984000187495e-05,760.587008713685
2,1,1,0,1,2,0,3,621.915002178228,760.587008713685,909.076556927924,1253.82474148081,1253.82477037921,0.817677655617625,0.684117302815385,0.496014300566222,0.496014289133987,-148.489548214239,-138.672035433857,-344.748184552886,85.3846671816319,-77.7249277278238,138.672006535457,-2.88984000187495e-05,760.587008713685
2,1,1,1,0,0,0,1,638.117468037811,760.587008713685,584.492228077956,722.311336088426,722.311405114108,0.838980235958807,1.09174671173336,0.883438257377276,0.883438172953954,176.094780635729,-122.469609701557,-137.81910801047,-115.101334769699,-70.950919118039,122.469540675874,-6.90256822947542e-05,760.587008713685
2,1,1,1,0,0,0,2,637.885042834845,760.587008713685,755.628205803272,991.73179162061,991.731860646292,0.838674649352274,0.84417844375825,0.643203180763686,0.643203135996002,4.95880291041282,-122.702034904523,-236.103585817337,3.10167860003106,-75.0337965410291,122.70196587884,-6.90256822947542e-05,760.587008713685
2,1,1,1,0,0,0,3,637.885042834845,760.587008713685,869.139803297843,1160.43045627711,1160.43052530279,0.838674649352274,0.733926855512162,0.549696915816316,0.549696883118792,-108.552794584157,-122.702034904523,-291.290652979263,69.5233880023541,-75.0337965410291,122.70196587884,-6.90256822947542e-05,760.587008713685
2,1,1,1,0,1,0,1,640.624663583952,760.587008713685,596.103234029751,724.088430022034,724.088504063462,0.842276631397354,1.07468744843612,0.88473263350508,0.88473254303704,164.483774683935,-119.962419171161,-127.985195992283,-107.155196108302,-66.2710855874364,119.962345129733,-7.40414277418225e-05,760.587008713685
2,1,1,1,0,1,0,2,640.462547597914,760.587008713685,761.887009028259,985.415358108705,985.415432150132,0.842063485518998,0.840626680870679,0.649941714757872,0.649941665923025,-1.30000031457353,-120.124535157199,-223.528349080446,7.61100889909342,-70.4354500496427,120.124461115771,-7.40414277418225e-05,760.587008713685
2,1,1,1,0,1,0,3,640.462547597914,760.587008713685,870.111607315468,1146.2409228695,1146.24099691093,0.842063485518998,0.736069421684784,0.55875037683577,0.558750340743294,-109.524598601782,-120.124535157199,-276.129315554033,70.8360104655547,-70.4354500496427,120.124461115771,-7.40414277418225e-05,760.587008713685
2,1,1,1,0,2,0,1,637.990533263831,760.587008713685,586.134352772775,723.685013096976,723.68505039802,0.838813345422254,1.08847149163966,0.881585941007097,0.881585895567337,174.45265594091,-122.596512750897,-137.550660324201,-115.01456803345,-69.0290384998187,122.596475449854,-3.73010434268738e-05,760.587008713685
2,1,1,1,0,2,0,2,637.758550598033,760.587008713685,761.922313322835,997.878241171105,997.878278472149,0.838508340652069,0.83703881543604,0.639114597638248,0.639114573747917,-1.33530460914949,-122.828495416696,-235.955927848271,4.12677325469369,-71.2353997120298,122.828458115652,-3.73010434268738e-05,760.587008713685
2,1,1,1,0,2,0,3,637.758550598033,760.587008713685,876.172553747191,1167.39221897625,1167.39225627729,0.838508340652069,0.727891495654006,0.546310434686054,0.546310417230097,-115.585545033506,-122.828495416696,-291.21966522906,71.0852216363134,-71.2353997120298,122.828458115652,-3.73010434268738e-05,760.587008713685
2,1,1,1,1,0,0,1,620.272290222326,760.587008713685,558.833254789732,716.734143749535,716.734222833029,0.815517860699907,1.10994162374197,0.865414736595948,0.865414641107246,201.753753923953,-140.314797574853,-157.900888959803,-131.872882816907,-81.2892592542561,140.314718491359,-7.9083493956227e-05,760.587008713685
2,1,1,1,1,0,0,2,620.005998075361,760.587008713685,754.905652920328,1025.4121641388,1025.4122432223,0.815167746717004,0.821302629907311,0.604640767643004,0.604640721010925,5.68135579335745,-140.581089721818,-270.506511218476,3.55362776092916,-85.9670574486477,140.581010638324,-7.9083493956227e-05,760.587008713685
2,1,1,1,1,0,0,3,620.005998075361,760.587008713685,884.957156012906,1218.69210550636,1218.69218458985,0.815167746717004,0.700605666458184,0.508747037314853,0.50874700430119,-124.37014729922,-140.581089721818,-333.734949493454,79.6537209356704,-85.9670574486477,140.581010638324,-7.9083493956227e-05,760.587008713685
2,1,1,1,1,1,0,1,624.554778184735,760.587008713685,563.856584198954,716.678376163574,716.678457199046,0.821148364394219,1.10764828448711,0.871457544914383,0.871457446377901,196.730424514731,-136.032311564423,-152.821791964619,-128.837212255567,-78.7735855873888,136.032230528951,-8.10354720736391e-05,760.587008713685
2,1,1,1,1,1,0,2,624.326887233659,760.587008713685,755.365163966283,1018.29510871816,1018.29518975363,0.820848739304039,0.826523272473189,0.613109973610271,0.613109924819255,5.22184474740237,-136.260202515499,-262.929944751877,3.51841969267923,-83.4157029796716,136.260121480026,-8.10354720736391e-05,760.587008713685
2,1,1,1,1,1,0,3,624.326887233659,760.587008713685,881.724805690216,1206.08123810174,1206.08131913722,0.820848739304039,0.708074541177203,0.517649116419628,0.51764908163927,-121.137796976531,-136.260202515499,-324.356432411527,77.4082333712243,-83.4157029796716,136.260121480026,-8.10354720736391e-05,760.587008713685
2,1,1,1,1,2,0,1,626.86390792478,760.587008713685,575.742865204452,735.585446827123,735.585469305397,0.824184348066818,1.08879144807496,0.85219726767121,0.852197241629472,184.844143509233,-133.72312326718,-159.84258162267,-124.88200745081,-72.8541528609007,133.723100788905,-2.24782744240129e-05,760.587008713685
2,1,1,1,1,2,0,2,626.611370000659,760.587008713685,777.612123028605,1050.55953704809,1050.55955952637,0.82385231777807,0.805814816209609,0.596454887041756,0.596454874279722,-17.0251143149193,-133.975661191301,-272.947414019487,8.71396846926378,-74.1816542730032,133.975638713026,-2.24782744240129e-05,760.587008713685
2,1,1,1,1,2,0,3,626.611370000659,760.587008713685,908.467483563806,1244.86982625929,1244.86984873756,0.82385231777807,0.689745512456362,0.503354934614783,0.503354925525841,-147.88047485012,-133.975661191301,-336.40234269548,83.7196643312169,-74.1816542730032,133.975638713026,-2.24782744240129e-05,760.587008713685
2,1,1,0,0,0,1,1,662.782273956366,760.587008713685,836.482646294046,824.999606763033,824.999667064503,0.871408880723945,0.792344320462304,0.803372836208804,0.803372777488098,-75.8956375803608,-97.8047950587887,11.4830395310125,69.331459264839,4.88566728968979,97.8047347573195,-6.03014692079941e-05,760.587008713685
2,1,1,0,0,0,1,2,662.741711012328,760.587008713685,866.480760055144,872.281455793218,872.281516094687,0.87135554962103,0.764866043846317,0.759779663560149,0.759779611036017,-105.893751341459,-97.8453580028262,-5.80069573807384,90.2000639106577,4.08929284347202,97.845297701357,-6.03014692079941e-05,760.587008713685
2,1,1,0,0,0,1,3,662.741711012328,760.587008713685,886.404937490408,901.893486937973,901.893547239442,0.87135554962103,0.747673758326171,0.734833681150541,0.734833632018855,-125.817928776723,-97.8453580028262,-15.4885494475653,101.908913573476,4.08929284347202,97.845297701357,-6.03014692079941e-05,760.587008713685
2,1,1,0,0,1,1,1,663.09145642627,760.587008713685,741.546826116454,781.670152747324,781.67022657811,0.871815385786959,0.894200383674944,0.848300851830805,0.848300771706584,19.0401825972312,-97.4956261182006,-40.1233266308699,-1.1623110959672,-22.0023397865992,97.4955522874148,-7.38307858755405e-05,760.587008713685
2,1,1,0,0,1,1,2,662.999365867107,760.587008713685,817.467760161505,901.401247462095,901.401321292881,0.871694307517006,0.811040383704085,0.73552079912668,0.735520738882616,-56.8807514478201,-97.5877166773646,-83.9334873005901,51.702184016945,-24.06098602145,97.5876428465787,-7.38307858755405e-05,760.587008713685
2,1,1,0,0,1,1,3,662.999365867107,760.587008713685,867.568337023311,975.860182947389,975.860256778175,0.871694307517006,0.764204198763068,0.679399956523127,0.679399905121676,-106.981328309626,-97.5877166773646,-108.291845924078,81.1225507603625,-24.06098602145,97.5876428465787,-7.38307858755405e-05,760.587008713685
2,1,1,0,0,2,1,1,641.398094539139,760.587008713685,769.545829840019,791.030501252609,791.030641915976,0.843293518283831,0.833476148746696,0.810838638362838,0.810838494177155,-8.95882112633342,-119.189054837914,-21.4846714125901,25.8597578920809,-18.642552414327,119.188914174547,-0.00014066336761777,760.587008713685
2,1,1,0,0,2,1,2,641.295824751513,760.587008713685,835.188443668031,893.914366491922,893.914507155289,0.843159056629275,0.76784566359064,0.71740185502132,0.717401742133387,-74.6014349543455,-119.29132462554,-58.7259228238912,74.2540118601571,-21.1900250738921,119.291183962173,-0.00014066336761777,760.587008713685
2,1,1,0,0,2,1,3,641.295824751513,760.587008713685,878.72193281984,958.405831980094,958.405972643462,0.843159056629275,0.729805187283284,0.669127631899502,0.66912753369295,-118.134924106154,-119.29132462554,-79.6838991602547,101.506136503303,-21.1900250738921,119.291183962173,-0.00014066336761777,760.587008713685
2,2,0,0,0,0,0,1,664.963618826416,760.587008713685,623.093393787761,730.701622139653,730.70167603444,0.874276856175878,1.06719735027863,0.910034408955133,0.910034341833198,137.493614925924,-95.6234437820554,-107.608228351892,-89.8703444994321,-55.3979982634233,95.6233898872691,-5.38947863597752e-05,760.587008713685
2,2,0,0,0,0,0,2,664.782142798335,760.587008713685,756.71520890567,941.063293464471,941.063347359257,0.874038256218211,0.878510349699083,0.706415973734325,0.706415933277816,3.87179980801495,-95.8049198101369,-184.3480845588,2.42176969423545,-58.5858813690992,95.8048659153506,-5.38947863597752e-05,760.587008713685
2,2,0,0,0,0,0,3,664.782142798335,760.587008713685,845.344297281832,1072.78207100609,1072.78212490088,0.874038256218211,0.786404007143495,0.619680511788271,0.619680480656554,-84.7572885681471,-95.8049198101369,-227.437773724257,54.2833916134921,-58.5858813690992,95.8048659153506,-5.38947863597752e-05,760.587008713685
2,2,0,0,0,1,0,1,665.323726737536,760.587008713685,624.009271322722,727.160900574098,727.160965875834,0.874750316683347,1.06620807945247,0.914960810203435,0.91496072803658,136.577737390964,-95.2633472778858,-103.151629251376,-89.7296412012108,-53.7212161814018,95.2632819761496,-6.5301736160479e-05,760.587008713685
2,2,0,0,0,1,0,2,665.221230230752,760.587008713685,759.814920691365,941.447275899476,941.447341201213,0.874615556944343,0.87550429994907,0.706594248302633,0.706594199291043,0.772088022319947,-95.3658437846695,-181.632355208111,4.46931252777195,-57.2727334592481,95.3657784829333,-6.5301736160479e-05,760.587008713685
2,2,0,0,0,1,0,3,665.221230230752,760.587008713685,847.372599066563,1071.55224668309,1071.55231198483,0.874615556944343,0.785039817151909,0.620801488952024,0.620801451119606,-86.7855903528773,-95.3658437846695,-224.179647616532,55.5669924922343,-57.2727334592481,95.3657784829333,-6.5301736160479e-05,760.587008713685
2,2,0,0,0,2,0,1,660.395628310394,760.587008713685,643.150567832782,738.886554135537,738.886576487457,0.868270981156073,1.02681341094936,0.893771343671325,0.893771316634014,117.436440880903,-100.191402755212,-95.7359863027549,-75.3147007145566,-48.1866671677884,100.191380403291,-2.23519202380711e-05,760.587008713685
2,2,0,0,0,2,0,2,660.223224205891,760.587008713685,775.695533190317,943.125260985939,943.125283337859,0.868044308727373,0.851137071126985,0.700037684830642,0.700037668239859,-15.1085244766318,-100.363806859714,-167.429727795622,13.251957290265,-48.273893626651,100.363784507794,-2.23519202380711e-05,760.587008713685
2,2,0,0,0,2,0,3,660.223224205891,760.587008713685,859.664392302168,1067.38433494364,1067.38435729556,0.868044308727373,0.768001129414961,0.618543108224232,0.618543095271423,-99.0773835884827,-100.363806859714,-207.719942641468,63.0588371076582,-48.273893626651,100.363784507794,-2.23519202380711e-05,760.587008713685
2,2,0,0,1,0,0,1,621.612009221711,760.587008713685,560.759591101669,717.152849050031,717.152927378439,0.817279288365692,1.10851783738641,0.866777577534724,0.86677748286411,199.827417612016,-138.975077820382,-156.393257948362,-130.613766107605,-80.5131128439595,138.974999491974,-7.8328408099732e-05,760.587008713685
2,2,0,0,1,0,0,2,621.348259620906,760.587008713685,754.959898265224,1022.88362475211,1022.88370308052,0.816932517256294,0.823021542003308,0.607447655417775,0.607447608901825,5.6271104484609,-139.238827421188,-267.923726486887,3.51969787332188,-85.1462476189771,139.238749092779,-7.8328408099732e-05,760.587008713685
2,2,0,0,1,0,0,3,621.348259620906,760.587008713685,883.769675105097,1214.31813741173,1214.31821574014,0.816932517256294,0.703065829393859,0.511684904044409,0.511684871038675,-123.182666391412,-139.238827421188,-330.548462306632,78.8931905760859,-85.1462476189771,139.238749092779,-7.8328408099732e-05,760.587008713685
2,2,0,0,1,1,0,1,618.981766333699,760.587008713685,603.025918393057,735.068658873995,735.068747453582,0.813821113485135,1.02645963872193,0.842073402070873,0.842073300596672,157.561090320628,-141.605330959573,-132.042740480938,-99.0173203322771,-68.4068912161143,141.605242379986,-8.85795871868612e-05,760.587008713685
2,2,0,0,1,1,0,2,618.776434139506,760.587008713685,779.454668226872,1013.01181514987,1013.01190372946,0.81355114806127,0.793858141291421,0.610828447295019,0.610828393883078,-18.8676595131868,-141.810663153766,-233.557146923001,22.9932567236811,-72.7366660773471,141.810574574179,-8.85795871868612e-05,760.587008713685
2,2,0,0,1,1,0,3,618.776434139506,760.587008713685,895.486846244245,1185.44779966574,1185.44788824533,0.81355114806127,0.690994442559052,0.521976956146007,0.521976917142602,-134.89983753056,-141.810663153766,-289.960953421499,90.8333404883838,-72.7366660773471,141.810574574179,-8.85795871868612e-05,760.587008713685
2,2,0,0,1,2,0,1,619.078787168572,760.587008713685,607.412100999521,742.554607950995,742.554646953197,0.813948673953249,1.01920720076181,0.8337148278924,0.833714784102068,153.174907714164,-141.508260547316,-135.142506951474,-98.3506583937485,-64.627509462216,141.508221545113,-3.90022028430427e-05,760.587008713685
2,2,0,0,1,2,0,2,618.84223938303,760.587008713685,793.197458852129,1029.88957343275,1029.88961243496,0.81363766708246,0.780186865800836,0.600882128867806,0.600882106112234,-32.6104501384433,-141.744808332858,-236.692114580625,24.8807231540216,-64.8552894460444,141.744769330656,-3.90022028430427e-05,760.587008713685
2,2,0,0,1,2,0,3,618.84223938303,760.587008713685,911.623291483083,1205.34411732293,1205.34415632513,0.81363766708246,0.678835485188471,0.513415406014905,0.513415389401947,-151.036282769398,-141.744808332858,-293.720825839846,94.1356259544868,-64.8552894460444,141.744769330656,-3.90022028430427e-05,760.587008713685
2,2,0,1,0,0,0,1,658.776616423444,760.587008713685,614.197313791613,728.767984786227,728.768042168101,0.86614234647207,1.07258140280137,0.903959326117607,0.903959254941488,146.389694922072,-101.810449672116,-114.570670994614,-95.6851146935177,-58.9823467034829,101.810392290241,-5.73818743317526e-05,760.587008713685
2,2,0,1,0,0,0,2,658.583398575467,760.587008713685,756.464696612138,952.740428198441,952.740485580315,0.865888308675259,0.870606918637398,0.691251655837465,0.6912516142046,4.12231210154748,-102.003667520092,-196.275731586303,2.57846247552405,-62.3764914827772,102.003610138218,-5.73818743317526e-05,760.587008713685
2,2,0,1,0,0,0,3,658.583398575467,760.587008713685,850.828243716473,1092.98164354662,1092.98170092849,0.865888308675259,0.77404976085271,0.60255668744667,0.602556655812259,-90.2412350027876,-102.003667520092,-242.153399830146,57.7956230325005,-62.3764914827772,102.003610138218,-5.73818743317526e-05,760.587008713685
2,2,0,1,0,1,0,1,667.359820768924,760.587008713685,629.050372076693,728.586016287441,728.586080684779,0.877427320113674,1.06090044675716,0.915965727930795,0.915965646971583,131.536636636992,-93.2272523420992,-99.5356442107479,-86.255304847477,-51.8994259262751,93.2271879447611,-6.43973381191586e-05,760.587008713685
2,2,0,1,0,1,0,2,667.262822572639,760.587008713685,761.039729697879,936.880109144519,936.880173541857,0.877299789410185,0.876777908608703,0.712217941292326,0.712217892337357,-0.452720984193642,-93.3242505383844,-175.84037944664,5.32468817747748,-55.3711712764076,93.3241861410463,-6.43973381191586e-05,760.587008713685
2,2,0,1,0,1,0,3,667.262822572639,760.587008713685,845.989797022436,1063.10932982584,1063.10939422318,0.877299789410185,0.788736252991645,0.627652118039402,0.627652080019679,-85.402788308751,-93.3242505383844,-217.119532803405,54.8951970110961,-55.3711712764076,93.3241861410463,-6.43973381191586e-05,760.587008713685
2,2,0,1,0,2,0,1,655.807760502285,760.587008713685,625.827689807327,725.432739589008,725.432784221326,0.862238971990063,1.04790467277692,0.904022833148986,0.904022777528898,134.759318906358,-104.779292843718,-99.6050497816811,-84.8748669777068,-55.8109471592388,104.7792482114,-4.46323184493116e-05,760.587008713685
2,2,0,1,0,2,0,2,655.621471222728,760.587008713685,759.09386999649,933.338591688622,933.338636320941,0.861994043694651,0.863689587199221,0.702447618753832,0.702447585162738,1.49313871719497,-104.965582123276,-174.244721692132,7.89968550349603,-58.4509541721973,104.965537490957,-4.46323184493116e-05,760.587008713685
2,2,0,1,0,2,0,3,655.621471222728,760.587008713685,846.062257168142,1062.27047169799,1062.27051633031,0.861994043694651,0.774909252443385,0.617188831555064,0.617188805623281,-85.4752484544568,-104.965582123276,-216.208214529846,60.0951591491511,-58.4509541721973,104.965537490957,-4.46323184493116e-05,760.587008713685
2,2,0,1,1,0,0,1,625.762033469986,760.587008713685,566.72676959846,718.44986517859,718.449941167982,0.822735632216863,1.10416882885796,0.870989144544464,0.870989052421226,193.860239115225,-134.825051233091,-151.72309558013,-126.713422171742,-78.1088576050464,134.824975243699,-7.59893917721124e-05,760.587008713685
2,2,0,1,1,0,0,2,625.506159870208,760.587008713685,755.127933126848,1015.05101226225,1015.05108825164,0.822399216268593,0.828344618745727,0.616231255684521,0.61623120955183,5.45907558683688,-135.080924832869,-259.923079135398,3.41459385048121,-82.6036392825132,135.080848843477,-7.59893917721124e-05,760.587008713685
2,2,0,1,1,0,0,3,625.506159870208,760.587008713685,880.091236145858,1200.7689725031,1200.76904849249,0.822399216268593,0.710728767859862,0.520921321414803,0.520921288448852,-119.504227432172,-135.080924832869,-320.677736357238,76.5373089059196,-82.6036392825132,135.080848843477,-7.59893917721124e-05,760.587008713685
2,2,0,1,1,1,0,1,628.187101758822,760.587008713685,613.9348984657,736.677600233628,736.677684526684,0.825924048875381,1.0232145188826,0.852730015897863,0.852729918325722,146.652110247985,-132.39999124792,-122.742701767928,-92.1351858002861,-63.6404982123228,132.399906954864,-8.42930560260875e-05,760.587008713685
2,2,0,1,1,1,0,2,628.005302730327,760.587008713685,778.866246958776,996.55358766017,996.553671953226,0.825685024245179,0.80630699453531,0.630177153046867,0.630177099743608,-18.279238245091,-132.581790276414,-217.687340701394,21.9573791692656,-67.7160679518871,132.581705983358,-8.42930560260875e-05,760.587008713685
2,2,0,1,1,1,0,3,628.005302730327,760.587008713685,887.095084006222,1157.39061170009,1157.39069599314,0.825685024245179,0.707934599179813,0.542604455558744,0.542604416040725,-126.508075292537,-132.581790276414,-270.295527693865,85.218858292303,-67.7160679518871,132.581705983358,-8.42930560260875e-05,760.587008713685
2,2,0,1,1,2,0,1,624.142491275985,760.587008713685,595.104773236822,722.984980763831,722.985037380282,0.820606300298953,1.048794295299,0.863285556245692,0.863285488642406,165.482235476863,-136.444574054151,-127.880207527009,-104.023181647776,-69.6701075991423,136.4445174377,-5.66164508015579e-05,760.587008713685
2,2,0,1,1,2,0,2,623.905693950002,760.587008713685,767.221912482285,991.598838515601,991.598895132052,0.820294965338889,0.813201087976496,0.629191634475867,0.629191598551465,-6.63490376859949,-136.681371380134,-224.376926033316,14.9334935592922,-72.7868454048754,136.681314763683,-5.66164508015579e-05,760.587008713685
2,2,0,1,1,2,0,3,623.905693950002,760.587008713685,879.508069185678,1158.11814328039,1158.11819989684,0.820294965338889,0.709380295427722,0.538723702387371,0.538723676051006,-118.921060471993,-136.681371380134,-278.610074094715,81.8374839476129,-72.7868454048754,136.681314763683,-5.66164508015579e-05,760.587008713685
2,2,0,0,0,0,1,1,651.644179551112,760.587008713685,801.02504899901,812.550762418421,812.550829604813,0.856764804138821,0.813512861258746,0.80197350084517,0.801973434533372,-40.4380402853252,-108.942896348965,-11.5257134194101,44.5151569291632,-7.13733299280318,108.942829162573,-6.71863926312147e-05,760.587008713685
2,2,0,0,0,0,1,2,651.570218993246,760.587008713685,855.722193926994,898.762254562997,898.76232174939,0.856667562722626,0.761427275834842,0.724963933103818,0.724963878909611,-95.1351852133087,-109.016856906832,-43.0400606360036,82.565985786189,-8.58940457465725,109.01678972044,-6.71863926312147e-05,760.587008713685
2,2,0,0,0,0,1,3,651.570218993246,760.587008713685,892.050998778742,952.755434668777,952.75550185517,0.856667562722626,0.730418126189281,0.683879824017758,0.683879775791935,-131.463990065057,-109.016856906832,-60.7044358900349,103.915349684451,-8.58940457465725,109.01678972044,-6.71863926312147e-05,760.587008713685
2,2,0,0,0,1,1,1,651.930952258355,760.587008713685,805.202046119746,808.985967853932,808.986047802511,0.857141845429241,0.809648901663871,0.805861879147038,0.805861799507207,-44.6150374060612,-108.65613640391,-3.78392173418508,46.7586899320019,-3.94191178717263,108.656056455331,-7.99485790209287e-05,760.587008713685
2,2,0,0,0,1,1,2,651.920844736127,760.587008713685,861.385486042098,898.247656412519,898.247736361098,0.857128556322128,0.756828220697773,0.725769602717152,0.725769538119997,-100.798477328413,-108.666243926137,-36.8621703704211,86.4768882395803,-5.92299308723948,108.666163977558,-7.99485790209287e-05,760.587008713685
2,2,0,0,0,1,1,3,651.920844736127,760.587008713685,895.3435579309,948.69632704774,948.696406996319,0.857128556322128,0.728123678292485,0.687175470326577,0.6871754124169,-134.756549217215,-108.666243926137,-53.3527691168402,106.282947527826,-5.92299308723948,108.666163977558,-7.99485790209287e-05,760.587008713685
2,2,0,0,0,2,1,1,617.729002115226,760.587008713685,665.120423715096,744.55802108991,744.558185006749,0.812174011701747,0.928747607335284,0.829658649316507,0.829658466664531,95.4665849985896,-142.858170515299,-79.4375973748141,-46.8971959344159,-52.2568088496969,142.85800659846,-0.000163916839440695,760.587008713685
2,2,0,0,0,2,1,2,617.537493758739,760.587008713685,791.679290815602,942.30363225762,942.303796174459,0.811922221499847,0.780034921871634,0.655348735395629,0.655348621395564,-31.0922821019166,-143.049678871786,-150.624341442018,44.986547435482,-56.351761493066,143.049514954947,-0.000163916839440695,760.587008713685
2,2,0,0,0,2,1,3,617.537493758739,760.587008713685,874.921333507782,1065.5879067417,1065.58807065854,0.811922221499847,0.705820592215844,0.579527498249313,0.579527409101998,-114.334324794096,-143.049678871786,-190.666573233916,96.7067732869155,-56.351761493066,143.049514954947,-0.000163916839440695,760.587008713685
2,2,1,0,0,0,0,1,634.447381956205,760.587008713685,579.215136322014,721.16431608173,721.164387175929,0.834154902315766,1.09535704813398,0.879754263776277,0.87975417704789,181.371872391671,-126.139697851678,-141.949179759716,-118.550615336779,-73.0771292703364,126.13962675748,-7.10941982250439e-05,760.587008713685
2,2,1,0,0,0,0,2,634.207991588696,760.587008713685,755.479603681941,998.658585384192,998.65865647839,0.833840158092204,0.839477318113937,0.635059870180469,0.635059824970755,5.10740503174433,-126.379088219188,-243.178981702251,3.19462765002966,-77.2823596597892,126.37901712499,-7.10941982250439e-05,760.587008713685
2,2,1,0,0,0,0,3,634.207991588696,760.587008713685,872.392841549836,1172.41269989152,1172.41277098572,0.833840158092204,0.726975235677087,0.540942614872201,0.540942582069862,-111.805832836151,-126.379088219188,-300.019858341683,71.6068188476514,-77.2823596597892,126.37901712499,-7.10941982250439e-05,760.587008713685
2,2,1,0,0,1,0,1,634.988474343571,760.587008713685,573.433659517611,712.664554227149,712.664641336993,0.834866316501346,1.10734426520714,0.891006113012294,0.89100600410356,187.153349196074,-125.598621479958,-139.230894709538,-123.659624930925,-72.5947787614435,125.598534370114,-8.71098444259158e-05,760.587008713685
2,2,1,0,0,1,0,2,634.859203349442,760.587008713685,756.452925673674,1001.52546541958,1001.52555252943,0.834696354363354,0.839258044754147,0.633892222683994,0.633892167549851,4.13408304001098,-125.727892474088,-245.07253974591,3.35792861599736,-77.4321534082528,125.727805364243,-8.71098444259158e-05,760.587008713685
2,2,1,0,0,1,0,3,634.859203349442,760.587008713685,874.062571081211,1176.28277047556,1176.2828575854,0.834696354363354,0.726331528604553,0.539716485937116,0.539716445968312,-113.475562367526,-125.727892474088,-302.220199394344,71.9768095494937,-77.4321534082528,125.727805364243,-8.71098444259158e-05,760.587008713685
2,2,1,0,0,2,0,1,635.657278548984,760.587008713685,587.037161838722,727.763525178223,727.763561832923,0.835745642860789,1.08282289413838,0.87343931999521,0.873439276003372,173.549846874963,-124.929766819402,-140.726363339501,-114.805705992396,-68.9811932537476,124.929730164702,-3.66547005116541e-05,760.587008713685
2,2,1,0,0,2,0,2,635.423012116363,760.587008713685,766.821792970294,1008.25053358047,1008.25057023517,0.835437635453436,0.828644957591834,0.630223333341436,0.630223310429823,-6.23478425660893,-125.164033252022,-241.428740610172,6.35973305270667,-70.998170647399,125.163996597322,-3.66547005116541e-05,760.587008713685
2,2,1,0,0,2,0,3,635.423012116363,760.587008713685,883.627113490231,1181.59523607211,1181.59527272681,0.835437635453436,0.719107644407279,0.537767073459652,0.537767056777382,-123.040104776545,-125.164033252022,-297.968122581877,74.4385735137251,-70.998170647399,125.163996597322,-3.66547005116541e-05,760.587008713685
2,2,1,0,1,0,0,1,588.014839762806,760.587008713685,512.451365618034,706.65265241136,706.65274967564,0.773106604538598,1.14745491809479,0.832112973405367,0.832112858872636,248.135643095651,-172.572266215159,-194.201286793326,-162.189609601934,-99.9771366307606,172.572168950879,-9.72642800910463e-05,760.587008713685
2,2,1,0,1,0,0,2,587.687328765596,760.587008713685,753.599545799011,1086.29376247296,1086.29385973724,0.772676001604997,0.779840343643645,0.541002212355266,0.541002163915159,6.98746291467433,-172.89977721237,-332.694216673945,4.37058390553211,-105.730330515195,172.89967994809,-9.72642800910463e-05,760.587008713685
2,2,1,0,1,0,0,3,587.687328765596,760.587008713685,913.549052203717,1324.00751805842,1324.0076153227,0.772676001604997,0.643301339263547,0.443870084383966,0.443870051776371,-152.962043490032,-172.89977721237,-410.458465854701,97.965598582042,-105.730330515195,172.89967994809,-9.72642800910463e-05,760.587008713685
2,2,1,0,1,1,0,1,588.037836816901,760.587008713685,509.438613529999,703.036048416421,703.036159153097,0.773136840466679,1.15428595555855,0.8364262944147,0.836426162667468,251.148395183686,-172.549282633461,-193.597434886421,-164.844337394698,-99.8644460898565,172.549171896785,-0.000110736676503137,760.587008713685
2,2,1,0,1,1,0,2,587.804690811477,760.587008713685,754.507615395105,1089.17795810528,1089.17806884196,0.772830306167837,0.779057333309575,0.539677365335243,0.539677310466274,6.07939331858022,-172.782428638885,-334.670342710175,4.61539778692301,-105.898316877628,172.782317902208,-0.000110736676503137,760.587008713685
2,2,1,0,1,1,0,3,587.804690811477,760.587008713685,915.260859108785,1328.0655419429,1328.06565267958,0.772830306167837,0.642226404594466,0.442602170034127,0.442602133129104,-154.6738503951,-172.782428638885,-412.804682834116,98.5291183597545,-105.898316877628,172.782317902208,-0.000110736676503137,760.587008713685
2,2,1,0,1,2,0,1,591.136186825055,760.587008713685,541.184300474641,725.097994028258,725.09804775263,0.77721047040337,1.09230106325443,0.81525006508571,0.815250004681744,219.402708239044,-169.450875613002,-183.913693553617,-144.194428191711,-89.0959811489386,169.45082188863,-5.37243717561994e-05,760.587008713685
2,2,1,0,1,2,0,2,590.828688802382,760.587008713685,778.599920463174,1095.7052044365,1095.70525816087,0.776806180007728,0.758834766449642,0.539222307615335,0.539222281176309,-18.0129117494883,-169.758373635675,-317.105283973326,15.4309053015159,-91.7023898820848,169.758319911303,-5.37243717561994e-05,760.587008713685
2,2,1,0,1,2,0,3,590.828688802382,760.587008713685,932.964861116311,1324.83900992233,1324.8390636467,0.776806180007728,0.633280751962559,0.445962629706246,0.445962611621738,-172.377852402626,-169.758373635675,-391.874148806021,105.105241631673,-91.7023898820848,169.758319911303,-5.37243717561994e-05,760.587008713685
2,2,1,1,0,0,0,1,617.611836698871,760.587008713685,555.007879296209,715.902666408014,715.902746990979,0.812019965662291,1.11279832185815,0.86270364070257,0.8627035435955,205.579129417476,-142.97525259778,-160.894787111804,-134.37327393418,-82.8305536995383,142.975172014814,-8.05829657322828e-05,760.587008713685
2,2,1,1,0,0,0,2,617.340495488712,760.587008713685,754.797930913678,1030.43341226891,1030.43349285187,0.811663213302534,0.817888431068466,0.599107606700557,0.599107559848559,5.78907780000762,-143.246593807939,-275.635481355228,3.6210067329947,-87.5970458301191,143.246513224973,-8.05829657322828e-05,760.587008713685
2,2,1,1,0,0,0,3,617.340495488712,760.587008713685,887.315290641635,1227.37806042241,1227.37814100538,0.811663213302534,0.695739724086464,0.502975012667448,0.502974979644847,-126.72828192795,-143.246593807939,-340.06276978078,81.1640045666259,-87.5970458301191,143.246513224973,-8.05829657322828e-05,760.587008713685
2,2,1,1,0,1,0,1,629.801915319855,760.587008713685,566.155940800797,711.285774347107,711.285863998747,0.828047163709757,1.11241774559326,0.885441461131363,0.885441349528865,194.431067912889,-130.78518304547,-145.12983354631,-128.38087141504,-75.6039312541967,130.78509339383,-8.96516401129525e-05,760.587008713685
2,2,1,1,0,1,0,2,629.660298343361,760.587008713685,756.222039606428,1011.22034037261,1011.22043002425,0.827860969395534,0.83263944366269,0.622673687627116,0.622673632422815,4.36496910725766,-130.926800021965,-254.998300766182,3.48625625588354,-80.5961583518135,130.926710370324,-8.96516401129525e-05,760.587008713685
2,2,1,1,0,1,0,3,629.660298343361,760.587008713685,878.609037532534,1193.07845691905,1193.07854657069,0.827860969395534,0.716655840590583,0.527761015792176,0.527760976134569,-118.022028818848,-130.926800021965,-314.469419386518,74.9054752531596,-80.5961583518135,130.926710370324,-8.96516401129525e-05,760.587008713685
2,2,1,1,0,2,0,1,617.949339659993,760.587008713685,556.601168984417,717.393154374853,717.393219075995,0.812463705769939,1.11021926308116,0.861381706657744,0.861381628970391,203.985839729268,-142.637733754834,-160.791985390436,-133.934294341768,-81.5890812463579,142.637669053692,-6.47011420066491e-05,760.587008713685
2,2,1,1,0,2,0,2,617.678980008879,760.587008713685,758.489341653241,1034.03559779696,1034.0356624981,0.812108243938462,0.814354198653016,0.597347887562922,0.597347850185981,2.0976670604441,-142.908093405949,-275.54625614372,4.28885794640862,-85.416161590346,142.908028704807,-6.47011420066491e-05,760.587008713685
2,2,1,1,0,2,0,3,617.678980008879,760.587008713685,891.281355453908,1231.26362103611,1231.26368573725,0.812108243938462,0.693023562345595,0.501662657334992,0.501662630973338,-130.694346740223,-142.908093405949,-339.9822655822,81.9612497388307,-85.416161590346,142.908028704807,-6.47011420066491e-05,760.587008713685
2,2,1,1,1,0,0,1,583.024963929189,760.587008713685,505.276593136067,705.093155635311,705.09325571196,0.766546045685434,1.15387289229166,0.826876504571747,0.826876387209924,255.310415577618,-177.562144861146,-199.816562499244,-166.879276645795,-102.867947478309,177.562044784497,-0.000100076649453099,760.587008713685
2,2,1,1,1,0,0,2,582.687983043408,760.587008713685,753.397505269833,1095.71148184978,1095.71158192643,0.766102991988856,0.77341374104327,0.531789611312381,0.531789562741458,7.18950344385235,-177.899125746926,-342.313976579948,4.496958112576,-108.787493349304,177.899025670277,-0.000100076649453099,760.587008713685
2,2,1,1,1,0,0,3,582.687983043408,760.587008713685,917.971906763127,1340.29866396471,1340.29876404136,0.766102991988856,0.634755790183201,0.434744880905702,0.434744848444423,-157.384898049442,-177.899125746926,-422.326757201581,100.79824637144,-108.787493349304,177.899025670277,-0.000100076649453099,760.587008713685
2,2,1,1,1,1,0,1,590.57627917676,760.587008713685,512.982184532187,703.691317907614,703.691427515009,0.776474318402507,1.15126079810225,0.839254747284371,0.839254616561553,247.604824181498,-170.01083914432,-190.709133375427,-162.550133644662,-98.3909680948279,170.010729536925,-0.000109607394833387,760.587008713685
2,2,1,1,1,1,0,2,590.3499915124,760.587008713685,754.628721840646,1084.45702432848,1084.45713393587,0.776176801271965,0.782305224312763,0.544373800223166,0.544373745202648,5.9582868730394,-170.23712680868,-329.828302487832,4.55499504390865,-104.350628560129,170.237017201285,-0.000109607394833387,760.587008713685
2,2,1,1,1,1,0,3,590.3499915124,760.587008713685,913.050294351616,1319.87877271478,1319.87888232218,0.776176801271965,0.646568973433851,0.447275919362006,0.447275882218637,-152.46328563793,-170.23712680868,-406.828478363165,97.1007103713404,-104.350628560129,170.237017201285,-0.000109607394833387,760.587008713685
2,2,1,1,1,2,0,1,584.808866336956,760.587008713685,523.684876308792,712.450191121718,712.450267571025,0.768891474133896,1.11671902854823,0.820841756553118,0.820841668472889,236.902132404893,-175.778218826036,-188.765314812926,-154.007632952958,-96.492304917924,175.778142376729,-7.64493067414261e-05,760.587008713685
2,2,1,1,1,2,0,2,584.48560664143,760.587008713685,764.679423680388,1090.2515083894,1090.25158483871,0.768466460701084,0.76435377825169,0.536101626224645,0.536101588632773,-4.09241496670304,-176.101478521562,-325.572084709013,11.0665413592095,-101.01429062123,176.101402072255,-7.64493067414261e-05,760.587008713685
2,2,1,1,1,2,0,3,584.48560664143,760.587008713685,923.062804406902,1325.45876159163,1325.45883804093,0.768466460701084,0.633202425502327,0.440968533747193,0.440968508313179,-162.475795693217,-176.101478521562,-402.395957184724,103.833486169562,-101.01429062123,176.101402072255,-7.64493067414261e-05,760.587008713685
2,2,1,0,0,0,1,1,630.985941987759,760.587008713685,773.545709682661,806.636729097301,806.63680903802,0.829603891150982,0.815706084449249,0.782243008812516,0.782242931289314,-12.958700968976,-129.601146666645,-33.0910194146399,26.8856186535348,-18.5162757656265,129.601066725926,-7.99407188604276e-05,760.587008713685
2,2,1,0,0,0,1,2,630.875020961286,760.587008713685,855.576776450411,935.930875575521,935.930955516239,0.829458055072792,0.737368098721239,0.674061554570843,0.674061496997189,-94.9897677367254,-129.712067693118,-80.3540991251099,83.9516700287681,-20.6939942011948,129.711987752399,-7.99407188604276e-05,760.587008713685
2,2,1,0,0,0,1,3,630.875020961286,760.587008713685,910.060253061667,1016.90618366686,1016.90626360758,0.829458055072792,0.693223353990977,0.62038665030673,0.620386601537087,-149.473244347982,-129.712067693118,-106.845930605197,115.9699974514,-20.6939942011948,129.711987752399,-7.99407188604276e-05,760.587008713685
2,2,1,0,0,1,1,1,631.316346479217,760.587008713685,771.945683992583,801.503194506172,801.503284885076,0.830038298375498,0.817824828314324,0.787665415192997,0.787665326374475,-11.3586752788975,-129.270752613373,-29.5575105135889,24.9828862839474,-17.3258374720316,129.270662234468,-9.03789045405408e-05,760.587008713685
2,2,1,0,0,1,1,2,631.253639861954,760.587008713685,857.519006726057,936.951606126426,936.951696505331,0.829955853347454,0.736139531498005,0.673731317321395,0.673731252332881,-96.9319980123715,-129.333459230636,-79.4325994003693,85.0248246885664,-19.9928636278013,129.333368851731,-9.03789045405408e-05,760.587008713685
2,2,1,0,0,1,1,3,631.253639861954,760.587008713685,911.645028823703,1017.37868208313,1017.37877246204,0.829955853347454,0.692433589723471,0.620470677220631,0.620470622101081,-151.058020110018,-129.333459230636,-105.733653259429,116.71222852432,-19.9928636278013,129.333368851731,-9.03789045405408e-05,760.587008713685
2,2,1,0,0,2,1,1,595.68240873203,760.587008713685,696.73251704268,760.948373601729,760.948564742435,0.783187724622665,0.854965706581971,0.782815798544308,0.782815601910828,63.8544916710055,-164.904791122361,-64.2158565590497,-19.2701043833694,-47.2474437796286,164.904599981655,-0.000191140705731745,760.587008713685
2,2,1,0,0,2,1,2,595.49190438867,760.587008713685,819.325406632627,951.935308526227,951.935499666932,0.782937254471087,0.726807565795014,0.625559215059059,0.625559089451988,-58.7383979189416,-165.095295465721,-132.6099018936,70.632210468861,-51.3176700829479,165.095104325016,-0.000191140705731745,760.587008713685
2,2,1,0,0,2,1,3,595.49190438867,760.587008713685,899.643862585483,1070.76309362433,1070.76328476504,0.782937254471087,0.661919598581251,0.556137868343071,0.556137769067549,-139.056853871798,-165.095295465721,-171.119231038851,121.279015067798,-51.3176700829479,165.095104325016,-0.000191140705731745,760.587008713685
3,0,0,0,0,0,0,1,657.146114482347,760.587008713685,644.772897237884,740.745587830396,740.745651685695,0.863998604963975,1.01919003931069,0.887141449478076,0.887141373002861,115.814111475801,-103.440958086638,-95.9726905925117,-72.1187742215717,-50.7641013066111,103.440894231338,-6.38552994707847e-05,760.587008713685
3,0,0,0,0,0,0,2,656.975258144597,760.587008713685,771.128810947825,939.902817637693,939.902881492992,0.863773967498712,0.851965649340844,0.698982113699592,0.698982066212013,-10.5418022341401,-103.611814424388,-168.774006689868,15.7824727992817,-54.118532908827,103.611750569088,-6.38552994707847e-05,760.587008713685
3,0,0,0,0,0,0,3,656.975258144597,760.587008713685,855.052009079586,1064.6325017072,1064.6325655625,0.863773967498712,0.76834537685233,0.617091115564386,0.61709107855205,-94.4650003659012,-103.611814424388,-209.58049262761,65.101653645791,-54.118532908827,103.611750569088,-6.38552994707847e-05,760.587008713685
3,0,0,0,0,1,0,1,657.283280523381,760.587008713685,666.803992211272,748.196632167442,748.196700802829,0.864178947304118,0.98572187359539,0.878490028242047,0.878489947654278,93.7830165024136,-103.303796825692,-81.3926399561702,-56.4107402525031,-43.281098089412,103.303728190305,-6.86353874463227e-05,760.587008713685
3,0,0,0,0,1,0,2,657.202321215731,760.587008713685,785.187585254808,935.191015109105,935.191083744492,0.864072504113895,0.837000397812526,0.702746616036573,0.702746564460711,-24.6005765411227,-103.384756133342,-150.003429854297,26.1944871529941,-46.6679525393151,103.384687497954,-6.86353874463227e-05,760.587008713685
3,0,0,0,0,1,0,3,657.202321215731,760.587008713685,861.862026264265,1049.13203786541,1049.1321065008,0.864072504113895,0.76253773943884,0.626424794492877,0.626424753511471,-101.27501755058,-103.384756133342,-187.270011601143,71.0912068881241,-46.6679525393151,103.384687497954,-6.86353874463227e-05,760.587008713685
3,0,0,0,0,2,0,1,649.621048995892,760.587008713685,652.618508178875,733.042620653418,733.042676331391,0.854104844749505,0.995407027006717,0.886198197339242,0.8861981300284,107.968500534811,-110.966015395766,-80.4241124745435,-62.869130661529,-48.9074775253055,110.965959717793,-5.56779727740279e-05,760.587008713685
3,0,0,0,0,2,0,2,649.449720937455,760.587008713685,773.404362510948,919.853731031227,919.8537867092,0.853879587078161,0.83972854617595,0.706035860950819,0.706035818215065,-12.8173537972625,-111.137343454203,-146.449368520279,21.7389440435695,-50.7904278475675,111.13728777623,-5.56779727740279e-05,760.587008713685
3,0,0,0,0,2,0,3,649.449720937455,760.587008713685,850.891041527739,1034.45352157681,1034.45357725478,0.853879587078161,0.763258383554486,0.627819140629444,0.627819106837984,-90.3040328140537,-111.137343454203,-183.562480049071,69.3321866670125,-50.7904278475675,111.13728777623,-5.56779727740279e-05,760.587008713685
3,0,0,0,1,0,0,1,636.600495250833,760.587008713685,580.735316136871,718.396021729325,718.396098284183,0.836985759627239,1.09619731668049,0.886141454010849,0.886141359580445,179.851692576814,-123.98659001771,-137.660705592454,-116.880536400436,-72.5517074075628,123.986513462852,-7.65548583211729e-05,760.587008713685
3,0,0,0,1,0,0,2,636.368925783007,760.587008713685,751.991308627157,988.322992702439,988.323069257297,0.836681298118991,0.846245054274322,0.643887606057752,0.64388755618264,8.59570008652873,-124.218159485537,-236.331684075282,2.25607428678987,-77.0981231344673,124.218082930679,-7.65548583211729e-05,760.587008713685
3,0,0,0,1,0,0,3,636.368925783007,760.587008713685,865.736286341506,1157.37488122233,1157.37495777719,0.836681298118991,0.735060936942152,0.549838203772766,0.54983816740358,-105.149277627821,-124.218159485537,-291.638594880827,69.1006327778603,-77.0981231344673,124.218082930679,-7.65548583211729e-05,760.587008713685
3,0,0,0,1,1,0,1,635.373114898791,760.587008713685,590.516998433566,723.796971861551,723.797051118228,0.83537203189066,1.07596075402438,0.877833342221175,0.877833246097332,170.070010280119,-125.213973071572,-133.279973427985,-109.551944230732,-69.98655370056,125.213893814895,-7.92566773849442e-05,760.587008713685
3,0,0,0,1,1,0,2,635.176185986536,760.587008713685,758.253165981431,988.152515721462,988.15259497814,0.83511311488314,0.837683526404281,0.642791649953738,0.642791598397399,2.33384273225409,-125.410901983827,-229.899349740031,7.02969299517223,-74.3964921418684,125.41082272715,-7.92566773849442e-05,760.587008713685
3,0,0,0,1,1,0,3,635.176185986536,760.587008713685,869.740022804274,1153.84644803438,1153.84652729106,0.83511311488314,0.730305803265851,0.550485887501391,0.550485849689012,-109.153014090589,-125.410901983827,-284.10642523011,72.4927813806709,-74.3964921418684,125.41082272715,-7.92566773849442e-05,760.587008713685
3,0,0,0,1,2,0,1,637.664038600781,760.587008713685,625.277109964454,742.845658584808,742.845693328419,0.838384078738351,1.01981030240661,0.858407168745647,0.858407128597114,135.309898749231,-122.923004856515,-117.568548620355,-86.6713527509069,-57.1934739225916,122.922970112904,-3.47436110169295e-05,760.587008713685
3,0,0,0,1,2,0,2,637.461455317669,760.587008713685,786.235824724959,992.541015223466,992.541049967077,0.838117727511218,0.810776404828241,0.642252003232478,0.642251980750634,-25.6488160112735,-123.125588139627,-206.305190498507,20.7665282808447,-57.9733572927395,123.125553396016,-3.47436110169295e-05,760.587008713685
3,0,0,0,1,2,0,3,637.461455317669,760.587008713685,889.323637973017,1145.35380467076,1145.35383941437,0.838117727511218,0.716793558721319,0.556562917692419,0.556562900809421,-128.736629259332,-123.125588139627,-256.03016669774,81.0272103570631,-57.9733572927395,123.125553396016,-3.47436110169295e-05,760.587008713685
3,0,0,1,0,0,0,1,662.461255172746,760.587008713685,618.248278743665,727.196099695853,727.196160283113,0.870986813583773,1.07151330290628,0.910980209395812,0.910980133496353,142.338729970021,-98.1258141281992,-108.947820952189,-92.5019212835453,-57.4190753592071,98.125753540939,-6.05872602606543e-05,760.587008713685
3,0,0,1,0,0,0,2,662.277985816322,760.587008713685,753.784175690598,940.822458627994,940.822519215255,0.870745855804684,0.878604257259129,0.703935136478486,0.703935091146343,6.8028330230873,-98.3090834846231,-187.038282937396,1.7855086271292,-61.0172124198685,98.3090228973628,-6.05872602606543e-05,760.587008713685
3,0,0,1,0,0,0,3,662.277985816322,760.587008713685,843.804544341919,1074.61397744108,1074.61403802834,0.870745855804684,0.784871319142789,0.616293850367898,0.616293815620952,-83.2175356282338,-98.3090834846231,-230.809433099157,54.6878162157113,-61.0172124198685,98.3090228973628,-6.05872602606543e-05,760.587008713685
3,0,0,1,0,1,0,1,663.432449497976,760.587008713685,628.496344941596,730.681297284563,730.68136259735,0.87226371460115,1.05558680625203,0.907964186251237,0.907964105091823,132.090663772089,-97.1546245284956,-102.184952342967,-85.3328123393849,-53.823395198036,97.154559215709,-6.5312786644344e-05,760.587008713685
3,0,0,1,0,1,0,2,663.305621877274,760.587008713685,759.826335987973,937.849336065574,937.849401378361,0.872096964946936,0.872970033362693,0.707262452900959,0.707262403646482,0.760672725711865,-97.2814521491983,-178.023000077601,6.08910350210183,-57.3990956546789,97.2813868364116,-6.5312786644344e-05,760.587008713685
3,0,0,1,0,1,0,3,663.305621877274,760.587008713685,846.207142140445,1066.22374616454,1066.22381147733,0.872096964946936,0.783857271872547,0.622107343100678,0.622107304992765,-85.6201334267597,-97.2814521491983,-220.016604024095,56.7517193270676,-57.3990956546789,97.2813868364116,-6.5312786644344e-05,760.587008713685
3,0,0,1,0,2,0,1,660.01570586479,760.587008713685,631.34825013585,733.413438591409,733.413471674045,0.867771469014461,1.04540672397963,0.899923114488349,0.899923073894836,129.238758577835,-100.571335931532,-102.065188455558,-83.5072038630735,-52.3396339408847,100.571302848896,-3.30826364932567e-05,760.587008713685
3,0,0,1,0,2,0,2,659.838373488839,760.587008713685,767.526171990803,944.80280702268,944.802840105317,0.867538317022751,0.859694949264538,0.698387397438161,0.698387372983856,-6.93916327711819,-100.748668307483,-177.276635031877,8.7150779885749,-53.5717255031528,100.748635224846,-3.30826364932567e-05,760.587008713685
3,0,0,1,0,2,0,3,659.838373488839,760.587008713685,855.041701470176,1074.49430930272,1074.49434238535,0.867538317022751,0.771703148927472,0.614092013122931,0.614091994215635,-94.454692756491,-100.748668307483,-219.452607832541,60.4777752666437,-53.5717255031528,100.748635224846,-3.30826364932567e-05,760.587008713685
3,0,0,1,1,0,0,1,643.035634837231,760.587008713685,590.069966448885,720.585815465348,720.585888046861,0.845446513640485,1.08976167471647,0.892378979763797,0.892378889878305,170.5170422648,-117.551446457968,-130.515849016462,-110.814210752081,-68.7861336257096,117.551373876455,-7.25815132729536e-05,760.587008713685
3,0,0,1,1,0,0,2,642.816084272168,760.587008713685,752.437442068244,976.503055155342,976.503127736855,0.845157854272725,0.854311665439247,0.65828374102722,0.658283692098314,8.14956664544127,-117.77099702303,-224.065613087098,2.13897967264763,-73.096581592869,117.770924441517,-7.25815132729536e-05,760.587008713685
3,0,0,1,1,0,0,3,642.816084272168,760.587008713685,860.278835687838,1136.78082405863,1136.78089664014,0.845157854272725,0.747218294354763,0.565470555684722,0.565470519580396,-99.6918269741532,-117.77099702303,-276.501988370788,65.5141764366459,-73.096581592869,117.770924441517,-7.25815132729536e-05,760.587008713685
3,0,0,1,1,1,0,1,642.172207200895,760.587008713685,589.535520954954,721.54661817328,721.546693608438,0.844311301460362,1.0892850123105,0.889994064176567,0.889993971130832,171.051487758732,-118.414876947947,-132.011097218327,-111.079871765623,-69.2848649242211,118.41480151279,-7.5435157295556e-05,760.587008713685
3,0,0,1,1,1,0,2,641.967670766591,760.587008713685,752.662938318583,978.57862150193,978.578696937087,0.844042382280885,0.852928499708939,0.656020534948224,0.65602048437793,7.92407039510205,-118.619413382251,-225.915683183346,2.26451354202068,-73.5382621255791,118.619337947094,-7.5435157295556e-05,760.587008713685
3,0,0,1,1,1,0,3,641.967670766591,760.587008713685,861.379087309031,1140.157057083,1140.15713251816,0.844042382280885,0.745278914040174,0.563051964445155,0.563051927192471,-100.792078595346,-118.619413382251,-278.777969773971,66.1273401264464,-73.5382621255791,118.619337947094,-7.5435157295556e-05,760.587008713685
3,0,0,1,1,2,0,1,647.336011240243,760.587008713685,618.338845837106,743.275624702181,743.275643515608,0.851100536590845,1.04689526721207,0.870923234566747,0.870923212522368,142.248162876579,-113.251016286868,-124.936778865075,-94.8374895634952,-57.1284379251541,113.250997473442,-1.8813426383222e-05,760.587008713685
3,0,0,1,1,2,0,2,647.136961874496,760.587008713685,782.107856106324,997.638939808303,997.638958621729,0.850838831666271,0.827426750443638,0.648668507264606,0.648668495032047,-21.5208473926387,-113.450065652616,-215.531083701979,13.0493826862423,-57.5034880284329,113.450046839189,-1.8813426383222e-05,760.587008713685
3,0,0,1,1,2,0,3,647.136961874496,760.587008713685,887.033848761873,1153.2870996249,1153.28711843833,0.850838831666271,0.729551598034025,0.561123905820999,0.561123896667456,-126.446840048188,-113.450065652616,-266.253250863028,73.5095450671016,-57.5034880284329,113.450046839189,-1.8813426383222e-05,760.587008713685
3,0,0,0,0,0,1,1,669.106166689092,760.587008713685,888.630634581204,846.430636332622,846.430692712152,0.879723370269883,0.752963200514047,0.790503247363737,0.790503194709453,-128.043625867519,-91.4808984041231,42.1999982485816,107.169567250617,20.8443589037089,91.4808420245932,-5.63795299270299e-05,760.587008713685
3,0,0,0,0,0,1,2,669.10545838951,760.587008713685,889.154453843825,847.25625968653,847.25631606606,0.879722439016031,0.752518817734039,0.789732091961253,0.789732039409595,-128.56744513014,-91.481606703705,41.8981941572949,107.53396939885,20.8304528201961,91.4815503241751,-5.63795299270299e-05,760.587008713685
3,0,0,0,0,0,1,3,669.10545838951,760.587008713685,889.50236464967,847.77333727489,847.77339365442,0.879722439016031,0.752224485263776,0.789250415140802,0.789250362653229,-128.915355935985,-91.481606703705,41.7290273747799,107.738426287219,20.8304528201961,91.4815503241751,-5.63795299270299e-05,760.587008713685
3,0,0,0,0,1,1,1,669.411611172614,760.587008713685,773.021616217084,794.358130096674,794.358197558614,0.880124960725705,0.865967519056577,0.842707572076018,0.842707500507942,-12.4346075033989,-91.1754650030116,-21.3365138795901,21.5384296200204,-12.2717866675111,91.1753975410716,-6.74619399222114e-05,760.587008713685
3,0,0,0,0,1,1,2,669.315540060926,760.587008713685,828.551519873855,881.83888807906,881.838955541,0.879998648928913,0.807814027259075,0.758999800427173,0.758999742362604,-67.9645111601698,-91.2715361146988,-53.2873682052046,60.1748576141427,-13.7301180787003,91.2714686527589,-6.74619399222114e-05,760.587008713685
3,0,0,0,0,1,1,3,669.315540060926,760.587008713685,865.656023894039,936.987579575535,936.987647037475,0.879998648928913,0.773188797381781,0.714327014200267,0.714326962769614,-105.069015180354,-91.2715361146988,-71.3315556814953,82.020680844212,-13.7301180787003,91.2714686527589,-6.74619399222114e-05,760.587008713685
3,0,0,0,0,2,1,1,645.430854350836,760.587008713685,760.151900894597,795.174544447317,795.174671793984,0.848595685906333,0.849081418583904,0.811684502299354,0.811684372308648,0.435107819087807,-115.156281709517,-35.0226435527191,15.858733876572,-19.9525757840406,115.15615436285,-0.000127346667893867,760.587008713685
3,0,0,0,0,2,1,2,645.324773614489,760.587008713685,835.024764313509,913.26713958863,913.267266935298,0.848456213715602,0.772821120035912,0.70661118268765,0.706611084157261,-74.4377555998237,-115.262362445864,-78.2423752751207,69.0152691147099,-22.3896791783188,115.262235099196,-0.000127346667893867,760.587008713685
3,0,0,0,0,2,1,3,645.324773614489,760.587008713685,884.972076820344,987.464903024617,987.465030371285,0.848456213715602,0.729203542707365,0.653516668428267,0.653516584148654,-124.385068106659,-115.262362445864,-102.492826204273,98.8700113981927,-22.3896791783188,115.262235099196,-0.000127346667893867,760.587008713685
3,0,1,0,0,0,0,1,646.962526548585,760.587008713685,610.373742208957,728.475238024594,728.475308175593,0.85060948864054,1.05994488591074,0.888105034706401,0.888104949183316,150.213266504728,-113.624552316099,-118.101495815636,-96.2771912737677,-62.3215936102667,113.6244821651,-7.01509987665557e-05,760.587008713685
3,0,1,0,0,0,0,2,646.759842501768,760.587008713685,760.267672205241,964.73216487898,964.732235029978,0.85034300493191,0.850700175933786,0.670403523430672,0.670403474681936,0.319336508444636,-113.827236362916,-204.464492673739,7.99860382495548,-66.3009003241107,113.827166211917,-7.01509987665557e-05,760.587008713685
3,0,1,0,0,0,0,3,646.759842501768,760.587008713685,859.82437371985,1112.69692555723,1112.69699570822,0.85034300493191,0.752199940208367,0.581254272970942,0.581254236325235,-99.2373650061649,-113.827236362916,-252.872551837376,66.505132124462,-66.3009003241107,113.827166211917,-7.01509987665557e-05,760.587008713685
3,0,1,0,0,1,0,1,647.241490427454,760.587008713685,622.201117970735,731.344188461064,731.344266216204,0.850976263086688,1.04024482073961,0.885002575585397,0.885002481493596,138.38589074295,-113.345596041372,-109.143070490329,-88.1789461574106,-57.7085095071287,113.345518286231,-7.77551402096949e-05,760.587008713685
3,0,1,0,0,1,0,2,647.133731119516,760.587008713685,769.129741227227,963.339444671056,963.339522426196,0.850834583953724,0.841384354851428,0.671760857192438,0.671760802971825,-8.54273251354141,-113.45335534931,-194.209703443829,14.2633325958325,-61.8505135640716,113.45327759417,-7.77551402096949e-05,760.587008713685
3,0,1,0,0,1,0,3,647.133731119516,760.587008713685,864.707989890281,1105.37483957985,1105.37491733499,0.850834583953724,0.748384123525478,0.585442790940936,0.585442749759265,-104.120981176595,-113.45335534931,-240.666849689567,70.2470275668548,-61.8505135640716,113.45327759417,-7.77551402096949e-05,760.587008713685
3,0,1,0,0,2,0,1,643.233682838231,760.587008713685,639.290782824169,729.325134344567,729.325197142535,0.845706901996757,1.00616761592689,0.881957377509409,0.881957301569168,121.296225889516,-117.353388673422,-90.0343515203975,-71.5969941594622,-54.5099980974192,117.353325875454,-6.27979677796739e-05,760.587008713685
3,0,1,0,0,2,0,2,643.047889312426,760.587008713685,769.312025851603,931.980523905933,931.980586703901,0.845462625505473,0.835873959724721,0.689979965050569,0.689979918558893,-8.72501713791783,-117.539182199227,-162.66849805433,20.2760863774083,-57.522606237282,117.539119401259,-6.27979677796739e-05,760.587008713685
3,0,1,0,0,2,0,3,643.047889312426,760.587008713685,854.072198699023,1057.54693100093,1057.54699379889,0.845462625505473,0.752919823747872,0.60805612541829,0.608056089311442,-93.4851899853381,-117.539182199227,-203.474732301902,71.9332830083642,-57.522606237282,117.539119401259,-6.27979677796739e-05,760.587008713685
3,0,1,0,1,0,0,1,612.907131141874,760.587008713685,546.366322938979,710.333480176882,710.33357136109,0.805834341265479,1.12178790201593,0.862844210847633,0.862844100085915,214.220685774706,-147.67996875602,-163.967157237903,-139.215974577071,-86.4160703315926,147.679877571811,-9.11842085775363e-05,760.587008713685
3,0,1,0,1,0,0,2,612.631309605298,760.587008713685,750.348702135261,1031.84249686992,1031.84258805413,0.805471698289178,0.816462143350069,0.593725603920858,0.593725551453166,10.238306578424,-147.955790292596,-281.493794734656,2.68720173800084,-91.8312892871686,147.955699108387,-9.11842085775363e-05,760.587008713685
3,0,1,0,1,0,0,3,612.631309605298,760.587008713685,885.829924359455,1233.19957597983,1233.19966716404,0.805471698289178,0.691590216991476,0.496781965821336,0.496781929088704,-125.24291564577,-147.955790292596,-347.369651620374,82.305508105336,-91.8312892871686,147.955699108387,-9.11842085775363e-05,760.587008713685
3,0,1,0,1,1,0,1,613.255792655301,760.587008713685,547.254704687499,711.271386260852,711.271480455021,0.806292752347227,1.12060396631125,0.862196630570481,0.862196516389191,213.332304026186,-147.331310252553,-164.016681573353,-138.638242106006,-86.1886036617827,147.331216058384,-9.41941693945561e-05,760.587008713685
3,0,1,0,1,1,0,2,613.002757431315,760.587008713685,750.728785383705,1031.93754340681,1031.93763760098,0.805960068221561,0.816543563223039,0.594030870712937,0.594030816490431,9.85822332998007,-147.58434547654,-281.208758023102,2.80498494514748,-91.5398579726758,147.58425128237,-9.41941693945561e-05,760.587008713685
3,0,1,0,1,1,0,3,613.002757431315,760.587008713685,886.044059456828,1233.04715289494,1233.04724708911,0.805960068221561,0.691842297105523,0.497144619321418,0.497144581343859,-125.457050743143,-147.58434547654,-347.003093438115,82.286467468713,-91.5398579726758,147.58425128237,-9.41941693945561e-05,760.587008713685
3,0,1,0,1,2,0,1,616.399764261604,760.587008713685,599.222790697118,735.461895937745,735.461944102935,0.810426364373574,1.02866542099392,0.838112440177023,0.838112385289282,161.364218016567,-144.187292617272,-136.239105240627,-102.356669557007,-68.8932701552601,144.187244452082,-4.81651900971926e-05,760.587008713685
3,0,1,0,1,2,0,2,616.1609772382,760.587008713685,784.189454687836,1023.77000762562,1023.77005579081,0.810112413411135,0.785729741142052,0.601854882101141,0.601854853785745,-23.6024459741504,-144.426079640676,-239.580552937781,22.8378885192258,-71.0543653139445,144.426031475485,-4.81651900971926e-05,760.587008713685
3,0,1,0,1,2,0,3,616.1609772382,760.587008713685,903.985735957311,1201.48468761101,1201.4847357762,0.810112413411135,0.681604756280465,0.512832983717297,0.512832963158819,-143.398727243626,-144.426079640676,-297.4989516537,93.0706874159497,-71.0543653139445,144.426031475485,-4.81651900971926e-05,760.587008713685
3,0,1,1,0,0,0,1,637.34511976661,760.587008713685,588.02977451289,721.437245957855,721.43732205045,0.837964772557049,1.08386538809973,0.883438058317053,0.883437965137657,172.557234200795,-123.24196503967,-133.407471444965,-111.569089183298,-70.3433946252485,123.241888947075,-7.60925944015385e-05,760.587008713685
3,0,1,1,0,0,0,2,637.118996244428,760.587008713685,755.258246297347,985.016196935595,985.016273028189,0.837667471236371,0.843577676070276,0.646810680094925,0.646810630128742,5.32876241633871,-123.468088561852,-229.757950638248,4.76572076464918,-74.7828898105057,123.468012469257,-7.60925944015385e-05,760.587008713685
3,0,1,1,0,0,0,3,637.118996244428,760.587008713685,866.328221249649,1150.09239986649,1150.09247595908,0.837667471236371,0.735424496878799,0.553972008091166,0.553971971439185,-105.741212535964,-123.468088561852,-283.764178616841,70.0382592669295,-74.7828898105057,123.468012469257,-7.60925944015385e-05,760.587008713685
3,0,1,1,0,1,0,1,639.02081721647,760.587008713685,606.49157835743,727.036429443618,727.036511741618,0.840167935943569,1.0536351039649,0.878939199381654,0.878939099888799,154.095430356255,-121.566273795215,-120.544851086188,-98.6944654248426,-63.6825793935795,121.566191497215,-8.22980001721313e-05,760.587008713685
3,0,1,1,0,1,0,2,638.889933781037,760.587008713685,766.405294498518,979.468253721029,979.468336019029,0.839995853809726,0.833618893772233,0.652282431159842,0.652282376353027,-5.81828578483316,-121.697157230648,-213.06295922251,12.7615555368463,-68.1508364410262,121.697074932648,-8.22980001721313e-05,760.587008713685
3,0,1,1,0,1,0,3,638.889933781037,760.587008713685,870.753288134596,1134.53867373032,1134.53875602832,0.839995853809726,0.733720954588323,0.563127505984783,0.563127465136229,-110.166279420911,-121.697157230648,-263.785385595722,73.9104746881024,-68.1508364410262,121.697074932648,-8.22980001721313e-05,760.587008713685
3,0,1,1,0,2,0,1,637.963048518979,760.587008713685,618.62261464544,739.138401213822,739.138451009171,0.838777209195185,1.03126370329126,0.863117174633747,0.86311711648602,141.964394068245,-122.624009990056,-120.515786568382,-90.9958979278432,-59.7806590543593,122.623960194706,-4.97953493355947e-05,760.587008713685
3,0,1,1,0,2,0,2,637.756643864478,760.587008713685,779.580908828538,990.104113145194,990.104162940543,0.838505833728426,0.818076272317678,0.644130890274318,0.644130857879017,-18.9939001148532,-122.830414644556,-210.523204316655,17.6745833118373,-61.5896992304464,122.830364849207,-4.97953493355947e-05,760.587008713685
3,0,1,1,0,2,0,3,637.756643864478,760.587008713685,883.851239569611,1144.81077260598,1144.81082240133,0.838505833728426,0.721565593068616,0.557084768177648,0.557084743946369,-123.264230855926,-122.830414644556,-260.959533036372,78.6269327916891,-61.5896992304464,122.830364849207,-4.97953493355947e-05,760.587008713685
3,0,1,1,1,0,0,1,608.738646089026,760.587008713685,540.319624219118,708.914999297815,708.915093055834,0.800353725629015,1.12662694228215,0.858690599990106,0.858690486423431,220.267384494567,-151.848456382678,-168.595375078697,-143.145553330005,-88.8552929489591,151.848362624659,-9.37580190164457e-05,760.587008713685
3,0,1,1,1,0,0,2,608.455039077737,760.587008713685,750.059710644746,1039.49908804858,1039.4991818066,0.799980846513227,0.811208801702886,0.585334846440291,0.585334793645795,10.5272980689396,-152.132063393967,-289.439377403833,2.76305201945435,-94.4233645452968,152.131969635948,-9.37580190164457e-05,760.587008713685
3,0,1,1,1,0,0,3,608.455039077737,760.587008713685,889.365092660164,1246.53977137293,1246.53986513095,0.799980846513227,0.684145402264213,0.48811522347786,0.48811518676446,-128.778083946479,-152.132063393967,-357.174678712764,84.6287039661756,-94.4233645452968,152.131969635948,-9.37580190164457e-05,760.587008713685
3,0,1,1,1,1,0,1,608.951045180885,760.587008713685,541.105953316247,709.933325104061,709.933421733772,0.80063298242597,1.12538226838725,0.857758079030346,0.857757962280081,219.481055397438,-151.63606016251,-168.827371787814,-142.611747551486,-88.7120320217271,151.6359635328,-9.66297105683718e-05,760.587008713685
3,0,1,1,1,1,0,2,608.688636702134,760.587008713685,750.413872738634,1039.78281474184,1039.78291137155,0.800287974588938,0.811137238815596,0.585399785486221,0.585399731083508,10.1731359750508,-151.898468641262,-289.368942003208,2.88040779812995,-94.2103672933667,151.898372011551,-9.66297105683718e-05,760.587008713685
3,0,1,1,1,1,0,3,608.688636702134,760.587008713685,889.659959951471,1246.73492075687,1246.73501738658,0.800287974588938,0.684181219907139,0.488226187113305,0.488226149272741,-129.072951237785,-151.898468641262,-357.074960805398,84.6751296310634,-94.2103672933667,151.898372011551,-9.66297105683718e-05,760.587008713685
3,0,1,1,1,2,0,1,615.02833777729,760.587008713685,586.896173196661,742.661506980207,742.661546252069,0.808623248531991,1.04793380135263,0.828140858246584,0.828140814454585,173.690835517024,-145.558710208257,-155.765333783545,-114.65031025704,-71.5930025510771,145.558670936395,-3.92718619737613e-05,760.587008713685
3,0,1,1,1,2,0,2,614.778651439723,760.587008713685,790.828687612448,1060.59904366045,1060.59908293231,0.808294967435014,0.77738536938483,0.57965227775233,0.579652256288965,-30.2416788987625,-145.808396545824,-269.770356048003,20.4713214394614,-72.8784502861845,145.808357273962,-3.92718619737613e-05,760.587008713685
3,0,1,1,1,2,0,3,614.778651439723,760.587008713685,922.542467082026,1256.13249067945,1256.13252995131,0.808294967435014,0.666396045034381,0.4894218213456,0.489421806044264,-161.955458368341,-145.808396545824,-333.590023597426,96.1830302865117,-72.8784502861845,145.808357273962,-3.92718619737613e-05,760.587008713685
3,0,1,0,0,0,1,1,665.867964594808,760.587008713685,843.684782831561,827.272601096144,827.272659491273,0.875465866450878,0.789237850610548,0.804895464581477,0.8048954077659,-83.0977741178759,-94.7191025140058,16.4121817354171,74.2624050869475,7.46888708860294,94.7190441188773,-5.8395128459591e-05,760.587008713685
3,0,1,0,0,0,1,2,665.834943739451,760.587008713685,868.10518423492,865.763078917702,865.763137312831,0.875422451489829,0.766998004194924,0.769072925322499,0.769072873449059,-107.518175521235,-94.752123369363,2.34210531721797,91.2507966317444,6.82058687216614,94.7520649742346,-5.8395128459591e-05,760.587008713685
3,0,1,0,0,0,1,3,665.834943739451,760.587008713685,884.324751054213,889.869184144274,889.869242539402,0.875422451489829,0.752930349337957,0.748239129529739,0.748239080428683,-123.737742340528,-94.752123369363,-5.54443309006026,100.782556228857,6.82058687216614,94.7520649742346,-5.8395128459591e-05,760.587008713685
3,0,1,0,0,1,1,1,666.130144073853,760.587008713685,746.378142387462,782.694428976578,782.694500636599,0.875810573205058,0.892483456097847,0.851073061737337,0.85107298381688,14.2088663262234,-94.4569362998532,-36.3162865891158,2.019624945626,-20.0685185780118,94.4568646398323,-7.1660020899795e-05,760.587008713685
3,0,1,0,0,1,1,2,666.040762746971,760.587008713685,817.909404893519,895.52397649287,895.524048152891,0.875693056963184,0.814320948948717,0.743744199184235,0.743744139669669,-57.3223961798341,-94.5463176267349,-77.6145715993507,51.8586974843825,-22.0266097755633,94.546245966714,-7.1660020899795e-05,760.587008713685
3,0,1,0,0,1,1,3,666.040762746971,760.587008713685,865.017318534558,965.53497958817,965.535051248191,0.875693056963184,0.769973905118251,0.689815259754813,0.689815208558146,-104.430309820873,-94.5463176267349,-100.517661053612,79.5256589057561,-22.0266097755633,94.546245966714,-7.1660020899795e-05,760.587008713685
3,0,1,0,0,2,1,1,644.774776627604,760.587008713685,753.45220186102,784.181041921083,784.181179453265,0.847733091994373,0.855760690638392,0.82222693760619,0.822226793401423,7.13480685266508,-115.812369618263,-30.7288400600632,13.1489210887004,-22.6389978234139,115.812232086081,-0.000137532181527111,760.587008713685
3,0,1,0,0,2,1,2,644.664928869094,760.587008713685,825.460649312944,897.339752141526,897.339889673707,0.847588667020962,0.780975967062353,0.718417887239012,0.718417777129587,-64.8736405992583,-115.922217376773,-71.8791028285821,65.8269078671984,-25.4041990156726,115.922079844592,-0.000137532181527111,760.587008713685
3,0,1,0,0,2,1,3,644.664928869094,760.587008713685,873.392156819999,968.410562399874,968.410699932056,0.847588667020962,0.738116233166444,0.665693822330389,0.665693727789587,-112.805148106313,-115.922217376773,-95.0184055798755,95.4711078115022,-25.4041990156726,115.922079844592,-0.000137532181527111,760.587008713685
3,1,0,0,0,0,0,1,663.907676745258,760.587008713685,633.980913509028,733.804933317257,733.804993005948,0.8728885310151,1.04720451767323,0.904746815674814,0.904746742081484,126.606095204657,-96.6793916571187,-99.8240198082294,-81.0249615751684,-52.6835530829296,96.6793319684276,-5.96886910725481e-05,760.587008713685
3,1,0,0,0,0,0,2,663.736006174205,760.587008713685,760.938989212221,933.911267214345,933.911326903036,0.872662823017086,0.87225916345981,0.710705641397802,0.710705595974765,-0.351980498536052,-96.8510622281708,-172.972278002124,7.29518780301289,-56.0539705710491,96.8510025394797,-5.96886910725481e-05,760.587008713685
3,1,0,0,0,0,0,3,663.736006174205,760.587008713685,845.262131903626,1059.2353633139,1059.23542300259,0.872662823017086,0.785242803530541,0.626618057857942,0.626618022547556,-84.6751231899408,-96.8510622281708,-213.973231410271,56.8494042356861,-56.0539705710491,96.8510025394797,-5.96886910725481e-05,760.587008713685
3,1,0,0,0,1,0,1,664.081458422588,760.587008713685,663.911656386439,745.620832279365,745.620897640469,0.873117014640693,1.00025575998631,0.890642307287055,0.890642229213379,96.675352327246,-96.5056156522006,-81.7091758929262,-59.4088342499543,-43.1625532225746,96.5055502910974,-6.53611031927469e-05,760.587008713685
3,1,0,0,0,1,0,2,664.011513330111,760.587008713685,778.816292541253,927.045551609791,927.045616970894,0.873025052653865,0.852590681126433,0.71626632820477,0.716266277704604,-18.2292838275682,-96.5755607446777,-148.229259068538,20.6608870440568,-46.3854288313828,96.5754953835745,-6.53611031927469e-05,760.587008713685
3,1,0,0,0,1,0,3,664.011513330111,760.587008713685,853.575001905076,1038.14076686526,1038.14083222636,0.873025052653865,0.777918181586993,0.63961606607083,0.639616025800753,-92.9879931913908,-96.5755607446777,-184.565764960181,64.4235129839072,-46.3854288313828,96.5754953835745,-6.53611031927469e-05,760.587008713685
3,1,0,0,0,2,0,1,656.638436812572,760.587008713685,650.367552256705,730.412548317687,730.412601155604,0.863331123579257,1.00964206245239,0.898996653774591,0.898996588741334,110.21945645698,-103.94862473903,-80.0449960609814,-65.5000616705348,-48.5056613158593,103.948571901113,-5.28379169309359e-05,760.587008713685
3,1,0,0,0,2,0,2,656.472059746196,760.587008713685,767.260615597147,911.504335692158,911.504388530075,0.863112375343395,0.855605053095647,0.720207281567891,0.72020723981905,-6.67360688346219,-104.115001805406,-144.243720095011,16.6011280765496,-50.5439350569453,104.114948967489,-5.28379169309359e-05,760.587008713685
3,1,0,0,0,2,0,3,656.472059746196,760.587008713685,842.520022968347,1022.84762193181,1022.84767476973,0.863112375343395,0.779176805120107,0.641808267106633,0.64180823395232,-81.9330142546617,-104.115001805406,-180.327598963464,62.7817301102677,-50.5439350569453,104.114948967489,-5.28379169309359e-05,760.587008713685
3,1,0,0,1,0,0,1,635.547036413455,760.587008713685,579.2071954593,718.03754348153,718.037620686841,0.83560069937074,1.09727061644923,0.885116721518341,0.885116626348241,181.379813254386,-125.040049505542,-138.83034802223,-117.873618878116,-73.1681473347837,125.03997230023,-7.72053112598861e-05,760.587008713685
3,1,0,0,1,0,0,2,635.313499401776,760.587008713685,751.918274746562,990.257965129855,990.258042335166,0.835293650987053,0.844923605049913,0.641563634702464,0.641563584683057,8.66873396712353,-125.273586517221,-238.339690383293,2.27524315708731,-77.7531919552036,125.27350931191,-7.72053112598861e-05,760.587008713685
3,1,0,0,1,0,0,3,635.313499401776,760.587008713685,866.629693476422,1160.74621314534,1160.74629035065,0.835293650987053,0.733085312197487,0.547331959567831,0.547331923162861,-106.042684762737,-125.273586517221,-294.116519668913,69.6877504427998,-77.7531919552036,125.27350931191,-7.72053112598861e-05,760.587008713685
3,1,0,0,1,1,0,1,631.336237262097,760.587008713685,590.571823712193,725.916048022256,725.916129279645,0.830064450259045,1.06902532750999,0.869709712276178,0.869709614922864,170.015185001492,-129.250852708978,-135.344224310063,-108.92742358371,-70.8757738666545,129.250771451589,-8.12573893009473e-05,760.587008713685
3,1,0,0,1,1,0,2,631.14042720197,760.587008713685,760.775377702446,994.073359368209,994.073440625598,0.829807004289178,0.829601542978461,0.634903270723497,0.634903218825337,-0.1883689887604,-129.446662769104,-233.297981665763,9.25919222489566,-75.280397421824,129.446581511715,-8.12573893009473e-05,760.587008713685
3,1,0,0,1,1,0,3,631.14042720197,760.587008713685,874.302298602068,1162.80089981601,1162.8009810734,0.829807004289178,0.721878952178335,0.542776005162908,0.542775967233321,-113.715289888382,-129.446662769104,-288.498601213945,75.9163663677905,-75.280397421824,129.446581511715,-8.12573893009473e-05,760.587008713685
3,1,0,0,1,2,0,1,636.980032669934,760.587008713685,627.302835604805,748.046224594164,748.046262029654,0.837484765546027,1.01542667514933,0.851524961596476,0.851524918982461,133.28417310888,-123.607013479241,-120.74338898936,-86.0956026519447,-56.4578467435141,123.606976043751,-3.74354902561427e-05,760.587008713685
3,1,0,0,1,2,0,2,636.777651765064,760.587008713685,791.412857245043,1002.72154863991,1002.7215860754,0.837218680400538,0.804608676666849,0.635049334113531,0.635049310404673,-30.825848531358,-123.809394384111,-211.308691394868,22.5755098198825,-56.9557924314473,123.809356948621,-3.74354902561427e-05,760.587008713685
3,1,0,0,1,2,0,3,636.777651765064,760.587008713685,896.465828938619,1158.49994087046,1158.49997830595,0.837218680400538,0.710320049252724,0.549657042957298,0.549657025195812,-135.878820224934,-123.809394384111,-262.034111931846,83.4987928828463,-56.9557924314473,123.809356948621,-3.74354902561427e-05,760.587008713685
3,1,0,1,0,0,0,1,669.815934916647,760.587008713685,628.91679069192,729.698800906514,729.698856952663,0.880656555059294,1.06503108969269,0.917934816508574,0.917934746004541,131.670218021765,-90.7711298431877,-100.782010214594,-85.5687566230347,-53.1154252447476,90.771073797038,-5.60461496989751e-05,760.587008713685
3,1,0,1,0,0,0,2,669.646401887077,760.587008713685,754.294058737918,927.31352784496,927.31358389111,0.880433657445177,0.887778969129793,0.722135913883742,0.722135870238379,6.29294997576714,-90.9406628727582,-173.019469107042,1.65168194393304,-56.4438762668219,90.9406068266085,-5.60461496989751e-05,760.587008713685
3,1,0,1,0,0,0,3,669.646401887077,760.587008713685,837.567259006149,1051.07716164506,1051.07721769121,0.880433657445177,0.799513584952777,0.637104892317324,0.637104858345247,-76.9802502924633,-90.9406628727582,-213.509902638915,50.5888782748978,-56.4438762668219,90.9406068266085,-5.60461496989751e-05,760.587008713685
3,1,0,1,0,1,0,1,670.741163363976,760.587008713685,646.556203868845,736.581776566654,736.581838315734,0.881873021336957,1.03740581151401,0.910613301472684,0.91061322513421,114.03080484484,-89.8459070987892,-90.0255726978094,-72.9928687751071,-47.3361240749256,89.8458453497092,-6.1749079936149e-05,760.587008713685
3,1,0,1,0,1,0,2,670.649927102604,760.587008713685,764.541537849639,922.737645806963,922.737707556043,0.881753066275503,0.877192270009141,0.726804558316357,0.726804509679011,-3.95452913595374,-89.9371433601607,-158.196107957324,9.12320824023995,-50.5592317377895,89.9370816110808,-6.1749079936149e-05,760.587008713685
3,1,0,1,0,1,0,3,670.649927102604,760.587008713685,841.942945320949,1037.76467856483,1037.76474031391,0.881753066275503,0.796550325446284,0.646244703597037,0.646244665144183,-81.3559366072637,-89.9371433601607,-195.821733243884,54.4755410720923,-50.5592317377895,89.9370816110808,-6.1749079936149e-05,760.587008713685
3,1,0,1,0,2,0,1,667.865146745728,760.587008713685,648.500895850624,740.448525118896,740.448552470416,0.878091709553692,1.02986002181185,0.901973768721448,0.901973735403329,112.086112863062,-92.7218893194762,-91.9476292682724,-72.3273828552799,-45.9153922424859,92.7218619679568,-2.73515194312104e-05,760.587008713685
3,1,0,1,0,2,0,2,667.706013241924,760.587008713685,772.966146188875,933.239403521893,933.239430873412,0.877882484965339,0.863823100835738,0.715471304278528,0.715471283309389,-12.3791374751898,-92.8810228232804,-160.273257333018,11.1931549303105,-46.5625374150344,92.880995471761,-2.73515194312104e-05,760.587008713685
3,1,0,1,0,2,0,3,667.706013241924,760.587008713685,852.513886566561,1051.09297135415,1051.09299870567,0.877882484965339,0.783220102057296,0.635249241921673,0.635249225391231,-91.9268778528756,-92.8810228232804,-198.579084787592,58.0608219921447,-46.5625374150344,92.880995471761,-2.73515194312104e-05,760.587008713685
3,1,0,1,1,0,0,1,643.81888592668,760.587008713685,591.206130618807,720.85234555477,720.852417652669,0.846476311783861,1.08899223567388,0.893135591354974,0.893135502025733,169.380878094878,-116.768194884904,-129.646214935963,-110.075849740757,-68.3278079394616,116.768122787006,-7.20978987691823e-05,760.587008713685
3,1,0,1,1,0,0,2,643.600798238771,760.587008713685,752.491743066549,975.064394993168,975.064467091066,0.846189575768902,0.855292837654237,0.660059788403289,0.660059739597364,8.09526564713659,-116.986282572813,-222.572651926619,2.12472753672048,-72.6095351613422,116.986210474914,-7.20978987691823e-05,760.587008713685
3,1,0,1,1,0,0,3,643.600798238771,760.587008713685,859.614583714325,1134.27422455242,1134.27429665032,0.846189575768902,0.748708561292463,0.56741199289152,0.567411956825101,-99.0275750006397,-116.986282572813,-274.659640838093,65.0776519760957,-72.6095351613422,116.986210474914,-7.20978987691823e-05,760.587008713685
3,1,0,1,1,1,0,1,639.802992774894,760.587008713685,589.779251573935,723.293361763085,723.293438264797,0.841196320006751,1.08481773658104,0.884569148008388,0.884569054448774,170.807757139751,-120.784092440503,-133.51411018915,-110.51627737996,-69.8711911789247,120.784015938791,-7.6501712331768e-05,760.587008713685
3,1,0,1,1,1,0,2,639.598635790357,760.587008713685,754.057188833443,982.039642522345,982.039719024057,0.840927636763156,0.848209718389983,0.651296147421873,0.651296096685361,6.52981988024247,-120.988449425041,-227.982453688902,3.51062384285476,-74.0774246920063,120.988372923328,-7.6501712331768e-05,760.587008713685
3,1,0,1,1,1,0,3,639.598635790357,760.587008713685,863.996852082826,1145.43858280094,1145.43865930265,0.840927636763156,0.740278895980332,0.558387542897629,0.558387505603966,-103.409843369141,-120.988449425041,-281.44173071811,68.0931862035148,-74.0774246920063,120.988372923328,-7.6501712331768e-05,760.587008713685
3,1,0,1,1,2,0,1,648.385110681678,760.587008713685,620.31834157276,744.22960170966,744.229621067102,0.852479865227037,1.04524575081523,0.8712165025312,0.871216479870824,140.268667140925,-112.20191738945,-123.9112601369,-93.5638063840567,-56.4275376136131,112.201898032008,-1.93574424124162e-05,760.587008713685
3,1,0,1,1,2,0,2,648.188289303819,760.587008713685,782.569102466315,996.323187680976,996.323207038418,0.852221089602942,0.828282495770678,0.650580351153455,0.650580338513409,-21.9820937526301,-112.398738767308,-213.75408521466,13.2686891942006,-56.8165138844606,112.398719409866,-1.93574424124162e-05,760.587008713685
3,1,0,1,1,2,0,3,648.188289303819,760.587008713685,886.584456375577,1150.63642437444,1150.63644373188,0.852221089602942,0.731107211098265,0.563330236704629,0.563330227227585,-125.997447661891,-112.398738767308,-264.05196799886,73.1337202307355,-56.8165138844606,112.398719409866,-1.93574424124162e-05,760.587008713685
3,1,0,0,0,0,1,1,666.044690429197,760.587008713685,877.701169564772,842.477989554698,842.47804782713,0.875698220977532,0.758851319247381,0.790578150037181,0.790578095354555,-117.114160851087,-94.5423765569213,35.2231800100743,99.4706341156853,17.2020966735284,94.5423182844885,-5.82724327655277e-05,760.587008713685
3,1,0,0,0,0,1,2,666.034030044809,760.587008713685,885.585001253733,854.904175503104,854.904233775537,0.875684204981642,0.75208368378179,0.779074484754801,0.779074431651116,-124.997992540048,-94.553036941309,30.6808257506292,104.955131171779,16.992800777614,94.5529786688762,-5.82724327655277e-05,760.587008713685
3,1,0,0,0,0,1,3,666.034030044809,760.587008713685,890.821292531631,862.686540466873,862.686598739306,0.875684204981642,0.747662898977193,0.77204639089925,0.772046338749348,-130.234283817946,-94.553036941309,28.1347520647577,108.032344650872,16.992800777614,94.5529786688762,-5.82724327655277e-05,760.587008713685
3,1,0,0,0,1,1,1,666.400695656251,760.587008713685,769.030463374736,793.969627641956,793.969697926274,0.87616628738279,0.866546551006427,0.839327692717192,0.839327618417663,-8.44345466105031,-94.1863833417522,-24.9391642672205,18.9881231904392,-14.026821691102,94.1863130574342,-7.02843180646549e-05,760.587008713685
3,1,0,0,0,1,1,2,666.306354590749,760.587008713685,828.478748020724,887.583630066642,887.58370035096,0.876042250205687,0.804252802117842,0.750696984509191,0.750696925064402,-67.891739307039,-94.2807244072542,-59.1048820459173,60.2829119063482,-15.5504350885363,94.2806541229361,-7.02843180646549e-05,760.587008713685
3,1,0,0,0,1,1,3,666.306354590749,760.587008713685,868.377547288802,946.885697605907,946.885767890226,0.876042250205687,0.767300302352418,0.703681929376934,0.703681877144863,-107.790538575117,-94.2807244072542,-78.508150317105,83.7595291053774,-15.5504350885363,94.2806541229361,-7.02843180646549e-05,760.587008713685
3,1,0,0,0,2,1,1,642.709588452007,760.587008713685,778.759220738888,802.855592974055,802.855721526845,0.8450178363406,0.825299490954603,0.800529502536301,0.800529374355984,-18.172212025203,-117.877548814468,-24.0963722351666,30.3024448868787,-15.0376090270819,117.877420261678,-0.00012855278983731,760.587008713685
3,1,0,0,0,2,1,2,642.613334844581,760.587008713685,845.990293186836,908.432550615865,908.432679168655,0.844891284603161,0.759598945779702,0.707386953944931,0.707386853842228,-85.4032844731505,-117.973802421894,-62.4422574290291,78.100817301728,-17.0510697342154,117.973673869104,-0.00012855278983731,760.587008713685
3,1,0,0,0,2,1,3,642.613334844581,760.587008713685,890.483569928548,974.455223216104,974.455351768894,0.844891284603161,0.721645358258709,0.65945906957499,0.659458982577363,-129.896561214863,-117.973802421894,-83.971653287556,104.961719786756,-17.0510697342154,117.973673869104,-0.00012855278983731,760.587008713685
3,1,1,0,0,0,0,1,651.896751173559,760.587008713685,602.923677120298,723.601137322309,723.601204432569,0.85709687873325,1.08122599246254,0.900906200321779,0.900906116767399,157.663331593388,-108.690324650387,-120.677460202011,-102.460947146463,-63.6009800006722,108.690257540127,-6.71102609024425e-05,760.587008713685
3,1,1,0,0,0,0,2,651.693750505231,760.587008713685,753.05176290308,960.227131333215,960.227198443476,0.856829978738901,0.865403658299524,0.67868708271177,0.678687035278342,7.53524581060518,-108.893325318715,-207.175368430135,1.9777416786086,-67.5865029615206,108.893258208454,-6.71102609024425e-05,760.587008713685
3,1,1,0,0,0,0,3,651.693750505231,760.587008713685,852.76398624399,1108.42303415919,1108.42310126945,0.856829978738901,0.764213499887143,0.587946777016938,0.587946741419285,-92.1769775303051,-108.893325318715,-255.6590479152,60.5756655546381,-67.5865029615206,108.893258208454,-6.71102609024425e-05,760.587008713685
3,1,1,0,0,1,0,1,652.191998555471,760.587008713685,627.05148562423,732.394783511896,732.39485871171,0.85748506230532,1.04009321962807,0.890492413706382,0.890492322273649,133.535523089455,-108.395085358027,-105.343297887666,-85.2200242185214,-55.580082845374,108.395010158214,-7.5199813506252e-05,760.587008713685
3,1,1,0,0,1,0,2,652.09559109701,760.587008713685,768.158630102587,955.172628046767,955.172703246581,0.857358308288545,0.848907459400572,0.682699202164619,0.682699148416378,-7.5716213889014,-108.491492816489,-187.013997944181,13.1154327982887,-59.5324670005967,108.491417616675,-7.5199813506252e-05,760.587008713685
3,1,1,0,0,1,0,3,652.09559109701,760.587008713685,860.061409346811,1091.74606359109,1091.7461387909,0.857358308288545,0.758196547374746,0.597296031416012,0.597295990274075,-99.4744006331255,-108.491492816489,-231.684654244279,66.9343712434728,-59.5324670005967,108.491417616675,-7.5199813506252e-05,760.587008713685
3,1,1,0,0,2,0,1,648.417005436306,760.587008713685,637.247104343987,726.923396112239,726.923457341849,0.852521799620161,1.01752836696499,0.892001838026119,0.892001762891764,123.339904369699,-112.17006450699,-89.6762917682522,-73.7211891933827,-54.3892541197517,112.170003277379,-6.1229610565444e-05,760.587008713685
3,1,1,0,0,2,0,2,648.23466603752,760.587008713685,764.17523093024,925.095392740296,925.095453969906,0.852282064525165,0.848280132357097,0.700721969998504,0.700721923619578,-3.58822221655502,-112.352403905776,-160.920161810055,16.2831226922215,-57.5994525907913,112.352342676166,-6.1229610565444e-05,760.587008713685
3,1,1,0,0,2,0,3,648.23466603752,760.587008713685,847.231682724789,1048.17606014085,1048.17612137046,0.852282064525165,0.765120898161796,0.618440632912767,0.61844059678632,-86.6446740111034,-112.352403905776,-200.944377416064,66.8888951995899,-57.5994525907913,112.352342676166,-6.1229610565444e-05,760.587008713685
3,1,1,0,1,0,0,1,610.246898236533,760.587008713685,542.507456540437,709.428237753735,709.428330580491,0.802336736290817,1.1248636140931,0.86019538800536,0.860195275451147,218.079552173248,-150.340203303908,-166.920781213298,-141.723742883819,-87.972727051697,150.340110477152,-9.2826756202127e-05,760.587008713685
3,1,1,0,1,0,0,2,609.966108186036,760.587008713685,750.164274300524,1036.7287602337,1036.72885306046,0.801967560841748,0.813110046802465,0.58835650324636,0.588356450566023,10.4227344131617,-150.620993354406,-286.564485933179,2.73560767254153,-93.4854931063911,150.620900527649,-9.2826756202127e-05,760.587008713685
3,1,1,0,1,0,0,3,609.966108186036,760.587008713685,888.085988833775,1241.71298703888,1241.71307986564,0.801967560841748,0.686832261577549,0.491229547047443,0.491229510324591,-127.49898012009,-150.620993354406,-353.626998205104,83.7881191729552,-93.4854931063911,150.620900527649,-9.2826756202127e-05,760.587008713685
3,1,1,0,1,1,0,1,607.235532216562,760.587008713685,539.689775140023,710.909646654644,710.909743671022,0.798377470637483,1.12515663662335,0.854166960701763,0.85416684413537,220.897233573662,-153.351573513501,-171.219871514621,-143.320410482365,-89.7477207610095,153.351476497124,-9.70163774969805e-05,760.587008713685
3,1,1,0,1,1,0,2,606.967127384061,760.587008713685,750.296918586961,1042.67763492491,1042.67773194129,0.798024578950634,0.808969239174228,0.58212347426803,0.582123420104113,10.2900901267247,-153.619978346002,-292.380716337948,2.93912264510712,-95.1846078940244,153.619881329624,-9.70163774969805e-05,760.587008713685
3,1,1,0,1,1,0,3,606.967127384061,760.587008713685,891.011620009723,1251.81567144062,1251.815768457,0.798024578950634,0.68121123647909,0.484869411073556,0.484869373495922,-130.424611296038,-153.619978346002,-360.804051430897,85.6098857132223,-95.1846078940244,153.619881329624,-9.70163774969805e-05,760.587008713685
3,1,1,0,1,2,0,1,614.022843245816,760.587008713685,599.498447798059,741.080130626862,741.080183648082,0.807301250496323,1.02422757807148,0.828551215813097,0.828551156533687,161.088560915627,-146.564218489089,-141.581682828804,-103.009123719312,-68.9135429980714,146.56416546787,-5.30212194094461e-05,760.587008713685
3,1,1,0,1,2,0,2,613.781480579993,760.587008713685,790.159993277888,1038.40067875864,1038.40073177986,0.806983913146279,0.776781266834063,0.591083473976289,0.591083443795295,-29.572984564203,-146.805581154912,-248.240685480751,25.0529326833999,-70.8180418581245,146.805528133693,-5.30212194094461e-05,760.587008713685
3,1,1,0,1,2,0,3,613.781480579993,760.587008713685,913.609843580799,1221.5999192489,1221.59997227012,0.806983913146279,0.671820126383862,0.502440668919964,0.502440647112484,-153.022834867114,-146.805581154912,-307.990075668103,96.8605132506713,-70.8180418581245,146.805528133693,-5.30212194094461e-05,760.587008713685
3,1,1,1,0,0,0,1,643.500697629172,760.587008713685,590.744574742554,720.744070243659,720.744142538022,0.846057966093148,1.08930445600725,0.892828292588833,0.89282820303354,169.842433971131,-117.086383378876,-129.999495501105,-110.375801871439,-68.5139983856364,117.086311084514,-7.22943625566931e-05,760.587008713685
3,1,1,1,0,0,0,2,643.282015661348,760.587008713685,752.469683803004,975.648836986114,975.648909280476,0.845770448734426,0.854894262862766,0.659337654363958,0.659337605507864,8.11732491068093,-117.3050653467,-223.179153183109,2.1305173312418,-72.8073931368272,117.304993052337,-7.22943625566931e-05,760.587008713685
3,1,1,1,0,0,0,3,643.282015661348,760.587008713685,859.884429754012,1135.29250673569,1135.29257903005,0.845770448734426,0.748102876854477,0.566622268573743,0.56662223249177,-99.297421040327,-117.3050653467,-275.408076981678,65.2549858819071,-72.8073931368272,117.304993052337,-7.22943625566931e-05,760.587008713685
3,1,1,1,0,1,0,1,645.164766271194,760.587008713685,617.090516731545,730.2915628321,730.291641889401,0.848245840225834,1.04549454055516,0.883434506307615,0.883434410671922,143.496491982141,-115.422321499792,-113.201046100556,-91.6425557077696,-59.694890820932,115.422242442492,-7.90573006522869e-05,760.587008713685
3,1,1,1,0,1,0,2,645.05240040178,760.587008713685,767.648917043484,967.940524174354,967.940603231654,0.848098104505756,0.840296112037946,0.666417392692598,0.66641733826244,-7.06190832979899,-115.534687369206,-200.291607130869,13.2470160807447,-63.8811458765281,115.534608311906,-7.90573006522869e-05,760.587008713685
3,1,1,1,0,1,0,3,645.05240040178,760.587008713685,865.951250365641,1114.02603210562,1114.02611116292,0.848098104505756,0.744906136609204,0.579028121257245,0.579028080166287,-105.364241651956,-115.534687369206,-248.074781739978,70.8336873845239,-63.8811458765281,115.534608311906,-7.90573006522869e-05,760.587008713685
3,1,1,1,0,2,0,1,644.300486922444,760.587008713685,623.343555730149,741.107039672799,741.10708227732,0.847109508236399,1.03362019387165,0.86937574794446,0.869375697966071,137.243452983536,-116.286564395763,-117.763483942649,-88.8956442447433,-57.0923504184907,116.286521791242,-4.2604521414563e-05,760.587008713685
3,1,1,1,0,2,0,2,644.102735682515,760.587008713685,779.75703443099,984.710104914012,984.710147518534,0.84684951005386,0.826030041720027,0.654103915932456,0.654103887631961,-19.1700257173048,-116.484315635691,-204.953070483022,16.0079728487707,-58.4599250362711,116.48427303117,-4.2604521414563e-05,760.587008713685
3,1,1,1,0,2,0,3,644.102735682515,760.587008713685,880.763991229055,1134.56368669617,1134.56372930069,0.84684951005386,0.731300032808684,0.567709634316019,0.567709612997694,-120.17698251537,-116.484315635691,-253.799695467113,74.8343803211006,-58.4599250362711,116.48427303117,-4.2604521414563e-05,760.587008713685
3,1,1,1,1,0,0,1,608.624520611571,760.587008713685,540.154076695333,708.876163892258,708.876257720743,0.80020367642209,1.12676095001474,0.858576647957478,0.858576534314306,220.432932018352,-151.9625819306,-168.722087196925,-143.253137991025,-88.922074391689,151.962488102114,-9.38284852269506e-05,760.587008713685
3,1,1,1,1,0,0,2,608.340700448259,760.587008713685,750.051798587627,1039.708711476,1039.70880530449,0.799830517059571,0.81106491790805,0.585106860925152,0.585106808122204,10.535210126058,-152.246402093911,-289.656912888376,2.76512866108225,-94.4943308130617,152.246308265426,-9.38284852269506e-05,760.587008713685
3,1,1,1,1,0,0,3,608.340700448259,760.587008713685,889.461879086189,1246.90500146235,1246.90509529083,0.799830517059571,0.683942409171322,0.487880552034685,0.487880515322113,-128.874870372504,-152.246402093911,-357.443122376157,84.6923088090573,-94.4943308130617,152.246308265426,-9.38284852269506e-05,760.587008713685
3,1,1,1,1,1,0,1,605.306546942734,760.587008713685,536.938596408647,710.314933147904,710.315031238447,0.79584129101342,1.12732917877644,0.852166438709372,0.85216632102994,223.648412305038,-155.280559861494,-173.376336739256,-145.097158847219,-90.8787546205789,155.280461770951,-9.80905432088221e-05,760.587008713685
3,1,1,1,1,1,0,2,605.033833487315,760.587008713685,750.15431171055,1046.18867633488,1046.18877442542,0.795482734461316,0.806545832027117,0.578321909970327,0.578321855746929,10.4326970031349,-155.553273316913,-296.034364624329,2.97254292069676,-96.3811010310371,155.55317522637,-9.80905432088221e-05,760.587008713685
3,1,1,1,1,1,0,3,605.033833487315,760.587008713685,892.629223647407,1257.94299234391,1257.94309043445,0.795482734461316,0.67781091797002,0.480970788954405,0.480970751449779,-132.042214933722,-155.553273316913,-365.313768696502,86.679406429468,-96.3811010310371,155.55317522637,-9.80905432088221e-05,760.587008713685
3,1,1,1,1,2,0,1,614.893374307152,760.587008713685,594.312314300885,750.557300094465,750.557339648317,0.808445802074727,1.03463004132849,0.819249075626554,0.819249032452695,166.2746944128,-145.693673960385,-156.24498579358,-110.382600529732,-68.9945722899821,145.693634406533,-3.95538521042032e-05,760.587008713685
3,1,1,1,1,2,0,2,614.647819907632,760.587008713685,799.450355020639,1070.03308987958,1070.03312943343,0.808122953542334,0.768838009824593,0.574419450875863,0.574419429642406,-38.8633463069536,-145.939228359905,-270.582734858944,24.218073525901,-69.6285901061758,145.939188806053,-3.95538521042032e-05,760.587008713685
3,1,1,1,1,2,0,3,614.647819907632,760.587008713685,931.482783039192,1266.0464747636,1266.04651431746,0.808122953542334,0.659859560583817,0.485485985040477,0.485485969872914,-170.895774325506,-145.939228359905,-334.563691724413,99.6070102082668,-69.6285901061758,145.939188806053,-3.95538521042032e-05,760.587008713685
3,1,1,0,0,0,1,1,662.782273956366,760.587008713685,836.482646294046,824.999606763033,824.999667064503,0.871408880723945,0.792344320462304,0.803372836208804,0.803372777488098,-75.8956375803608,-97.8047950587887,11.4830395310125,69.331459264839,4.88566728968979,97.8047347573195,-6.03014692079941e-05,760.587008713685
3,1,1,0,0,0,1,2,662.741711012328,760.587008713685,866.480760055144,872.281455793218,872.281516094687,0.87135554962103,0.764866043846317,0.759779663560149,0.759779611036017,-105.893751341459,-97.8453580028262,-5.80069573807384,90.2000639106577,4.08929284347202,97.845297701357,-6.03014692079941e-05,760.587008713685
3,1,1,0,0,0,1,3,662.741711012328,760.587008713685,886.404937490408,901.893486937973,901.893547239442,0.87135554962103,0.747673758326171,0.734833681150541,0.734833632018855,-125.817928776723,-97.8453580028262,-15.4885494475653,101.908913573476,4.08929284347202,97.845297701357,-6.03014692079941e-05,760.587008713685
3,1,1,0,0,1,1,1,663.09145642627,760.587008713685,741.546826116454,781.670152747324,781.67022657811,0.871815385786959,0.894200383674944,0.848300851830805,0.848300771706584,19.0401825972312,-97.4956261182006,-40.1233266308699,-1.1623110959672,-22.0023397865992,97.4955522874148,-7.38307858755405e-05,760.587008713685
3,1,1,0,0,1,1,2,662.999365867107,760.587008713685,817.467760161505,901.401247462095,901.401321292881,0.871694307517006,0.811040383704085,0.73552079912668,0.735520738882616,-56.8807514478201,-97.5877166773646,-83.9334873005901,51.702184016945,-24.06098602145,97.5876428465787,-7.38307858755405e-05,760.587008713685
3,1,1,0,0,1,1,3,662.999365867107,760.587008713685,867.568337023311,975.860182947389,975.860256778175,0.871694307517006,0.764204198763068,0.679399956523127,0.679399905121676,-106.981328309626,-97.5877166773646,-108.291845924078,81.1225507603625,-24.06098602145,97.5876428465787,-7.38307858755405e-05,760.587008713685
3,1,1,0,0,2,1,1,641.398094539139,760.587008713685,769.545829840019,791.030501252609,791.030641915976,0.843293518283831,0.833476148746696,0.810838638362838,0.810838494177155,-8.95882112633342,-119.189054837914,-21.4846714125901,25.8597578920809,-18.642552414327,119.188914174547,-0.00014066336761777,760.587008713685
3,1,1,0,0,2,1,2,641.295824751513,760.587008713685,835.188443668031,893.914366491922,893.914507155289,0.843159056629275,0.76784566359064,0.71740185502132,0.717401742133387,-74.6014349543455,-119.29132462554,-58.7259228238912,74.2540118601571,-21.1900250738921,119.291183962173,-0.00014066336761777,760.587008713685
3,1,1,0,0,2,1,3,641.295824751513,760.587008713685,878.72193281984,958.405831980094,958.405972643462,0.843159056629275,0.729805187283284,0.669127631899502,0.66912753369295,-118.134924106154,-119.29132462554,-79.6838991602547,101.506136503303,-21.1900250738921,119.291183962173,-0.00014066336761777,760.587008713685
3,2,0,0,0,0,0,1,662.454600107157,760.587008713685,618.238625074269,727.193835064178,727.193895655548,0.870978063676776,1.07151926980877,0.910973894668252,0.910973818763935,142.348383639416,-98.1324691978976,-108.955209989909,-92.5081949306874,-57.4229696244616,98.1324086065282,-6.05913693979231e-05,760.587008713685
3,2,0,0,0,0,0,2,662.271318321075,760.587008713685,753.783714310192,940.834682521288,940.834743112658,0.870737089555496,0.878595949671236,0.703918903740126,0.703918858406543,6.80329440349283,-98.3157509839798,-187.050968211096,1.78562972354472,-61.0213507172682,98.3156903926104,-6.05913693979231e-05,760.587008713685
3,2,0,0,0,0,0,3,662.271318321075,760.587008713685,843.81018830528,1074.63527531649,1074.63533590786,0.870737089555496,0.784858167748827,0.61627543179804,0.616275397050465,-83.2231795915951,-98.3157509839798,-230.825087011208,54.6915252420445,-61.0213507172682,98.3156903926104,-6.05913693979231e-05,760.587008713685
3,2,0,0,0,1,0,1,662.883777537026,760.587008713685,663.031502598352,744.597316230607,744.59738767421,0.871542334989529,0.999777197522672,0.890258080559246,0.890257995139601,97.5555061153332,-97.7033026202614,-81.5658136322549,-59.7436323314808,-43.6273161658358,97.7032311766588,-7.14436026292354e-05,760.587008713685
3,2,0,0,0,1,0,2,662.772541711165,760.587008713685,778.629136074269,927.148598508413,927.148669952016,0.871396085021298,0.851204393728142,0.71485039483145,0.714850339746986,-18.0421273605835,-97.814538446123,-148.519462434145,20.9545506735218,-46.9285477747863,97.8144670025203,-7.14436026292354e-05,760.587008713685
3,2,0,0,0,1,0,3,662.772541711165,760.587008713685,853.72938230591,1038.75387056156,1038.75394200516,0.871396085021298,0.776326263857788,0.638045797463902,0.638045753580275,-93.1423735922252,-97.814538446123,-185.024488255648,64.9913117173105,-46.9285477747863,97.8144670025203,-7.14436026292354e-05,760.587008713685
3,2,0,0,0,2,0,1,654.864591919544,760.587008713685,657.501428679469,738.874727997037,738.87478165165,0.860998918489365,0.995989610600207,0.886299892398228,0.886299828038098,103.085580034217,-105.722470448753,-81.3732993175688,-61.3214452708439,-46.161048732328,105.722416794141,-5.36546120701208e-05,760.587008713685
3,2,0,0,0,2,0,2,654.700613112597,760.587008713685,777.286923046281,923.987148590262,923.987202244874,0.86078332342257,0.842289499155276,0.708560302068575,0.708560260923494,-16.6999143325959,-105.8864492557,-146.700225543981,21.257534614228,-47.4484005183993,105.886395601088,-5.36546120701208e-05,760.587008713685
3,2,0,0,0,2,0,3,654.700613112597,760.587008713685,853.820663553279,1037.2119753776,1037.21202903222,0.86078332342257,0.766789375169231,0.631211968868995,0.631211936216623,-93.2336548395941,-105.8864492557,-183.391311824325,67.6756157500407,-47.4484005183993,105.886395601088,-5.36546120701208e-05,760.587008713685
3,2,0,0,1,0,0,1,626.370008894733,760.587008713685,579.755278225669,721.132543299616,721.132626165664,0.823534982478939,1.08040415054388,0.868592070507196,0.868591970696441,180.831730488016,-134.217082684999,-141.377265073947,-116.243946391426,-74.5846843368045,134.216999818952,-8.28660473580052e-05,760.587008713685
3,2,0,0,1,0,0,2,626.128376451971,760.587008713685,758.453291359607,1002.78933499929,1002.78941786534,0.823217290433198,0.825533204990871,0.624386752629767,0.62438670103323,2.13371735407874,-134.458715127762,-244.336043639684,8.06980935949321,-79.3286669879506,134.458632261714,-8.28660473580052e-05,760.587008713685
3,2,0,0,1,0,0,3,626.128376451971,760.587008713685,877.141117846445,1179.18746364731,1179.18754651335,0.823217290433198,0.713828554736141,0.530982897761916,0.530982860447704,-116.55410913276,-134.458715127762,-302.046345800862,77.8191338501216,-79.3286669879506,134.458632261714,-8.28660473580052e-05,760.587008713685
3,2,0,0,1,1,0,1,620.2134015984,760.587008713685,655.185988422624,755.710891430705,755.710986304851,0.815440435470115,0.946621894481564,0.820701949159708,0.820701846126408,105.401020291062,-140.373701989431,-100.524903008081,-59.5238984782408,-53.8582948113306,140.373607115285,-9.48741460044984e-05,760.587008713685
3,2,0,0,1,1,0,2,620.007790664566,760.587008713685,801.947653617141,987.140116471439,987.140211345585,0.815170103566628,0.773127507597354,0.628084889185541,0.628084828820239,-41.3606449034553,-140.579312923265,-185.192462854299,42.7167354929232,-57.8444599154806,140.579218049119,-9.48741460044984e-05,760.587008713685
3,2,0,0,1,1,0,3,620.007790664566,760.587008713685,898.922990329593,1131.26649279876,1131.2665876729,0.815170103566628,0.689722921022677,0.548065194727605,0.548065148763888,-138.335981615908,-140.579312923265,-232.343502469165,99.7152156671386,-57.8444599154806,140.579218049119,-9.48741460044984e-05,760.587008713685
3,2,0,0,1,2,0,1,621.548379433173,760.587008713685,662.320363380314,756.118912843205,756.118980839014,0.817195629576087,0.938440690938367,0.822024643049846,0.822024569127312,98.2666453333711,-139.038697276322,-93.7985494628905,-54.8070779739985,-49.7658070625679,139.038629280513,-6.79958089819717e-05,760.587008713685
3,2,0,0,1,2,0,2,621.356259957151,760.587008713685,808.911717375801,982.491940719412,982.492008715221,0.81694303589013,0.768138533056362,0.632428861963157,0.632428818194341,-48.3247086621162,-139.230816752344,-173.58022334361,44.3527865913247,-50.5348764967998,139.230748756535,-6.79958089819717e-05,760.587008713685
3,2,0,0,1,2,0,3,621.356259957151,760.587008713685,902.168890725518,1120.51512471739,1120.5151927132,0.81694303589013,0.688736074081939,0.554527329663548,0.554527296013371,-141.581882011833,-139.230816752344,-218.34623399187,100.040498017993,-50.5348764967998,139.230748756535,-6.79958089819717e-05,760.587008713685
3,2,0,1,0,0,0,1,653.202742876006,760.587008713685,604.818115568612,724.045549197283,724.045615501166,0.858813962626986,1.07999864101608,0.902156975621468,0.902156893007184,155.768893145074,-107.384332141562,-119.227433628672,-101.229805093564,-62.8367684326048,107.384265837679,-6.6303882797622e-05,760.587008713685
3,2,0,1,0,0,0,2,653.002181406871,760.587008713685,753.142304306949,957.828311517001,957.828377820884,0.85855026962824,0.867036916758742,0.681752850229131,0.681752803036061,7.44470440673632,-107.584893610697,-204.686007210052,1.95397768834578,-66.774402465461,107.584827306814,-6.6303882797622e-05,760.587008713685
3,2,0,1,0,0,0,3,653.002181406871,760.587008713685,851.656413490592,1104.24353386795,1104.24360017183,0.85855026962824,0.766743690369784,0.591357034366806,0.591356998859,-91.0694047769072,-107.584893610697,-252.587120377356,59.8478053178973,-66.774402465461,107.584827306814,-6.6303882797622e-05,760.587008713685
3,2,0,1,0,1,0,1,658.29409563426,760.587008713685,639.801394579664,736.253678380476,736.253752267381,0.865507940699087,1.02890381485765,0.894113150079328,0.894113060350409,120.785614134022,-102.292986966331,-96.4522838008121,-76.3436680885189,-51.184978212203,102.292913079425,-7.38869052067408e-05,760.587008713685
3,2,0,1,0,1,0,2,658.171927587334,760.587008713685,769.634371263864,941.182207932921,941.182281819827,0.86534731733118,0.855174810483723,0.699303410157795,0.699303355259433,-9.04736255017898,-102.415155013256,-171.547836669057,14.1669551288236,-54.8110857664505,102.415081126351,-7.38869052067408e-05,760.587008713685
3,2,0,1,0,1,0,3,658.171927587334,760.587008713685,854.459895921701,1067.24221406198,1067.24228794889,0.86534731733118,0.770278313503957,0.616703423941876,0.616703381246503,-93.8728872080158,-102.415155013256,-212.782318140283,63.9059378548818,-54.8110857664505,102.415081126351,-7.38869052067408e-05,760.587008713685
3,2,0,1,0,2,0,1,644.94660791227,760.587008713685,597.58346447089,706.898975314426,706.899039409882,0.847959011294464,1.07925778783607,0.912360366098142,0.91236028337324,163.003544242795,-115.640464896871,-109.315510843535,-101.953970385061,-66.208194989714,115.640400801415,-6.40954560181623e-05,760.587008713685
3,2,0,1,0,2,0,2,644.735478665314,760.587008713685,743.05352523238,933.926283701881,933.926347797337,0.847681424056531,0.867683762705629,0.690349431123967,0.690349383745218,17.5334834813049,-115.851594143827,-190.872758469501,1.63282340386769,-70.0146756710778,115.851530048371,-6.40954560181623e-05,760.587008713685
3,2,0,1,0,2,0,3,644.735478665314,760.587008713685,838.231229825813,1074.93564336637,1074.93570746183,0.847681424056531,0.769161844279283,0.599789841042201,0.599789805278385,-77.6442211121282,-115.851594143827,-236.704413540561,59.8908255427777,-70.0146756710778,115.851530048371,-6.40954560181623e-05,760.587008713685
3,2,0,1,1,0,0,1,623.489482346967,760.587008713685,561.716813266691,713.934515720895,713.934600371083,0.819747741157741,1.10997119477524,0.873314664885474,0.873314561337823,198.870195446994,-137.097611016907,-152.217702454204,-129.240124376237,-80.2237222537834,137.097526366718,-8.46501882669038e-05,760.587008713685
3,2,0,1,1,0,0,2,623.2334254555,760.587008713685,751.082352228556,1012.40504276868,1012.40512741887,0.819411084222331,0.829780414366398,0.615596919342784,0.615596867870904,9.5046564851294,-137.353667908374,-261.322690540126,2.4946439365046,-85.2509008765624,137.353583258185,-8.46501882669038e-05,760.587008713685
3,2,0,1,1,0,0,3,623.2334254555,760.587008713685,876.855346772411,1199.3334037363,1199.33348838648,0.819411084222331,0.710759679745969,0.519649851754261,0.519649815076842,-116.268338058726,-137.353667908374,-322.478056963885,76.4077120940903,-85.2509008765624,137.353583258185,-8.46501882669038e-05,760.587008713685
3,2,0,1,1,1,0,1,619.891663927031,760.587008713685,636.056512277427,747.811101892018,747.811196980589,0.815017423155044,0.97458582997206,0.828941509906256,0.828941404501491,124.530496436258,-140.695439875226,-111.754589614591,-73.6744207453634,-59.4741477310157,140.695344786655,-9.50885710074081e-05,760.587008713685
3,2,0,1,1,1,0,2,619.685561925972,760.587008713685,792.279018380483,994.106345557515,994.106440646086,0.814746445609152,0.782155714779229,0.62335942698207,0.623359367356305,-31.6920096667981,-140.901541876284,-201.827327177032,35.0627894602251,-63.6660112922122,140.901446787713,-9.50885710074081e-05,760.587008713685
3,2,0,1,1,1,0,3,619.685561925972,760.587008713685,895.738631792604,1147.86992869072,1147.87002377929,0.814746445609152,0.691815156711307,0.53985695281067,0.539856908089381,-135.151623078919,-140.901541876284,-252.131296898115,95.8509043496904,-63.6660112922122,140.901446787713,-9.50885710074081e-05,760.587008713685
3,2,0,1,1,2,0,1,617.550253076675,760.587008713685,587.637474234823,712.164856759956,712.164932655168,0.811938997118928,1.05090345689883,0.867145081949512,0.867144989538111,172.949534478862,-143.036831532222,-124.527382525133,-106.130712460071,-73.5161713261877,143.03675563701,-7.58952116343543e-05,760.587008713685
3,2,0,1,1,2,0,2,617.307253243302,760.587008713685,758.760366689379,979.211994590651,979.212070485862,0.811619507263607,0.813573402544384,0.630412266856842,0.630412217995851,1.82664202430618,-143.279831365595,-220.451627901272,14.5613269158209,-77.5376138692858,143.279755470383,-7.58952116343543e-05,760.587008713685
3,2,0,1,1,2,0,3,617.307253243302,760.587008713685,870.542770663601,1144.87074570836,1144.87082160357,0.811619507263607,0.709106173810091,0.539193839616679,0.539193803872707,-109.955761949916,-143.279831365595,-274.327975044762,82.4063671511106,-77.5376138692858,143.279755470383,-7.58952116343543e-05,760.587008713685
3,2,0,0,0,0,1,1,651.644179551112,760.587008713685,801.02504899901,812.550762418421,812.550829604813,0.856764804138821,0.813512861258746,0.80197350084517,0.801973434533372,-40.4380402853252,-108.942896348965,-11.5257134194101,44.5151569291632,-7.13733299280318,108.942829162573,-6.71863926312147e-05,760.587008713685
3,2,0,0,0,0,1,2,651.570218993246,760.587008713685,855.722193926994,898.762254562997,898.76232174939,0.856667562722626,0.761427275834842,0.724963933103818,0.724963878909611,-95.1351852133087,-109.016856906832,-43.0400606360036,82.565985786189,-8.58940457465725,109.01678972044,-6.71863926312147e-05,760.587008713685
3,2,0,0,0,0,1,3,651.570218993246,760.587008713685,892.050998778742,952.755434668777,952.75550185517,0.856667562722626,0.730418126189281,0.683879824017758,0.683879775791935,-131.463990065057,-109.016856906832,-60.7044358900349,103.915349684451,-8.58940457465725,109.01678972044,-6.71863926312147e-05,760.587008713685
3,2,0,0,0,1,1,1,651.930952258355,760.587008713685,805.202046119746,808.985967853932,808.986047802511,0.857141845429241,0.809648901663871,0.805861879147038,0.805861799507207,-44.6150374060612,-108.65613640391,-3.78392173418508,46.7586899320019,-3.94191178717263,108.656056455331,-7.99485790209287e-05,760.587008713685
3,2,0,0,0,1,1,2,651.920844736127,760.587008713685,861.385486042098,898.247656412519,898.247736361098,0.857128556322128,0.756828220697773,0.725769602717152,0.725769538119997,-100.798477328413,-108.666243926137,-36.8621703704211,86.4768882395803,-5.92299308723948,108.666163977558,-7.99485790209287e-05,760.587008713685
3,2,0,0,0,1,1,3,651.920844736127,760.587008713685,895.3435579309,948.69632704774,948.696406996319,0.857128556322128,0.728123678292485,0.687175470326577,0.6871754124169,-134.756549217215,-108.666243926137,-53.3527691168402,106.282947527826,-5.92299308723948,108.666163977558,-7.99485790209287e-05,760.587008713685
3,2,0,0,0,2,1,1,617.729002115226,760.587008713685,665.120423715096,744.55802108991,744.558185006749,0.812174011701747,0.928747607335284,0.829658649316507,0.829658466664531,95.4665849985896,-142.858170515299,-79.4375973748141,-46.8971959344159,-52.2568088496969,142.85800659846,-0.000163916839440695,760.587008713685
3,2,0,0,0,2,1,2,617.537493758739,760.587008713685,791.679290815602,942.30363225762,942.303796174459,0.811922221499847,0.780034921871634,0.655348735395629,0.655348621395564,-31.0922821019166,-143.049678871786,-150.624341442018,44.986547435482,-56.351761493066,143.049514954947,-0.000163916839440695,760.587008713685
3,2,0,0,0,2,1,3,617.537493758739,760.587008713685,874.921333507782,1065.5879067417,1065.58807065854,0.811922221499847,0.705820592215844,0.579527498249313,0.579527409101998,-114.334324794096,-143.049678871786,-190.666573233916,96.7067732869155,-56.351761493066,143.049514954947,-0.000163916839440695,760.587008713685
3,2,1,0,0,0,0,1,634.318693900318,760.587008713685,577.425392956095,717.619554608896,717.619632572641,0.833985706609801,1.09852926739671,0.883920581353197,0.883920485322158,183.161615757591,-126.268392777113,-140.194161652802,-119.031562010874,-73.886921854047,126.268314813368,-7.79637452575585e-05,760.587008713685
3,2,1,0,0,0,0,2,634.082862714747,760.587008713685,751.833116582568,992.514160445713,992.514238409458,0.833675641906002,0.843382459124638,0.638865305891451,0.638865255707453,8.75389213111709,-126.504223962683,-240.681043863145,2.29759423287661,-78.5170081129789,126.504145998938,-7.79637452575585e-05,760.587008713685
3,2,1,0,0,0,0,3,634.082862714747,760.587008713685,867.671414259825,1164.67721659795,1164.67729456169,0.833675641906002,0.730786853518342,0.544427978566388,0.544427942122264,-107.08440554614,-126.504223962683,-297.005802338121,70.3723349395737,-78.5170081129789,126.504145998938,-7.79637452575585e-05,760.587008713685
3,2,1,0,0,1,0,1,634.895412332075,760.587008713685,579.04462776115,715.793168763325,715.793259970315,0.834743960991154,1.09645333346217,0.886981659002114,0.886981545982152,181.542380952535,-125.6916875886,-136.748541002175,-118.48778673934,-72.2063117625596,125.69159638161,-9.12069898292785e-05,760.587008713685
3,2,1,0,0,1,0,2,634.746506014042,760.587008713685,755.076166500751,993.647246196623,993.647337403612,0.834548182840427,0.840639043019524,0.638804674841758,0.638804616205812,5.51084221293402,-125.840593906633,-238.571079695871,4.19133809526071,-77.1131465210886,125.840502699643,-9.12069898292785e-05,760.587008713685
3,2,1,0,0,1,0,3,634.746506014042,760.587008713685,870.04189173841,1164.49742008571,1164.4975112927,0.834548182840427,0.729558555790653,0.54508193411654,0.545081891424064,-109.454883024724,-125.840593906633,-294.455528347305,71.5722826947315,-77.1131465210886,125.840502699643,-9.12069898292785e-05,760.587008713685
3,2,1,0,0,2,0,1,630.53366226069,760.587008713685,618.088145350069,729.666690339666,729.666762883646,0.829009245539254,1.02013550495063,0.864139298954666,0.864139213041332,142.498863363617,-130.053418996975,-111.578544989597,-87.1566081383393,-62.2499945268568,130.053346452995,-7.25439803962683e-05,760.587008713685
3,2,1,0,0,2,0,2,630.321593406414,760.587008713685,772.440909221602,970.579544014204,970.579616558185,0.828730422930077,0.816012701918645,0.649428063154389,0.649428014614222,-11.853900507917,-130.265487851251,-198.138634792602,20.1834949545078,-65.3031970612069,130.265415307271,-7.25439803962683e-05,760.587008713685
3,2,1,0,0,2,0,3,630.321593406414,760.587008713685,873.07785851287,1119.79395330552,1119.7940258495,0.828730422930077,0.721953474435892,0.562890692118643,0.562890655652712,-112.490849799184,-130.265487851251,-246.716094792648,80.4774985332388,-65.3031970612069,130.265415307271,-7.25439803962683e-05,760.587008713685
3,2,1,0,1,0,0,1,593.720394795681,760.587008713685,518.534529701871,703.804485039865,703.804588070829,0.780608119772896,1.14499683393705,0.84358711462609,0.843586991132161,242.052479011814,-166.866716948968,-185.269955337994,-157.303071094941,-97.6433437068709,166.866613918004,-0.00010303096385442,760.587008713685
3,2,1,0,1,0,0,2,593.408738213817,760.587008713685,749.018529790988,1067.0843159944,1067.08441902536,0.780198361811882,0.792248408566617,0.556102952052883,0.556102898359077,11.5684789226975,-167.178373530832,-318.065786203412,3.03632602022394,-103.762114020058,167.178270499868,-0.00010303096385442,760.587008713685
3,2,1,0,1,0,0,3,593.408738213817,760.587008713685,902.101625292816,1294.60193404736,1294.60203707832,0.780198361811882,0.657806971605001,0.458371583270097,0.458371546790573,-141.514616579131,-167.178373530832,-392.500308754541,92.9987325975398,-103.762114020058,167.178270499868,-0.00010303096385442,760.587008713685
3,2,1,0,1,1,0,1,588.98344309557,760.587008713685,551.18590801677,719.59927977025,719.599396293069,0.774380098986527,1.06857493003549,0.818488094212125,0.818487961676522,209.401100696915,-171.603682140934,-168.413371753481,-132.664774467406,-88.8451922065832,171.603565618115,-0.000116522818924318,760.587008713685
3,2,1,0,1,1,0,2,588.733622173524,760.587008713685,770.161120622015,1064.83803212612,1064.83814864894,0.77405164094138,0.764429164767545,0.552885607398924,0.552885546897909,-9.57411190832982,-171.853503062981,-294.676911504102,19.6581245347416,-94.6958011450397,171.853386540162,-0.000116522818924318,760.587008713685
3,2,1,0,1,1,0,3,588.733622173524,760.587008713685,915.094801894619,1280.23780654981,1280.23792307263,0.77405164094138,0.643358066240356,0.45986270610156,0.459862664246451,-154.507793180934,-171.853503062981,-365.143004655195,104.741699715882,-94.6958011450397,171.853386540162,-0.000116522818924318,760.587008713685
3,2,1,0,1,2,0,1,592.050853305722,760.587008713685,607.058089329755,737.654528173215,737.654616019273,0.778413050082207,0.975278747968579,0.802612646833365,0.802612551251564,153.52891938393,-168.536243254022,-130.59643884346,-90.7740124153483,-71.5088736605241,168.536155407964,-8.78460582972615e-05,760.587008713685
3,2,1,0,1,2,0,2,591.79598232798,760.587008713685,795.943449382146,1032.01674186828,1032.01682971434,0.778077952355292,0.743515111264958,0.573436416599833,0.573436367788488,-35.3564406684607,-168.791114231763,-236.073292486133,39.4346932097575,-74.6065740654424,168.791026385705,-8.78460582972615e-05,760.587008713685
3,2,1,0,1,2,0,3,591.79598232798,760.587008713685,918.575290049291,1213.82480339749,1213.82489124355,0.778077952355292,0.644254193138839,0.487546457010556,0.487546421726196,-157.988281335605,-168.791114231763,-295.249513348198,112.553460319636,-74.6065740654424,168.791026385705,-8.78460582972615e-05,760.587008713685
3,2,1,1,0,0,0,1,611.674135459118,760.587008713685,544.577770665913,709.913907891558,709.913999837074,0.804213230638253,1.12320804925834,0.861617343539287,0.861617231945698,216.009238047773,-148.912965200083,-165.336137225645,-140.378304194664,-87.1375676905525,148.912873254567,-9.19455156517308e-05,760.587008713685
3,2,1,1,0,0,0,2,611.396011057931,760.587008713685,750.26322137771,1034.10723903601,1034.10733098153,0.803847559915508,0.814908679563452,0.591230762128569,0.591230709560508,10.3237873359753,-149.19108960127,-283.844017658301,2.70963748345328,-92.5979989100007,149.190997655754,-9.19455156517308e-05,760.587008713685
3,2,1,1,0,0,0,3,611.396011057931,760.587008713685,886.875591357736,1237.14547073974,1237.14556268526,0.803847559915508,0.689381934755846,0.494198964889999,0.494198928160789,-126.28858264405,-149.19108960127,-350.269879382007,82.9926859242068,-92.5979989100007,149.190997655754,-9.19455156517308e-05,760.587008713685
3,2,1,1,0,1,0,1,618.08746461583,760.587008713685,551.357277744592,709.219095151422,709.219195201317,0.812645308866302,1.12102893997193,0.871504262704411,0.871504139760883,209.229730969093,-142.499644147751,-157.86181740683,-136.697884434502,-83.2045379295884,142.499544097856,-0.000100049894958812,760.587008713685
3,2,1,1,0,1,0,2,617.897856676633,760.587008713685,751.777596172335,1025.43139996638,1025.43150001627,0.812396017283585,0.821915763149436,0.602573567278019,0.602573508485772,8.80941254135025,-142.689252086947,-273.653803794042,2.87399981512508,-88.7018586231273,142.689152037052,-0.000100049894958812,760.587008713685
3,2,1,1,0,1,0,3,617.897856676633,760.587008713685,883.333035468491,1220.94026005625,1220.94036010615,0.812396017283585,0.69950724343613,0.506083611861702,0.506083570390707,-122.746026754806,-142.689252086947,-337.607224587759,80.0218074398504,-88.7018586231273,142.689152037052,-0.000100049894958812,760.587008713685
3,2,1,1,0,2,0,1,607.143037777018,760.587008713685,560.073881294138,703.157870438517,703.157956592373,0.79825586135612,1.08404097754768,0.863451954819732,0.863451849025985,200.513127419548,-153.444057090523,-143.08398914438,-124.973441460506,-83.5780635522686,153.443970936668,-8.61538552930271e-05,760.587008713685
3,2,1,1,0,2,0,2,606.872525848217,760.587008713685,750.37786615401,1001.25069034417,1001.25077649803,0.797900199313907,0.808755899156094,0.606114464340205,0.60611441218634,10.2091425596755,-153.714569019323,-250.872824190161,9.66335783546794,-88.6945414770843,153.714482865468,-8.61538552930271e-05,760.587008713685
3,2,1,1,0,2,0,3,606.872525848217,760.587008713685,875.629708537617,1187.02386024245,1187.02394639631,0.797900199313907,0.693069821559334,0.511255541000046,0.511255503893267,-115.042699823932,-153.714569019323,-311.394151704834,85.3268426264845,-88.6945414770843,153.714482865468,-8.61538552930271e-05,760.587008713685
3,2,1,1,1,0,0,1,578.657782725125,760.587008713685,496.685086566034,698.678875390315,698.678987721614,0.760804189521668,1.16503957613431,0.828217086715066,0.828216953557059,263.901922147651,-181.929338319859,-201.993788824281,-171.502407210039,-106.457352531016,181.92922598856,-0.000112331299034453,760.587008713685
3,2,1,1,1,0,0,2,578.317993720114,760.587008713685,747.974273506476,1094.75102494139,1094.75113727269,0.760357443783024,0.773178990513912,0.528264400347171,0.528264346142499,12.6127352072087,-182.26912732487,-346.776751434914,3.31040721530853,-113.128448210029,182.269014993571,-0.000112331299034453,760.587008713685
3,2,1,1,1,0,0,3,578.317993720114,760.587008713685,914.875778982375,1342.80606231079,1342.80617464209,0.760357443783024,0.632127341225913,0.430678718209618,0.430678682181559,-154.28877026869,-182.26912732487,-427.930283328412,101.393484545095,-113.128448210029,182.269014993571,-0.000112331299034453,760.587008713685
3,2,1,1,1,1,0,1,576.944754271359,760.587008713685,525.472508142164,712.409081645278,712.409204500372,0.758551944302987,1.09795421326832,0.809850364258314,0.809850224599475,235.114500571521,-183.64237729742,-186.936573503114,-150.074300856781,-98.4260475953098,183.642254442326,-0.000122855093868993,760.587008713685
3,2,1,1,1,1,0,2,576.665735209193,760.587008713685,764.768059514673,1089.60537181801,1089.60549467311,0.758185097303276,0.754040036106043,0.529242742486688,0.529242682813561,-4.18105080098792,-183.921396359586,-324.83731230334,16.3086581967829,-104.763240309274,183.921273504493,-0.000122855093868993,760.587008713685
3,2,1,1,1,1,0,3,576.665735209193,760.587008713685,923.528193604998,1325.55623141852,1325.55635427362,0.758185097303276,0.624415950917724,0.435036795528532,0.435036755208492,-162.941184891313,-183.921396359586,-402.028037813526,109.523617640799,-104.763240309274,183.921273504493,-0.000122855093868993,760.587008713685
3,2,1,1,1,2,0,1,575.938171645668,760.587008713685,535.899912758483,699.983955360926,699.984054048055,0.757228515669368,1.07471219519536,0.822787675681371,0.822787559680794,224.687095955203,-184.648935755146,-164.084042602443,-138.367495050541,-95.84602790658,184.648837068017,-9.8687129694265e-05,760.587008713685
3,2,1,1,1,2,0,2,575.623382026442,760.587008713685,758.228830963183,1048.21799658687,1048.218095274,0.756814638472386,0.759168417923681,0.549144723617363,0.549144671916752,2.35817775050218,-184.963725374373,-289.989165623684,18.6504549693861,-101.706827969755,184.963626687244,-9.8687129694265e-05,760.587008713685
3,2,1,1,1,2,0,3,575.623382026442,760.587008713685,904.500693137962,1265.17675405661,1265.17685274374,0.756814638472386,0.636399050209067,0.454974674630077,0.454974639140853,-143.913684424277,-184.963725374373,-360.676060918645,106.88433198524,-101.706827969755,184.963626687244,-9.8687129694265e-05,760.587008713685
3,2,1,0,0,0,1,1,630.985941987759,760.587008713685,773.545709682661,806.636729097301,806.63680903802,0.829603891150982,0.815706084449249,0.782243008812516,0.782242931289314,-12.958700968976,-129.601146666645,-33.0910194146399,26.8856186535348,-18.5162757656265,129.601066725926,-7.99407188604276e-05,760.587008713685
3,2,1,0,0,0,1,2,630.875020961286,760.587008713685,855.576776450411,935.930875575521,935.930955516239,0.829458055072792,0.737368098721239,0.674061554570843,0.674061496997189,-94.9897677367254,-129.712067693118,-80.3540991251099,83.9516700287681,-20.6939942011948,129.711987752399,-7.99407188604276e-05,760.587008713685
3,2,1,0,0,0,1,3,630.875020961286,760.587008713685,910.060253061667,1016.90618366686,1016.90626360758,0.829458055072792,0.693223353990977,0.62038665030673,0.620386601537087,-149.473244347982,-129.712067693118,-106.845930605197,115.9699974514,-20.6939942011948,129.711987752399,-7.99407188604276e-05,760.587008713685
3,2,1,0,0,1,1,1,631.316346479217,760.587008713685,771.945683992583,801.503194506172,801.503284885076,0.830038298375498,0.817824828314324,0.787665415192997,0.787665326374475,-11.3586752788975,-129.270752613373,-29.5575105135889,24.9828862839474,-17.3258374720316,129.270662234468,-9.03789045405408e-05,760.587008713685
3,2,1,0,0,1,1,2,631.253639861954,760.587008713685,857.519006726057,936.951606126426,936.951696505331,0.829955853347454,0.736139531498005,0.673731317321395,0.673731252332881,-96.9319980123715,-129.333459230636,-79.4325994003693,85.0248246885664,-19.9928636278013,129.333368851731,-9.03789045405408e-05,760.587008713685
3,2,1,0,0,1,1,3,631.253639861954,760.587008713685,911.645028823703,1017.37868208313,1017.37877246204,0.829955853347454,0.692433589723471,0.620470677220631,0.620470622101081,-151.058020110018,-129.333459230636,-105.733653259429,116.71222852432,-19.9928636278013,129.333368851731,-9.03789045405408e-05,760.587008713685
3,2,1,0,0,2,1,1,595.68240873203,760.587008713685,696.73251704268,760.948373601729,760.948564742435,0.783187724622665,0.854965706581971,0.782815798544308,0.782815601910828,63.8544916710055,-164.904791122361,-64.2158565590497,-19.2701043833694,-47.2474437796286,164.904599981655,-0.000191140705731745,760.587008713685
3,2,1,0,0,2,1,2,595.49190438867,760.587008713685,819.325406632627,951.935308526227,951.935499666932,0.782937254471087,0.726807565795014,0.625559215059059,0.625559089451988,-58.7383979189416,-165.095295465721,-132.6099018936,70.632210468861,-51.3176700829479,165.095104325016,-0.000191140705731745,760.587008713685
3,2,1,0,0,2,1,3,595.49190438867,760.587008713685,899.643862585483,1070.76309362433,1070.76328476504,0.782937254471087,0.661919598581251,0.556137868343071,0.556137769067549,-139.056853871798,-165.095295465721,-171.119231038851,121.279015067798,-51.3176700829479,165.095104325016,-0.000191140705731745,760.587008713685
